deduplication_id,duplicate_record_id,canonical_record_id,match_method,match_key,action,manual_verification_status,notes
D000001,R000982,R000977,normalized_doi,10.2172/1784302,retain_as_linked_duplicate_exclude_from_screening_count,rule_verified,No fuzzy-only auto-merge was performed.
D000002,R000983,R000979,normalized_doi,10.1016/j.jobe.2020.101692,retain_as_linked_duplicate_exclude_from_screening_count,rule_verified,No fuzzy-only auto-merge was performed.
D000003,R000984,R000980,normalized_doi,10.2172/1508212,retain_as_linked_duplicate_exclude_from_screening_count,rule_verified,No fuzzy-only auto-merge was performed.
D000004,R000985,R000976,normalized_doi,10.1016/j.scs.2021.103445,retain_as_linked_duplicate_exclude_from_screening_count,rule_verified,No fuzzy-only auto-merge was performed.
D000005,R000994,R000979,normalized_doi,10.1016/j.jobe.2020.101692,retain_as_linked_duplicate_exclude_from_screening_count,rule_verified,No fuzzy-only auto-merge was performed.
D000006,R000995,R000980,normalized_doi,10.2172/1508212,retain_as_linked_duplicate_exclude_from_screening_count,rule_verified,No fuzzy-only auto-merge was performed.
D000007,R000996,R000976,normalized_doi,10.1016/j.scs.2021.103445,retain_as_linked_duplicate_exclude_from_screening_count,rule_verified,No fuzzy-only auto-merge was performed.
D000008,R001001,R000978,normalized_doi,10.3390/app11020763,retain_as_linked_duplicate_exclude_from_screening_count,rule_verified,No fuzzy-only auto-merge was performed.
D000009,R001002,R000977,normalized_doi,10.2172/1784302,retain_as_linked_duplicate_exclude_from_screening_count,rule_verified,No fuzzy-only auto-merge was performed.
D000010,R001003,R000980,normalized_doi,10.2172/1508212,retain_as_linked_duplicate_exclude_from_screening_count,rule_verified,No fuzzy-only auto-merge was performed.
D000011,R001004,R000998,normalized_doi,10.1016/j.rser.2021.111530,retain_as_linked_duplicate_exclude_from_screening_count,rule_verified,No fuzzy-only auto-merge was performed.
D000012,R001005,R000978,normalized_doi,10.3390/app11020763,retain_as_linked_duplicate_exclude_from_screening_count,rule_verified,No fuzzy-only auto-merge was performed.
D000013,R001006,R000986,normalized_doi,10.2172/1577966,retain_as_linked_duplicate_exclude_from_screening_count,rule_verified,No fuzzy-only auto-merge was performed.
D000014,R001011,R000990,normalized_doi,10.1016/j.buildenv.2016.08.022,retain_as_linked_duplicate_exclude_from_screening_count,rule_verified,No fuzzy-only auto-merge was performed.
D000015,R001012,R000976,normalized_doi,10.1016/j.scs.2021.103445,retain_as_linked_duplicate_exclude_from_screening_count,rule_verified,No fuzzy-only auto-merge was performed.
D000016,R001013,R000977,normalized_doi,10.2172/1784302,retain_as_linked_duplicate_exclude_from_screening_count,rule_verified,No fuzzy-only auto-merge was performed.
D000017,R001014,R000980,normalized_doi,10.2172/1508212,retain_as_linked_duplicate_exclude_from_screening_count,rule_verified,No fuzzy-only auto-merge was performed.
D000018,R001017,R000978,normalized_doi,10.3390/app11020763,retain_as_linked_duplicate_exclude_from_screening_count,rule_verified,No fuzzy-only auto-merge was performed.
D000019,R001019,R000986,normalized_doi,10.2172/1577966,retain_as_linked_duplicate_exclude_from_screening_count,rule_verified,No fuzzy-only auto-merge was performed.
D000020,R001021,R001008,normalized_doi,10.3390/su14053009,retain_as_linked_duplicate_exclude_from_screening_count,rule_verified,No fuzzy-only auto-merge was performed.
D000021,R001032,R001022,normalized_doi,10.1109/jsac.2022.3156632,retain_as_linked_duplicate_exclude_from_screening_count,rule_verified,No fuzzy-only auto-merge was performed.
D000022,R001033,R001026,normalized_doi,10.1109/ojcoms.2021.3057679,retain_as_linked_duplicate_exclude_from_screening_count,rule_verified,No fuzzy-only auto-merge was performed.
D000023,R001043,R001041,normalized_doi,10.1109/tsg.2022.3177765,retain_as_linked_duplicate_exclude_from_screening_count,rule_verified,No fuzzy-only auto-merge was performed.
D000024,R001044,R000992,normalized_doi,10.1016/j.rser.2020.109840,retain_as_linked_duplicate_exclude_from_screening_count,rule_verified,No fuzzy-only auto-merge was performed.
D000025,R001060,R001009,normalized_doi,10.1017/s0003055418000151,retain_as_linked_duplicate_exclude_from_screening_count,rule_verified,No fuzzy-only auto-merge was performed.
D000026,R001062,R001022,normalized_doi,10.1109/jsac.2022.3156632,retain_as_linked_duplicate_exclude_from_screening_count,rule_verified,No fuzzy-only auto-merge was performed.
D000027,R001063,R001025,normalized_doi,10.1109/comst.2023.3249835,retain_as_linked_duplicate_exclude_from_screening_count,rule_verified,No fuzzy-only auto-merge was performed.
D000028,R001064,R001026,normalized_doi,10.1109/ojcoms.2021.3057679,retain_as_linked_duplicate_exclude_from_screening_count,rule_verified,No fuzzy-only auto-merge was performed.
D000029,R001065,R001028,normalized_doi,10.1007/s11432-020-2955-6,retain_as_linked_duplicate_exclude_from_screening_count,rule_verified,No fuzzy-only auto-merge was performed.
D000030,R001072,R001024,normalized_doi,10.1016/j.cpc.2021.108171,retain_as_linked_duplicate_exclude_from_screening_count,rule_verified,No fuzzy-only auto-merge was performed.
D000031,R001073,R001027,normalized_doi,10.32614/rj-2017-066,retain_as_linked_duplicate_exclude_from_screening_count,rule_verified,No fuzzy-only auto-merge was performed.
D000032,R001075,R001074,exact_normalized_title_plus_year,array programming with numpy|2020,retain_as_linked_duplicate_exclude_from_screening_count,rule_verified,No fuzzy-only auto-merge was performed.
D000033,R001076,R000974,normalized_doi,10.1016/j.rser.2016.11.167,retain_as_linked_duplicate_exclude_from_screening_count,rule_verified,No fuzzy-only auto-merge was performed.
D000034,R001083,R001080,normalized_doi,10.1007/s10586-022-03713-0,retain_as_linked_duplicate_exclude_from_screening_count,rule_verified,No fuzzy-only auto-merge was performed.
D000035,R001092,R001079,normalized_doi,10.3390/electronics11152462,retain_as_linked_duplicate_exclude_from_screening_count,rule_verified,No fuzzy-only auto-merge was performed.
D000036,R001093,R001045,normalized_doi,10.1109/tpel.2015.2464277,retain_as_linked_duplicate_exclude_from_screening_count,rule_verified,No fuzzy-only auto-merge was performed.
D000037,R001095,R001047,normalized_doi,10.1016/j.adapen.2024.100170,retain_as_linked_duplicate_exclude_from_screening_count,rule_verified,No fuzzy-only auto-merge was performed.
D000038,R001096,R001049,normalized_doi,10.1109/access.2021.3099941,retain_as_linked_duplicate_exclude_from_screening_count,rule_verified,No fuzzy-only auto-merge was performed.
D000039,R001102,R001054,normalized_doi,10.1109/tpwrs.2022.3173250,retain_as_linked_duplicate_exclude_from_screening_count,rule_verified,No fuzzy-only auto-merge was performed.
D000040,R001103,R001088,normalized_doi,10.1016/j.rser.2023.114019,retain_as_linked_duplicate_exclude_from_screening_count,rule_verified,No fuzzy-only auto-merge was performed.
D000041,R001109,R001090,normalized_doi,10.1016/j.egyr.2025.03.020,retain_as_linked_duplicate_exclude_from_screening_count,rule_verified,No fuzzy-only auto-merge was performed.
D000042,R001113,R001080,normalized_doi,10.1007/s10586-022-03713-0,retain_as_linked_duplicate_exclude_from_screening_count,rule_verified,No fuzzy-only auto-merge was performed.
D000043,R001132,R001122,normalized_doi,10.1021/acs.chemrev.0c00767,retain_as_linked_duplicate_exclude_from_screening_count,rule_verified,No fuzzy-only auto-merge was performed.
D000044,R001133,R001123,normalized_doi,10.1038/s41586-019-1682-5,retain_as_linked_duplicate_exclude_from_screening_count,rule_verified,No fuzzy-only auto-merge was performed.
D000045,R001134,R001125,normalized_doi,10.3390/en15020589,retain_as_linked_duplicate_exclude_from_screening_count,rule_verified,No fuzzy-only auto-merge was performed.
D000046,R001135,R001128,normalized_doi,10.1109/tsg.2017.2763683,retain_as_linked_duplicate_exclude_from_screening_count,rule_verified,No fuzzy-only auto-merge was performed.
D000047,R001136,R001124,normalized_doi,10.1016/j.energy.2021.121608,retain_as_linked_duplicate_exclude_from_screening_count,rule_verified,No fuzzy-only auto-merge was performed.
D000048,R001138,R001131,normalized_doi,10.1016/j.est.2022.105241,retain_as_linked_duplicate_exclude_from_screening_count,rule_verified,No fuzzy-only auto-merge was performed.
D000049,R001143,R001124,normalized_doi,10.1016/j.energy.2021.121608,retain_as_linked_duplicate_exclude_from_screening_count,rule_verified,No fuzzy-only auto-merge was performed.
D000050,R001144,R001125,normalized_doi,10.3390/en15020589,retain_as_linked_duplicate_exclude_from_screening_count,rule_verified,No fuzzy-only auto-merge was performed.
D000051,R001145,R001126,normalized_doi,10.3390/smartcities4010022,retain_as_linked_duplicate_exclude_from_screening_count,rule_verified,No fuzzy-only auto-merge was performed.
D000052,R001146,R001141,normalized_doi,10.1016/j.apenergy.2018.02.038,retain_as_linked_duplicate_exclude_from_screening_count,rule_verified,No fuzzy-only auto-merge was performed.
D000053,R001148,R001139,normalized_doi,10.1109/access.2019.2958664,retain_as_linked_duplicate_exclude_from_screening_count,rule_verified,No fuzzy-only auto-merge was performed.
D000054,R001149,R001128,normalized_doi,10.1109/tsg.2017.2763683,retain_as_linked_duplicate_exclude_from_screening_count,rule_verified,No fuzzy-only auto-merge was performed.
D000055,R001150,R001131,normalized_doi,10.1016/j.est.2022.105241,retain_as_linked_duplicate_exclude_from_screening_count,rule_verified,No fuzzy-only auto-merge was performed.
D000056,R001152,R001125,normalized_doi,10.3390/en15020589,retain_as_linked_duplicate_exclude_from_screening_count,rule_verified,No fuzzy-only auto-merge was performed.
D000057,R001153,R001131,normalized_doi,10.1016/j.est.2022.105241,retain_as_linked_duplicate_exclude_from_screening_count,rule_verified,No fuzzy-only auto-merge was performed.
D000058,R001154,R001128,normalized_doi,10.1109/tsg.2017.2763683,retain_as_linked_duplicate_exclude_from_screening_count,rule_verified,No fuzzy-only auto-merge was performed.
D000059,R001162,R001123,normalized_doi,10.1038/s41586-019-1682-5,retain_as_linked_duplicate_exclude_from_screening_count,rule_verified,No fuzzy-only auto-merge was performed.
D000060,R001163,R001124,normalized_doi,10.1016/j.energy.2021.121608,retain_as_linked_duplicate_exclude_from_screening_count,rule_verified,No fuzzy-only auto-merge was performed.
D000061,R001165,R001131,normalized_doi,10.1016/j.est.2022.105241,retain_as_linked_duplicate_exclude_from_screening_count,rule_verified,No fuzzy-only auto-merge was performed.
D000062,R001167,R001156,normalized_doi,10.1109/access.2022.3217525,retain_as_linked_duplicate_exclude_from_screening_count,rule_verified,No fuzzy-only auto-merge was performed.
D000063,R001172,R001125,normalized_doi,10.3390/en15020589,retain_as_linked_duplicate_exclude_from_screening_count,rule_verified,No fuzzy-only auto-merge was performed.
D000064,R001173,R001131,normalized_doi,10.1016/j.est.2022.105241,retain_as_linked_duplicate_exclude_from_screening_count,rule_verified,No fuzzy-only auto-merge was performed.
D000065,R001177,R001171,normalized_doi,10.1016/j.rser.2022.113052,retain_as_linked_duplicate_exclude_from_screening_count,rule_verified,No fuzzy-only auto-merge was performed.
D000066,R001179,R000997,normalized_doi,10.1109/tsg.2020.3026971,retain_as_linked_duplicate_exclude_from_screening_count,rule_verified,No fuzzy-only auto-merge was performed.
D000067,R001180,R001042,normalized_doi,10.1016/j.rser.2021.111393,retain_as_linked_duplicate_exclude_from_screening_count,rule_verified,No fuzzy-only auto-merge was performed.
D000068,R001182,R001125,normalized_doi,10.3390/en15020589,retain_as_linked_duplicate_exclude_from_screening_count,rule_verified,No fuzzy-only auto-merge was performed.
D000069,R001183,R001131,normalized_doi,10.1016/j.est.2022.105241,retain_as_linked_duplicate_exclude_from_screening_count,rule_verified,No fuzzy-only auto-merge was performed.
D000070,R001185,R001174,normalized_doi,10.1146/annurev-environ-030117-020220,retain_as_linked_duplicate_exclude_from_screening_count,rule_verified,No fuzzy-only auto-merge was performed.
D000071,R001186,R001171,normalized_doi,10.1016/j.rser.2022.113052,retain_as_linked_duplicate_exclude_from_screening_count,rule_verified,No fuzzy-only auto-merge was performed.
D000072,R001187,R001176,normalized_doi,10.1109/tii.2020.2986883,retain_as_linked_duplicate_exclude_from_screening_count,rule_verified,No fuzzy-only auto-merge was performed.
D000073,R001188,R001178,normalized_doi,10.1016/j.ref.2020.10.001,retain_as_linked_duplicate_exclude_from_screening_count,rule_verified,No fuzzy-only auto-merge was performed.
D000074,R001190,R001042,normalized_doi,10.1016/j.rser.2021.111393,retain_as_linked_duplicate_exclude_from_screening_count,rule_verified,No fuzzy-only auto-merge was performed.
D000075,R001192,R001042,normalized_doi,10.1016/j.rser.2021.111393,retain_as_linked_duplicate_exclude_from_screening_count,rule_verified,No fuzzy-only auto-merge was performed.
D000076,R001193,R001125,normalized_doi,10.3390/en15020589,retain_as_linked_duplicate_exclude_from_screening_count,rule_verified,No fuzzy-only auto-merge was performed.
D000077,R001194,R001176,normalized_doi,10.1109/tii.2020.2986883,retain_as_linked_duplicate_exclude_from_screening_count,rule_verified,No fuzzy-only auto-merge was performed.
D000078,R001195,R000992,normalized_doi,10.1016/j.rser.2020.109840,retain_as_linked_duplicate_exclude_from_screening_count,rule_verified,No fuzzy-only auto-merge was performed.
D000079,R001196,R001131,normalized_doi,10.1016/j.est.2022.105241,retain_as_linked_duplicate_exclude_from_screening_count,rule_verified,No fuzzy-only auto-merge was performed.
D000080,R001200,R001174,normalized_doi,10.1146/annurev-environ-030117-020220,retain_as_linked_duplicate_exclude_from_screening_count,rule_verified,No fuzzy-only auto-merge was performed.
D000081,R001202,R001125,normalized_doi,10.3390/en15020589,retain_as_linked_duplicate_exclude_from_screening_count,rule_verified,No fuzzy-only auto-merge was performed.
D000082,R001203,R001131,normalized_doi,10.1016/j.est.2022.105241,retain_as_linked_duplicate_exclude_from_screening_count,rule_verified,No fuzzy-only auto-merge was performed.
D000083,R001204,R001197,normalized_doi,10.1111/poms.12876,retain_as_linked_duplicate_exclude_from_screening_count,rule_verified,No fuzzy-only auto-merge was performed.
D000084,R001205,R001160,normalized_doi,10.17775/cseejpes.2020.01610,retain_as_linked_duplicate_exclude_from_screening_count,rule_verified,No fuzzy-only auto-merge was performed.
D000085,R001207,R000992,normalized_doi,10.1016/j.rser.2020.109840,retain_as_linked_duplicate_exclude_from_screening_count,rule_verified,No fuzzy-only auto-merge was performed.
D000086,R001209,R001000,normalized_doi,10.1016/j.autcon.2022.104174,retain_as_linked_duplicate_exclude_from_screening_count,rule_verified,No fuzzy-only auto-merge was performed.
D000087,R001211,R001175,normalized_doi,10.1016/j.rser.2015.01.057,retain_as_linked_duplicate_exclude_from_screening_count,rule_verified,No fuzzy-only auto-merge was performed.
D000088,R001212,R001131,normalized_doi,10.1016/j.est.2022.105241,retain_as_linked_duplicate_exclude_from_screening_count,rule_verified,No fuzzy-only auto-merge was performed.
D000089,R001213,R001171,normalized_doi,10.1016/j.rser.2022.113052,retain_as_linked_duplicate_exclude_from_screening_count,rule_verified,No fuzzy-only auto-merge was performed.
D000090,R001215,R001160,normalized_doi,10.17775/cseejpes.2020.01610,retain_as_linked_duplicate_exclude_from_screening_count,rule_verified,No fuzzy-only auto-merge was performed.
D000091,R001217,R000992,normalized_doi,10.1016/j.rser.2020.109840,retain_as_linked_duplicate_exclude_from_screening_count,rule_verified,No fuzzy-only auto-merge was performed.
D000092,R001218,R000976,normalized_doi,10.1016/j.scs.2021.103445,retain_as_linked_duplicate_exclude_from_screening_count,rule_verified,No fuzzy-only auto-merge was performed.
D000093,R001219,R001206,normalized_doi,10.3390/en14092530,retain_as_linked_duplicate_exclude_from_screening_count,rule_verified,No fuzzy-only auto-merge was performed.
D000094,R001221,R001189,normalized_doi,10.3390/en13174541,retain_as_linked_duplicate_exclude_from_screening_count,rule_verified,No fuzzy-only auto-merge was performed.
D000095,R001222,R001066,normalized_doi,10.1109/comst.2022.3199901,retain_as_linked_duplicate_exclude_from_screening_count,rule_verified,No fuzzy-only auto-merge was performed.
D000096,R001223,R001035,normalized_doi,10.1109/access.2020.3001277,retain_as_linked_duplicate_exclude_from_screening_count,rule_verified,No fuzzy-only auto-merge was performed.
D000097,R001226,R001036,normalized_doi,10.1109/jsac.2016.2525418,retain_as_linked_duplicate_exclude_from_screening_count,rule_verified,No fuzzy-only auto-merge was performed.
D000098,R001230,R000981,normalized_doi,10.1016/j.scs.2023.105107,retain_as_linked_duplicate_exclude_from_screening_count,rule_verified,No fuzzy-only auto-merge was performed.
D000099,R001232,R001035,normalized_doi,10.1109/access.2020.3001277,retain_as_linked_duplicate_exclude_from_screening_count,rule_verified,No fuzzy-only auto-merge was performed.
D000100,R001233,R001036,normalized_doi,10.1109/jsac.2016.2525418,retain_as_linked_duplicate_exclude_from_screening_count,rule_verified,No fuzzy-only auto-merge was performed.
D000101,R001237,R001231,normalized_doi,10.3390/app8030408,retain_as_linked_duplicate_exclude_from_screening_count,rule_verified,No fuzzy-only auto-merge was performed.
D000102,R001239,R001000,normalized_doi,10.1016/j.autcon.2022.104174,retain_as_linked_duplicate_exclude_from_screening_count,rule_verified,No fuzzy-only auto-merge was performed.
D000103,R001242,R000992,normalized_doi,10.1016/j.rser.2020.109840,retain_as_linked_duplicate_exclude_from_screening_count,rule_verified,No fuzzy-only auto-merge was performed.
D000104,R001243,R001000,normalized_doi,10.1016/j.autcon.2022.104174,retain_as_linked_duplicate_exclude_from_screening_count,rule_verified,No fuzzy-only auto-merge was performed.
D000105,R001252,R001227,normalized_doi,10.1016/j.apenergy.2018.02.126,retain_as_linked_duplicate_exclude_from_screening_count,rule_verified,No fuzzy-only auto-merge was performed.
D000106,R001253,R001238,normalized_doi,10.3390/en17194794,retain_as_linked_duplicate_exclude_from_screening_count,rule_verified,No fuzzy-only auto-merge was performed.
D000107,R001256,R001000,normalized_doi,10.1016/j.autcon.2022.104174,retain_as_linked_duplicate_exclude_from_screening_count,rule_verified,No fuzzy-only auto-merge was performed.
D000108,R001258,R001241,normalized_doi,10.1145/3009972,retain_as_linked_duplicate_exclude_from_screening_count,rule_verified,No fuzzy-only auto-merge was performed.
D000109,R001262,R001066,normalized_doi,10.1109/comst.2022.3199901,retain_as_linked_duplicate_exclude_from_screening_count,rule_verified,No fuzzy-only auto-merge was performed.
D000110,R001263,R001035,normalized_doi,10.1109/access.2020.3001277,retain_as_linked_duplicate_exclude_from_screening_count,rule_verified,No fuzzy-only auto-merge was performed.
D000111,R001264,R001224,normalized_doi,10.1016/j.jii.2018.01.005,retain_as_linked_duplicate_exclude_from_screening_count,rule_verified,No fuzzy-only auto-merge was performed.
D000112,R001265,R001225,normalized_doi,10.1109/ojcoms.2021.3071496,retain_as_linked_duplicate_exclude_from_screening_count,rule_verified,No fuzzy-only auto-merge was performed.
D000113,R001266,R001036,normalized_doi,10.1109/jsac.2016.2525418,retain_as_linked_duplicate_exclude_from_screening_count,rule_verified,No fuzzy-only auto-merge was performed.
D000114,R001268,R001251,normalized_doi,10.3390/s24061888,retain_as_linked_duplicate_exclude_from_screening_count,rule_verified,No fuzzy-only auto-merge was performed.
D000115,R001270,R001236,normalized_doi,10.1145/3571072,retain_as_linked_duplicate_exclude_from_screening_count,rule_verified,No fuzzy-only auto-merge was performed.
D000116,R001272,R001122,normalized_doi,10.1021/acs.chemrev.0c00767,retain_as_linked_duplicate_exclude_from_screening_count,rule_verified,No fuzzy-only auto-merge was performed.
D000117,R001273,R001026,normalized_doi,10.1109/ojcoms.2021.3057679,retain_as_linked_duplicate_exclude_from_screening_count,rule_verified,No fuzzy-only auto-merge was performed.
D000118,R001274,R001131,normalized_doi,10.1016/j.est.2022.105241,retain_as_linked_duplicate_exclude_from_screening_count,rule_verified,No fuzzy-only auto-merge was performed.
D000119,R001275,R001139,normalized_doi,10.1109/access.2019.2958664,retain_as_linked_duplicate_exclude_from_screening_count,rule_verified,No fuzzy-only auto-merge was performed.
D000120,R001276,R001035,normalized_doi,10.1109/access.2020.3001277,retain_as_linked_duplicate_exclude_from_screening_count,rule_verified,No fuzzy-only auto-merge was performed.
D000121,R001278,R001159,normalized_doi,10.3390/en15030803,retain_as_linked_duplicate_exclude_from_screening_count,rule_verified,No fuzzy-only auto-merge was performed.
D000122,R001282,R001122,normalized_doi,10.1021/acs.chemrev.0c00767,retain_as_linked_duplicate_exclude_from_screening_count,rule_verified,No fuzzy-only auto-merge was performed.
D000123,R001283,R001026,normalized_doi,10.1109/ojcoms.2021.3057679,retain_as_linked_duplicate_exclude_from_screening_count,rule_verified,No fuzzy-only auto-merge was performed.
D000124,R001284,R001131,normalized_doi,10.1016/j.est.2022.105241,retain_as_linked_duplicate_exclude_from_screening_count,rule_verified,No fuzzy-only auto-merge was performed.
D000125,R001285,R001139,normalized_doi,10.1109/access.2019.2958664,retain_as_linked_duplicate_exclude_from_screening_count,rule_verified,No fuzzy-only auto-merge was performed.
D000126,R001286,R001035,normalized_doi,10.1109/access.2020.3001277,retain_as_linked_duplicate_exclude_from_screening_count,rule_verified,No fuzzy-only auto-merge was performed.
D000127,R001287,R001280,normalized_doi,10.1109/access.2023.3267164,retain_as_linked_duplicate_exclude_from_screening_count,rule_verified,No fuzzy-only auto-merge was performed.
D000128,R001288,R001277,normalized_doi,10.3390/en12193748,retain_as_linked_duplicate_exclude_from_screening_count,rule_verified,No fuzzy-only auto-merge was performed.
D000129,R001289,R001159,normalized_doi,10.3390/en15030803,retain_as_linked_duplicate_exclude_from_screening_count,rule_verified,No fuzzy-only auto-merge was performed.
D000130,R001290,R001208,normalized_doi,10.1016/j.egyr.2022.09.023,retain_as_linked_duplicate_exclude_from_screening_count,rule_verified,No fuzzy-only auto-merge was performed.
D000131,R001291,R001281,normalized_doi,10.1109/tcst.2023.3291549,retain_as_linked_duplicate_exclude_from_screening_count,rule_verified,No fuzzy-only auto-merge was performed.
D000132,R001292,R001131,normalized_doi,10.1016/j.est.2022.105241,retain_as_linked_duplicate_exclude_from_screening_count,rule_verified,No fuzzy-only auto-merge was performed.
D000133,R001293,R001139,normalized_doi,10.1109/access.2019.2958664,retain_as_linked_duplicate_exclude_from_screening_count,rule_verified,No fuzzy-only auto-merge was performed.
D000134,R001294,R001042,normalized_doi,10.1016/j.rser.2021.111393,retain_as_linked_duplicate_exclude_from_screening_count,rule_verified,No fuzzy-only auto-merge was performed.
D000135,R001295,R001176,normalized_doi,10.1109/tii.2020.2986883,retain_as_linked_duplicate_exclude_from_screening_count,rule_verified,No fuzzy-only auto-merge was performed.
D000136,R001296,R000992,normalized_doi,10.1016/j.rser.2020.109840,retain_as_linked_duplicate_exclude_from_screening_count,rule_verified,No fuzzy-only auto-merge was performed.
D000137,R001297,R001277,normalized_doi,10.3390/en12193748,retain_as_linked_duplicate_exclude_from_screening_count,rule_verified,No fuzzy-only auto-merge was performed.
D000138,R001298,R001159,normalized_doi,10.3390/en15030803,retain_as_linked_duplicate_exclude_from_screening_count,rule_verified,No fuzzy-only auto-merge was performed.
D000139,R001299,R001279,normalized_doi,10.1109/access.2021.3116678,retain_as_linked_duplicate_exclude_from_screening_count,rule_verified,No fuzzy-only auto-merge was performed.
D000140,R001300,R001280,normalized_doi,10.1109/access.2023.3267164,retain_as_linked_duplicate_exclude_from_screening_count,rule_verified,No fuzzy-only auto-merge was performed.
D000141,R001301,R001045,normalized_doi,10.1109/tpel.2015.2464277,retain_as_linked_duplicate_exclude_from_screening_count,rule_verified,No fuzzy-only auto-merge was performed.
D000142,R001302,R001131,normalized_doi,10.1016/j.est.2022.105241,retain_as_linked_duplicate_exclude_from_screening_count,rule_verified,No fuzzy-only auto-merge was performed.
D000143,R001303,R001159,normalized_doi,10.3390/en15030803,retain_as_linked_duplicate_exclude_from_screening_count,rule_verified,No fuzzy-only auto-merge was performed.
D000144,R001304,R001208,normalized_doi,10.1016/j.egyr.2022.09.023,retain_as_linked_duplicate_exclude_from_screening_count,rule_verified,No fuzzy-only auto-merge was performed.
D000145,R001312,R001026,normalized_doi,10.1109/ojcoms.2021.3057679,retain_as_linked_duplicate_exclude_from_screening_count,rule_verified,No fuzzy-only auto-merge was performed.
D000146,R001313,R001131,normalized_doi,10.1016/j.est.2022.105241,retain_as_linked_duplicate_exclude_from_screening_count,rule_verified,No fuzzy-only auto-merge was performed.
D000147,R001314,R001035,normalized_doi,10.1109/access.2020.3001277,retain_as_linked_duplicate_exclude_from_screening_count,rule_verified,No fuzzy-only auto-merge was performed.
D000148,R001315,R001159,normalized_doi,10.3390/en15030803,retain_as_linked_duplicate_exclude_from_screening_count,rule_verified,No fuzzy-only auto-merge was performed.
D000149,R001316,R001280,normalized_doi,10.1109/access.2023.3267164,retain_as_linked_duplicate_exclude_from_screening_count,rule_verified,No fuzzy-only auto-merge was performed.
D000150,R001318,R001281,normalized_doi,10.1109/tcst.2023.3291549,retain_as_linked_duplicate_exclude_from_screening_count,rule_verified,No fuzzy-only auto-merge was performed.
D000151,R001319,R001279,normalized_doi,10.1109/access.2021.3116678,retain_as_linked_duplicate_exclude_from_screening_count,rule_verified,No fuzzy-only auto-merge was performed.
D000152,R001321,R001220,normalized_doi,10.1109/tits.2020.3023899,retain_as_linked_duplicate_exclude_from_screening_count,rule_verified,No fuzzy-only auto-merge was performed.
D000153,R001323,R000974,normalized_doi,10.1016/j.rser.2016.11.167,retain_as_linked_duplicate_exclude_from_screening_count,rule_verified,No fuzzy-only auto-merge was performed.
D000154,R001324,R000977,normalized_doi,10.2172/1784302,retain_as_linked_duplicate_exclude_from_screening_count,rule_verified,No fuzzy-only auto-merge was performed.
D000155,R001325,R001229,normalized_doi,10.1016/j.apenergy.2022.119104,retain_as_linked_duplicate_exclude_from_screening_count,rule_verified,No fuzzy-only auto-merge was performed.
D000156,R001332,R000977,normalized_doi,10.2172/1784302,retain_as_linked_duplicate_exclude_from_screening_count,rule_verified,No fuzzy-only auto-merge was performed.
D000157,R001333,R001327,normalized_doi,10.1016/j.apenergy.2022.118612,retain_as_linked_duplicate_exclude_from_screening_count,rule_verified,No fuzzy-only auto-merge was performed.
D000158,R001341,R001329,normalized_doi,10.1016/j.rser.2021.111963,retain_as_linked_duplicate_exclude_from_screening_count,rule_verified,No fuzzy-only auto-merge was performed.
D000159,R001342,R001322,normalized_doi,10.1007/s00170-021-07682-3,retain_as_linked_duplicate_exclude_from_screening_count,rule_verified,No fuzzy-only auto-merge was performed.
D000160,R001343,R001326,normalized_doi,10.1109/access.2022.3156581,retain_as_linked_duplicate_exclude_from_screening_count,rule_verified,No fuzzy-only auto-merge was performed.
D000161,R001345,R001327,normalized_doi,10.1016/j.apenergy.2022.118612,retain_as_linked_duplicate_exclude_from_screening_count,rule_verified,No fuzzy-only auto-merge was performed.
D000162,R001346,R001100,normalized_doi,10.1109/access.2021.3059106,retain_as_linked_duplicate_exclude_from_screening_count,rule_verified,No fuzzy-only auto-merge was performed.
D000163,R001347,R001099,normalized_doi,10.3390/fi14050128,retain_as_linked_duplicate_exclude_from_screening_count,rule_verified,No fuzzy-only auto-merge was performed.
D000164,R001349,R001260,normalized_doi,10.1109/access.2019.2951459,retain_as_linked_duplicate_exclude_from_screening_count,rule_verified,No fuzzy-only auto-merge was performed.
D000165,R001350,R001271,normalized_doi,10.3390/buildings14113446,retain_as_linked_duplicate_exclude_from_screening_count,rule_verified,No fuzzy-only auto-merge was performed.
D000166,R001352,R000977,normalized_doi,10.2172/1784302,retain_as_linked_duplicate_exclude_from_screening_count,rule_verified,No fuzzy-only auto-merge was performed.
D000167,R001353,R001326,normalized_doi,10.1109/access.2022.3156581,retain_as_linked_duplicate_exclude_from_screening_count,rule_verified,No fuzzy-only auto-merge was performed.
D000168,R001354,R001334,normalized_doi,10.1016/j.jobe.2023.106148,retain_as_linked_duplicate_exclude_from_screening_count,rule_verified,No fuzzy-only auto-merge was performed.
D000169,R001356,R001337,normalized_doi,10.1109/tc.2015.2495244,retain_as_linked_duplicate_exclude_from_screening_count,rule_verified,No fuzzy-only auto-merge was performed.
D000170,R001358,R001338,normalized_doi,10.2172/1577968,retain_as_linked_duplicate_exclude_from_screening_count,rule_verified,No fuzzy-only auto-merge was performed.
D000171,R001361,R001260,normalized_doi,10.1109/access.2019.2951459,retain_as_linked_duplicate_exclude_from_screening_count,rule_verified,No fuzzy-only auto-merge was performed.
D000172,R001362,R000977,normalized_doi,10.2172/1784302,retain_as_linked_duplicate_exclude_from_screening_count,rule_verified,No fuzzy-only auto-merge was performed.
D000173,R001364,R001271,normalized_doi,10.3390/buildings14113446,retain_as_linked_duplicate_exclude_from_screening_count,rule_verified,No fuzzy-only auto-merge was performed.
D000174,R001365,R001344,normalized_doi,10.1016/j.renene.2021.03.008,retain_as_linked_duplicate_exclude_from_screening_count,rule_verified,No fuzzy-only auto-merge was performed.
D000175,R001366,R001355,normalized_doi,10.3390/en18020290,retain_as_linked_duplicate_exclude_from_screening_count,rule_verified,No fuzzy-only auto-merge was performed.
D000176,R001369,R001260,normalized_doi,10.1109/access.2019.2951459,retain_as_linked_duplicate_exclude_from_screening_count,rule_verified,No fuzzy-only auto-merge was performed.
D000177,R001370,R001338,normalized_doi,10.2172/1577968,retain_as_linked_duplicate_exclude_from_screening_count,rule_verified,No fuzzy-only auto-merge was performed.
D000178,R001372,R001025,normalized_doi,10.1109/comst.2023.3249835,retain_as_linked_duplicate_exclude_from_screening_count,rule_verified,No fuzzy-only auto-merge was performed.
D000179,R001373,R001027,normalized_doi,10.32614/rj-2017-066,retain_as_linked_duplicate_exclude_from_screening_count,rule_verified,No fuzzy-only auto-merge was performed.
D000180,R001374,R001028,normalized_doi,10.1007/s11432-020-2955-6,retain_as_linked_duplicate_exclude_from_screening_count,rule_verified,No fuzzy-only auto-merge was performed.
D000181,R001375,R001024,normalized_doi,10.1016/j.cpc.2021.108171,retain_as_linked_duplicate_exclude_from_screening_count,rule_verified,No fuzzy-only auto-merge was performed.
D000182,R001376,R001030,normalized_doi,10.1109/comst.2017.2705720,retain_as_linked_duplicate_exclude_from_screening_count,rule_verified,No fuzzy-only auto-merge was performed.
D000183,R001377,R001067,normalized_doi,10.1109/access.2020.2970118,retain_as_linked_duplicate_exclude_from_screening_count,rule_verified,No fuzzy-only auto-merge was performed.
D000184,R001378,R001031,normalized_doi,10.1109/access.2019.2909490,retain_as_linked_duplicate_exclude_from_screening_count,rule_verified,No fuzzy-only auto-merge was performed.
D000185,R001379,R001068,normalized_doi,10.1109/comst.2023.3239220,retain_as_linked_duplicate_exclude_from_screening_count,rule_verified,No fuzzy-only auto-merge was performed.
D000186,R001381,R001035,normalized_doi,10.1109/access.2020.3001277,retain_as_linked_duplicate_exclude_from_screening_count,rule_verified,No fuzzy-only auto-merge was performed.
D000187,R001382,R001035,normalized_doi,10.1109/access.2020.3001277,retain_as_linked_duplicate_exclude_from_screening_count,rule_verified,No fuzzy-only auto-merge was performed.
D000188,R001383,R001036,normalized_doi,10.1109/jsac.2016.2525418,retain_as_linked_duplicate_exclude_from_screening_count,rule_verified,No fuzzy-only auto-merge was performed.
D000189,R001384,R001037,normalized_doi,10.1109/ojcoms.2023.3257889,retain_as_linked_duplicate_exclude_from_screening_count,rule_verified,No fuzzy-only auto-merge was performed.
D000190,R001385,R001039,normalized_doi,10.1109/access.2021.3054833,retain_as_linked_duplicate_exclude_from_screening_count,rule_verified,No fuzzy-only auto-merge was performed.
D000191,R001388,R001234,normalized_doi,10.48550/arxiv.2004.14247,retain_as_linked_duplicate_exclude_from_screening_count,rule_verified,No fuzzy-only auto-merge was performed.
D000192,R001392,R001098,normalized_doi,10.1109/jestpe.2017.2690219,retain_as_linked_duplicate_exclude_from_screening_count,rule_verified,No fuzzy-only auto-merge was performed.
D000193,R001393,R001045,normalized_doi,10.1109/tpel.2015.2464277,retain_as_linked_duplicate_exclude_from_screening_count,rule_verified,No fuzzy-only auto-merge was performed.
D000194,R001394,R001049,normalized_doi,10.1109/access.2021.3099941,retain_as_linked_duplicate_exclude_from_screening_count,rule_verified,No fuzzy-only auto-merge was performed.
D000195,R001396,R001246,normalized_doi,10.1007/s12652-020-02521-x,retain_as_linked_duplicate_exclude_from_screening_count,rule_verified,No fuzzy-only auto-merge was performed.
D000196,R001397,R001248,normalized_doi,10.1109/comst.2021.3067807,retain_as_linked_duplicate_exclude_from_screening_count,rule_verified,No fuzzy-only auto-merge was performed.
D000197,R001398,R001269,normalized_doi,10.1109/comst.2018.2849509,retain_as_linked_duplicate_exclude_from_screening_count,rule_verified,No fuzzy-only auto-merge was performed.
D000198,R001399,R001260,normalized_doi,10.1109/access.2019.2951459,retain_as_linked_duplicate_exclude_from_screening_count,rule_verified,No fuzzy-only auto-merge was performed.
D000199,R001401,R001088,normalized_doi,10.1016/j.rser.2023.114019,retain_as_linked_duplicate_exclude_from_screening_count,rule_verified,No fuzzy-only auto-merge was performed.
D000200,R001402,R001054,normalized_doi,10.1109/tpwrs.2022.3173250,retain_as_linked_duplicate_exclude_from_screening_count,rule_verified,No fuzzy-only auto-merge was performed.
D000201,R001403,R001055,normalized_doi,10.1002/ett.3627,retain_as_linked_duplicate_exclude_from_screening_count,rule_verified,No fuzzy-only auto-merge was performed.
D000202,R001404,R001061,normalized_doi,10.1109/access.2024.3444313,retain_as_linked_duplicate_exclude_from_screening_count,rule_verified,No fuzzy-only auto-merge was performed.
D000203,R001405,R001088,normalized_doi,10.1016/j.rser.2023.114019,retain_as_linked_duplicate_exclude_from_screening_count,rule_verified,No fuzzy-only auto-merge was performed.
D000204,R001407,R001255,normalized_doi,10.3390/su16167039,retain_as_linked_duplicate_exclude_from_screening_count,rule_verified,No fuzzy-only auto-merge was performed.
D000205,R001408,R001257,normalized_doi,10.1109/access.2019.2906880,retain_as_linked_duplicate_exclude_from_screening_count,rule_verified,No fuzzy-only auto-merge was performed.
D000206,R001412,R001025,normalized_doi,10.1109/comst.2023.3249835,retain_as_linked_duplicate_exclude_from_screening_count,rule_verified,No fuzzy-only auto-merge was performed.
D000207,R001413,R001028,normalized_doi,10.1007/s11432-020-2955-6,retain_as_linked_duplicate_exclude_from_screening_count,rule_verified,No fuzzy-only auto-merge was performed.
D000208,R001414,R001067,normalized_doi,10.1109/access.2020.2970118,retain_as_linked_duplicate_exclude_from_screening_count,rule_verified,No fuzzy-only auto-merge was performed.
D000209,R001415,R001068,normalized_doi,10.1109/comst.2023.3239220,retain_as_linked_duplicate_exclude_from_screening_count,rule_verified,No fuzzy-only auto-merge was performed.
D000210,R001416,R001035,normalized_doi,10.1109/access.2020.3001277,retain_as_linked_duplicate_exclude_from_screening_count,rule_verified,No fuzzy-only auto-merge was performed.
D000211,R001419,R001225,normalized_doi,10.1109/ojcoms.2021.3071496,retain_as_linked_duplicate_exclude_from_screening_count,rule_verified,No fuzzy-only auto-merge was performed.
D000212,R001422,R001322,normalized_doi,10.1007/s00170-021-07682-3,retain_as_linked_duplicate_exclude_from_screening_count,rule_verified,No fuzzy-only auto-merge was performed.
D000213,R001423,R001125,normalized_doi,10.3390/en15020589,retain_as_linked_duplicate_exclude_from_screening_count,rule_verified,No fuzzy-only auto-merge was performed.
D000214,R001424,R001175,normalized_doi,10.1016/j.rser.2015.01.057,retain_as_linked_duplicate_exclude_from_screening_count,rule_verified,No fuzzy-only auto-merge was performed.
D000215,R001425,R000974,normalized_doi,10.1016/j.rser.2016.11.167,retain_as_linked_duplicate_exclude_from_screening_count,rule_verified,No fuzzy-only auto-merge was performed.
D000216,R001426,R001094,normalized_doi,10.1109/tpel.2015.2478859,retain_as_linked_duplicate_exclude_from_screening_count,rule_verified,No fuzzy-only auto-merge was performed.
D000217,R001428,R001280,normalized_doi,10.1109/access.2023.3267164,retain_as_linked_duplicate_exclude_from_screening_count,rule_verified,No fuzzy-only auto-merge was performed.
D000218,R001429,R001161,normalized_doi,10.1088/2516-1083/abe0ad,retain_as_linked_duplicate_exclude_from_screening_count,rule_verified,No fuzzy-only auto-merge was performed.
D000219,R001432,R001125,normalized_doi,10.3390/en15020589,retain_as_linked_duplicate_exclude_from_screening_count,rule_verified,No fuzzy-only auto-merge was performed.
D000220,R001433,R001280,normalized_doi,10.1109/access.2023.3267164,retain_as_linked_duplicate_exclude_from_screening_count,rule_verified,No fuzzy-only auto-merge was performed.
D000221,R001434,R001094,normalized_doi,10.1109/tpel.2015.2478859,retain_as_linked_duplicate_exclude_from_screening_count,rule_verified,No fuzzy-only auto-merge was performed.
D000222,R001435,R001161,normalized_doi,10.1088/2516-1083/abe0ad,retain_as_linked_duplicate_exclude_from_screening_count,rule_verified,No fuzzy-only auto-merge was performed.
D000223,R001436,R001427,normalized_doi,10.3390/wevj11010014,retain_as_linked_duplicate_exclude_from_screening_count,rule_verified,No fuzzy-only auto-merge was performed.
D000224,R001438,R001085,normalized_doi,10.1016/j.rser.2021.111547,retain_as_linked_duplicate_exclude_from_screening_count,rule_verified,No fuzzy-only auto-merge was performed.
D000225,R001440,R001175,normalized_doi,10.1016/j.rser.2015.01.057,retain_as_linked_duplicate_exclude_from_screening_count,rule_verified,No fuzzy-only auto-merge was performed.
D000226,R001441,R001431,normalized_doi,10.1016/j.apenergy.2017.01.005,retain_as_linked_duplicate_exclude_from_screening_count,rule_verified,No fuzzy-only auto-merge was performed.
D000227,R001442,R001322,normalized_doi,10.1007/s00170-021-07682-3,retain_as_linked_duplicate_exclude_from_screening_count,rule_verified,No fuzzy-only auto-merge was performed.
D000228,R001443,R001125,normalized_doi,10.3390/en15020589,retain_as_linked_duplicate_exclude_from_screening_count,rule_verified,No fuzzy-only auto-merge was performed.
D000229,R001444,R001094,normalized_doi,10.1109/tpel.2015.2478859,retain_as_linked_duplicate_exclude_from_screening_count,rule_verified,No fuzzy-only auto-merge was performed.
D000230,R001445,R001280,normalized_doi,10.1109/access.2023.3267164,retain_as_linked_duplicate_exclude_from_screening_count,rule_verified,No fuzzy-only auto-merge was performed.
D000231,R001446,R001045,normalized_doi,10.1109/tpel.2015.2464277,retain_as_linked_duplicate_exclude_from_screening_count,rule_verified,No fuzzy-only auto-merge was performed.
D000232,R001447,R001098,normalized_doi,10.1109/jestpe.2017.2690219,retain_as_linked_duplicate_exclude_from_screening_count,rule_verified,No fuzzy-only auto-merge was performed.
D000233,R001448,R001161,normalized_doi,10.1088/2516-1083/abe0ad,retain_as_linked_duplicate_exclude_from_screening_count,rule_verified,No fuzzy-only auto-merge was performed.
D000234,R001451,R001049,normalized_doi,10.1109/access.2021.3099941,retain_as_linked_duplicate_exclude_from_screening_count,rule_verified,No fuzzy-only auto-merge was performed.
D000235,R001452,R001125,normalized_doi,10.3390/en15020589,retain_as_linked_duplicate_exclude_from_screening_count,rule_verified,No fuzzy-only auto-merge was performed.
D000236,R001453,R001161,normalized_doi,10.1088/2516-1083/abe0ad,retain_as_linked_duplicate_exclude_from_screening_count,rule_verified,No fuzzy-only auto-merge was performed.
D000237,R001454,R001175,normalized_doi,10.1016/j.rser.2015.01.057,retain_as_linked_duplicate_exclude_from_screening_count,rule_verified,No fuzzy-only auto-merge was performed.
D000238,R001455,R001431,normalized_doi,10.1016/j.apenergy.2017.01.005,retain_as_linked_duplicate_exclude_from_screening_count,rule_verified,No fuzzy-only auto-merge was performed.
D000239,R001456,R001308,normalized_doi,10.1109/access.2023.3240102,retain_as_linked_duplicate_exclude_from_screening_count,rule_verified,No fuzzy-only auto-merge was performed.
D000240,R001459,R001326,normalized_doi,10.1109/access.2022.3156581,retain_as_linked_duplicate_exclude_from_screening_count,rule_verified,No fuzzy-only auto-merge was performed.
D000241,R001462,R001094,normalized_doi,10.1109/tpel.2015.2478859,retain_as_linked_duplicate_exclude_from_screening_count,rule_verified,No fuzzy-only auto-merge was performed.
D000242,R001463,R001280,normalized_doi,10.1109/access.2023.3267164,retain_as_linked_duplicate_exclude_from_screening_count,rule_verified,No fuzzy-only auto-merge was performed.
D000243,R001464,R001161,normalized_doi,10.1088/2516-1083/abe0ad,retain_as_linked_duplicate_exclude_from_screening_count,rule_verified,No fuzzy-only auto-merge was performed.
D000244,R001466,R001431,normalized_doi,10.1016/j.apenergy.2017.01.005,retain_as_linked_duplicate_exclude_from_screening_count,rule_verified,No fuzzy-only auto-merge was performed.
D000245,R001467,R001437,normalized_doi,10.1109/tsg.2015.2412779,retain_as_linked_duplicate_exclude_from_screening_count,rule_verified,No fuzzy-only auto-merge was performed.
D000246,R001469,R001175,normalized_doi,10.1016/j.rser.2015.01.057,retain_as_linked_duplicate_exclude_from_screening_count,rule_verified,No fuzzy-only auto-merge was performed.
D000247,R001470,R001450,normalized_doi,10.3390/en14144166,retain_as_linked_duplicate_exclude_from_screening_count,rule_verified,No fuzzy-only auto-merge was performed.
D000248,R001472,R001322,normalized_doi,10.1007/s00170-021-07682-3,retain_as_linked_duplicate_exclude_from_screening_count,rule_verified,No fuzzy-only auto-merge was performed.
D000249,R001473,R000979,normalized_doi,10.1016/j.jobe.2020.101692,retain_as_linked_duplicate_exclude_from_screening_count,rule_verified,No fuzzy-only auto-merge was performed.
D000250,R001474,R001131,normalized_doi,10.1016/j.est.2022.105241,retain_as_linked_duplicate_exclude_from_screening_count,rule_verified,No fuzzy-only auto-merge was performed.
D000251,R001476,R000974,normalized_doi,10.1016/j.rser.2016.11.167,retain_as_linked_duplicate_exclude_from_screening_count,rule_verified,No fuzzy-only auto-merge was performed.
D000252,R001477,R001178,normalized_doi,10.1016/j.ref.2020.10.001,retain_as_linked_duplicate_exclude_from_screening_count,rule_verified,No fuzzy-only auto-merge was performed.
D000253,R001481,R000977,normalized_doi,10.2172/1784302,retain_as_linked_duplicate_exclude_from_screening_count,rule_verified,No fuzzy-only auto-merge was performed.
D000254,R001482,R001131,normalized_doi,10.1016/j.est.2022.105241,retain_as_linked_duplicate_exclude_from_screening_count,rule_verified,No fuzzy-only auto-merge was performed.
D000255,R001483,R000979,normalized_doi,10.1016/j.jobe.2020.101692,retain_as_linked_duplicate_exclude_from_screening_count,rule_verified,No fuzzy-only auto-merge was performed.
D000256,R001484,R001178,normalized_doi,10.1016/j.ref.2020.10.001,retain_as_linked_duplicate_exclude_from_screening_count,rule_verified,No fuzzy-only auto-merge was performed.
D000257,R001485,R001208,normalized_doi,10.1016/j.egyr.2022.09.023,retain_as_linked_duplicate_exclude_from_screening_count,rule_verified,No fuzzy-only auto-merge was performed.
D000258,R001487,R000977,normalized_doi,10.2172/1784302,retain_as_linked_duplicate_exclude_from_screening_count,rule_verified,No fuzzy-only auto-merge was performed.
D000259,R001488,R000980,normalized_doi,10.2172/1508212,retain_as_linked_duplicate_exclude_from_screening_count,rule_verified,No fuzzy-only auto-merge was performed.
D000260,R001490,R000986,normalized_doi,10.2172/1577966,retain_as_linked_duplicate_exclude_from_screening_count,rule_verified,No fuzzy-only auto-merge was performed.
D000261,R001491,R000988,normalized_doi,10.1016/j.egypro.2015.07.226,retain_as_linked_duplicate_exclude_from_screening_count,rule_verified,No fuzzy-only auto-merge was performed.
D000262,R001492,R001322,normalized_doi,10.1007/s00170-021-07682-3,retain_as_linked_duplicate_exclude_from_screening_count,rule_verified,No fuzzy-only auto-merge was performed.
D000263,R001493,R001131,normalized_doi,10.1016/j.est.2022.105241,retain_as_linked_duplicate_exclude_from_screening_count,rule_verified,No fuzzy-only auto-merge was performed.
D000264,R001494,R000979,normalized_doi,10.1016/j.jobe.2020.101692,retain_as_linked_duplicate_exclude_from_screening_count,rule_verified,No fuzzy-only auto-merge was performed.
D000265,R001495,R000992,normalized_doi,10.1016/j.rser.2020.109840,retain_as_linked_duplicate_exclude_from_screening_count,rule_verified,No fuzzy-only auto-merge was performed.
D000266,R001496,R001178,normalized_doi,10.1016/j.ref.2020.10.001,retain_as_linked_duplicate_exclude_from_screening_count,rule_verified,No fuzzy-only auto-merge was performed.
D000267,R001498,R001478,normalized_doi,10.1109/tsg.2018.2834219,retain_as_linked_duplicate_exclude_from_screening_count,rule_verified,No fuzzy-only auto-merge was performed.
D000268,R001499,R000993,normalized_doi,10.1109/access.2015.2443119,retain_as_linked_duplicate_exclude_from_screening_count,rule_verified,No fuzzy-only auto-merge was performed.
D000269,R001500,R001486,normalized_doi,10.1109/tsg.2015.2512501,retain_as_linked_duplicate_exclude_from_screening_count,rule_verified,No fuzzy-only auto-merge was performed.
D000270,R001502,R001131,normalized_doi,10.1016/j.est.2022.105241,retain_as_linked_duplicate_exclude_from_screening_count,rule_verified,No fuzzy-only auto-merge was performed.
D000271,R001503,R001478,normalized_doi,10.1109/tsg.2018.2834219,retain_as_linked_duplicate_exclude_from_screening_count,rule_verified,No fuzzy-only auto-merge was performed.
D000272,R001504,R001486,normalized_doi,10.1109/tsg.2015.2512501,retain_as_linked_duplicate_exclude_from_screening_count,rule_verified,No fuzzy-only auto-merge was performed.
D000273,R001505,R000977,normalized_doi,10.2172/1784302,retain_as_linked_duplicate_exclude_from_screening_count,rule_verified,No fuzzy-only auto-merge was performed.
D000274,R001507,R000980,normalized_doi,10.2172/1508212,retain_as_linked_duplicate_exclude_from_screening_count,rule_verified,No fuzzy-only auto-merge was performed.
D000275,R001508,R000986,normalized_doi,10.2172/1577966,retain_as_linked_duplicate_exclude_from_screening_count,rule_verified,No fuzzy-only auto-merge was performed.
D000276,R001509,R000998,normalized_doi,10.1016/j.rser.2021.111530,retain_as_linked_duplicate_exclude_from_screening_count,rule_verified,No fuzzy-only auto-merge was performed.
D000277,R001510,R001208,normalized_doi,10.1016/j.egyr.2022.09.023,retain_as_linked_duplicate_exclude_from_screening_count,rule_verified,No fuzzy-only auto-merge was performed.
D000278,R001511,R001326,normalized_doi,10.1109/access.2022.3156581,retain_as_linked_duplicate_exclude_from_screening_count,rule_verified,No fuzzy-only auto-merge was performed.
D000279,R001512,R001131,normalized_doi,10.1016/j.est.2022.105241,retain_as_linked_duplicate_exclude_from_screening_count,rule_verified,No fuzzy-only auto-merge was performed.
D000280,R001513,R000977,normalized_doi,10.2172/1784302,retain_as_linked_duplicate_exclude_from_screening_count,rule_verified,No fuzzy-only auto-merge was performed.
D000281,R001514,R001486,normalized_doi,10.1109/tsg.2015.2512501,retain_as_linked_duplicate_exclude_from_screening_count,rule_verified,No fuzzy-only auto-merge was performed.
D000282,R001515,R000980,normalized_doi,10.2172/1508212,retain_as_linked_duplicate_exclude_from_screening_count,rule_verified,No fuzzy-only auto-merge was performed.
D000283,R001516,R000986,normalized_doi,10.2172/1577966,retain_as_linked_duplicate_exclude_from_screening_count,rule_verified,No fuzzy-only auto-merge was performed.
D000284,R001517,R001489,normalized_doi,10.24084/repqj13.247,retain_as_linked_duplicate_exclude_from_screening_count,rule_verified,No fuzzy-only auto-merge was performed.
D000285,R001519,R001431,normalized_doi,10.1016/j.apenergy.2017.01.005,retain_as_linked_duplicate_exclude_from_screening_count,rule_verified,No fuzzy-only auto-merge was performed.
D000286,R001520,R001307,normalized_doi,10.1109/access.2020.3041074,retain_as_linked_duplicate_exclude_from_screening_count,rule_verified,No fuzzy-only auto-merge was performed.
D000287,R001521,R001501,normalized_doi,10.1109/tsg.2023.3266253,retain_as_linked_duplicate_exclude_from_screening_count,rule_verified,No fuzzy-only auto-merge was performed.
D000288,R001525,R000974,normalized_doi,10.1016/j.rser.2016.11.167,retain_as_linked_duplicate_exclude_from_screening_count,rule_verified,No fuzzy-only auto-merge was performed.
D000289,R001526,R001322,normalized_doi,10.1007/s00170-021-07682-3,retain_as_linked_duplicate_exclude_from_screening_count,rule_verified,No fuzzy-only auto-merge was performed.
D000290,R001527,R000979,normalized_doi,10.1016/j.jobe.2020.101692,retain_as_linked_duplicate_exclude_from_screening_count,rule_verified,No fuzzy-only auto-merge was performed.
D000291,R001530,R000976,normalized_doi,10.1016/j.scs.2021.103445,retain_as_linked_duplicate_exclude_from_screening_count,rule_verified,No fuzzy-only auto-merge was performed.
D000292,R001532,R000979,normalized_doi,10.1016/j.jobe.2020.101692,retain_as_linked_duplicate_exclude_from_screening_count,rule_verified,No fuzzy-only auto-merge was performed.
D000293,R001533,R000977,normalized_doi,10.2172/1784302,retain_as_linked_duplicate_exclude_from_screening_count,rule_verified,No fuzzy-only auto-merge was performed.
D000294,R001534,R000980,normalized_doi,10.2172/1508212,retain_as_linked_duplicate_exclude_from_screening_count,rule_verified,No fuzzy-only auto-merge was performed.
D000295,R001535,R000976,normalized_doi,10.1016/j.scs.2021.103445,retain_as_linked_duplicate_exclude_from_screening_count,rule_verified,No fuzzy-only auto-merge was performed.
D000296,R001536,R000986,normalized_doi,10.2172/1577966,retain_as_linked_duplicate_exclude_from_screening_count,rule_verified,No fuzzy-only auto-merge was performed.
D000297,R001537,R001238,normalized_doi,10.3390/en17194794,retain_as_linked_duplicate_exclude_from_screening_count,rule_verified,No fuzzy-only auto-merge was performed.
D000298,R001539,R001131,normalized_doi,10.1016/j.est.2022.105241,retain_as_linked_duplicate_exclude_from_screening_count,rule_verified,No fuzzy-only auto-merge was performed.
D000299,R001540,R000987,normalized_doi,10.1177/1475921718804132,retain_as_linked_duplicate_exclude_from_screening_count,rule_verified,No fuzzy-only auto-merge was performed.
D000300,R001541,R000993,normalized_doi,10.1109/access.2015.2443119,retain_as_linked_duplicate_exclude_from_screening_count,rule_verified,No fuzzy-only auto-merge was performed.
D000301,R001542,R000993,normalized_doi,10.1109/access.2015.2443119,retain_as_linked_duplicate_exclude_from_screening_count,rule_verified,No fuzzy-only auto-merge was performed.
D000302,R001543,R001322,normalized_doi,10.1007/s00170-021-07682-3,retain_as_linked_duplicate_exclude_from_screening_count,rule_verified,No fuzzy-only auto-merge was performed.
D000303,R001544,R000992,normalized_doi,10.1016/j.rser.2020.109840,retain_as_linked_duplicate_exclude_from_screening_count,rule_verified,No fuzzy-only auto-merge was performed.
D000304,R001545,R000979,normalized_doi,10.1016/j.jobe.2020.101692,retain_as_linked_duplicate_exclude_from_screening_count,rule_verified,No fuzzy-only auto-merge was performed.
D000305,R001546,R001531,normalized_doi,10.1007/s11831-021-09694-4,retain_as_linked_duplicate_exclude_from_screening_count,rule_verified,No fuzzy-only auto-merge was performed.
D000306,R001547,R000998,normalized_doi,10.1016/j.rser.2021.111530,retain_as_linked_duplicate_exclude_from_screening_count,rule_verified,No fuzzy-only auto-merge was performed.
D000307,R001548,R001529,normalized_doi,10.1109/jproc.2016.2520639,retain_as_linked_duplicate_exclude_from_screening_count,rule_verified,No fuzzy-only auto-merge was performed.
D000308,R001549,R000976,normalized_doi,10.1016/j.scs.2021.103445,retain_as_linked_duplicate_exclude_from_screening_count,rule_verified,No fuzzy-only auto-merge was performed.
D000309,R001550,R000980,normalized_doi,10.2172/1508212,retain_as_linked_duplicate_exclude_from_screening_count,rule_verified,No fuzzy-only auto-merge was performed.
D000310,R001551,R001244,normalized_doi,10.1109/access.2022.3171823,retain_as_linked_duplicate_exclude_from_screening_count,rule_verified,No fuzzy-only auto-merge was performed.
D000311,R001552,R000998,normalized_doi,10.1016/j.rser.2021.111530,retain_as_linked_duplicate_exclude_from_screening_count,rule_verified,No fuzzy-only auto-merge was performed.
D000312,R001553,R000977,normalized_doi,10.2172/1784302,retain_as_linked_duplicate_exclude_from_screening_count,rule_verified,No fuzzy-only auto-merge was performed.
D000313,R001554,R000980,normalized_doi,10.2172/1508212,retain_as_linked_duplicate_exclude_from_screening_count,rule_verified,No fuzzy-only auto-merge was performed.
D000314,R001555,R000978,normalized_doi,10.3390/app11020763,retain_as_linked_duplicate_exclude_from_screening_count,rule_verified,No fuzzy-only auto-merge was performed.
D000315,R001556,R001007,normalized_doi,10.1016/j.scs.2020.102480,retain_as_linked_duplicate_exclude_from_screening_count,rule_verified,No fuzzy-only auto-merge was performed.
D000316,R001557,R000986,normalized_doi,10.2172/1577966,retain_as_linked_duplicate_exclude_from_screening_count,rule_verified,No fuzzy-only auto-merge was performed.
D000317,R001558,R001010,normalized_doi,10.1016/j.egyai.2022.100195,retain_as_linked_duplicate_exclude_from_screening_count,rule_verified,No fuzzy-only auto-merge was performed.
D000318,R001559,R001008,normalized_doi,10.3390/su14053009,retain_as_linked_duplicate_exclude_from_screening_count,rule_verified,No fuzzy-only auto-merge was performed.
D000319,R001560,R001238,normalized_doi,10.3390/en17194794,retain_as_linked_duplicate_exclude_from_screening_count,rule_verified,No fuzzy-only auto-merge was performed.
D000320,R001561,R000993,normalized_doi,10.1109/access.2015.2443119,retain_as_linked_duplicate_exclude_from_screening_count,rule_verified,No fuzzy-only auto-merge was performed.
D000321,R001562,R000976,normalized_doi,10.1016/j.scs.2021.103445,retain_as_linked_duplicate_exclude_from_screening_count,rule_verified,No fuzzy-only auto-merge was performed.
D000322,R001564,R000977,normalized_doi,10.2172/1784302,retain_as_linked_duplicate_exclude_from_screening_count,rule_verified,No fuzzy-only auto-merge was performed.
D000323,R001565,R001224,normalized_doi,10.1016/j.jii.2018.01.005,retain_as_linked_duplicate_exclude_from_screening_count,rule_verified,No fuzzy-only auto-merge was performed.
D000324,R001566,R000980,normalized_doi,10.2172/1508212,retain_as_linked_duplicate_exclude_from_screening_count,rule_verified,No fuzzy-only auto-merge was performed.
D000325,R001567,R000993,normalized_doi,10.1109/access.2015.2443119,retain_as_linked_duplicate_exclude_from_screening_count,rule_verified,No fuzzy-only auto-merge was performed.
D000326,R001568,R000978,normalized_doi,10.3390/app11020763,retain_as_linked_duplicate_exclude_from_screening_count,rule_verified,No fuzzy-only auto-merge was performed.
D000327,R001569,R001008,normalized_doi,10.3390/su14053009,retain_as_linked_duplicate_exclude_from_screening_count,rule_verified,No fuzzy-only auto-merge was performed.
D000328,R001570,R001015,normalized_doi,10.1016/j.buildenv.2015.12.001,retain_as_linked_duplicate_exclude_from_screening_count,rule_verified,No fuzzy-only auto-merge was performed.
D000329,R001571,R000986,normalized_doi,10.2172/1577966,retain_as_linked_duplicate_exclude_from_screening_count,rule_verified,No fuzzy-only auto-merge was performed.
D000330,R001572,R001023,normalized_doi,10.1109/access.2015.2461602,retain_as_linked_duplicate_exclude_from_screening_count,rule_verified,No fuzzy-only auto-merge was performed.
D000331,R001573,R001022,normalized_doi,10.1109/jsac.2022.3156632,retain_as_linked_duplicate_exclude_from_screening_count,rule_verified,No fuzzy-only auto-merge was performed.
D000332,R001574,R001026,normalized_doi,10.1109/ojcoms.2021.3057679,retain_as_linked_duplicate_exclude_from_screening_count,rule_verified,No fuzzy-only auto-merge was performed.
D000333,R001575,R001025,normalized_doi,10.1109/comst.2023.3249835,retain_as_linked_duplicate_exclude_from_screening_count,rule_verified,No fuzzy-only auto-merge was performed.
D000334,R001576,R001030,normalized_doi,10.1109/comst.2017.2705720,retain_as_linked_duplicate_exclude_from_screening_count,rule_verified,No fuzzy-only auto-merge was performed.
D000335,R001577,R001224,normalized_doi,10.1016/j.jii.2018.01.005,retain_as_linked_duplicate_exclude_from_screening_count,rule_verified,No fuzzy-only auto-merge was performed.
D000336,R001579,R001034,normalized_doi,10.1109/jiot.2023.3235618,retain_as_linked_duplicate_exclude_from_screening_count,rule_verified,No fuzzy-only auto-merge was performed.
D000337,R001580,R001028,normalized_doi,10.1007/s11432-020-2955-6,retain_as_linked_duplicate_exclude_from_screening_count,rule_verified,No fuzzy-only auto-merge was performed.
D000338,R001581,R001029,normalized_doi,10.1109/jmw.2020.3035541,retain_as_linked_duplicate_exclude_from_screening_count,rule_verified,No fuzzy-only auto-merge was performed.
D000339,R001582,R001022,normalized_doi,10.1109/jsac.2022.3156632,retain_as_linked_duplicate_exclude_from_screening_count,rule_verified,No fuzzy-only auto-merge was performed.
D000340,R001583,R001026,normalized_doi,10.1109/ojcoms.2021.3057679,retain_as_linked_duplicate_exclude_from_screening_count,rule_verified,No fuzzy-only auto-merge was performed.
D000341,R001584,R001034,normalized_doi,10.1109/jiot.2023.3235618,retain_as_linked_duplicate_exclude_from_screening_count,rule_verified,No fuzzy-only auto-merge was performed.
D000342,R001585,R001035,normalized_doi,10.1109/access.2020.3001277,retain_as_linked_duplicate_exclude_from_screening_count,rule_verified,No fuzzy-only auto-merge was performed.
D000343,R001586,R001390,normalized_doi,10.1109/comst.2020.3028247,retain_as_linked_duplicate_exclude_from_screening_count,rule_verified,No fuzzy-only auto-merge was performed.
D000344,R001587,R001036,normalized_doi,10.1109/jsac.2016.2525418,retain_as_linked_duplicate_exclude_from_screening_count,rule_verified,No fuzzy-only auto-merge was performed.
D000345,R001588,R001039,normalized_doi,10.1109/access.2021.3054833,retain_as_linked_duplicate_exclude_from_screening_count,rule_verified,No fuzzy-only auto-merge was performed.
D000346,R001589,R001037,normalized_doi,10.1109/ojcoms.2023.3257889,retain_as_linked_duplicate_exclude_from_screening_count,rule_verified,No fuzzy-only auto-merge was performed.
D000347,R001591,R001050,normalized_doi,10.1109/comst.2022.3212586,retain_as_linked_duplicate_exclude_from_screening_count,rule_verified,No fuzzy-only auto-merge was performed.
D000348,R001592,R001042,normalized_doi,10.1016/j.rser.2021.111393,retain_as_linked_duplicate_exclude_from_screening_count,rule_verified,No fuzzy-only auto-merge was performed.
D000349,R001593,R001051,normalized_doi,10.1109/access.2021.3135083,retain_as_linked_duplicate_exclude_from_screening_count,rule_verified,No fuzzy-only auto-merge was performed.
D000350,R001594,R001045,normalized_doi,10.1109/tpel.2015.2464277,retain_as_linked_duplicate_exclude_from_screening_count,rule_verified,No fuzzy-only auto-merge was performed.
D000351,R001595,R000992,normalized_doi,10.1016/j.rser.2020.109840,retain_as_linked_duplicate_exclude_from_screening_count,rule_verified,No fuzzy-only auto-merge was performed.
D000352,R001596,R001590,normalized_doi,10.1109/access.2019.2936094,retain_as_linked_duplicate_exclude_from_screening_count,rule_verified,No fuzzy-only auto-merge was performed.
D000353,R001597,R001046,normalized_doi,10.1109/ojcoms.2021.3078081,retain_as_linked_duplicate_exclude_from_screening_count,rule_verified,No fuzzy-only auto-merge was performed.
D000354,R001598,R001050,normalized_doi,10.1109/comst.2022.3212586,retain_as_linked_duplicate_exclude_from_screening_count,rule_verified,No fuzzy-only auto-merge was performed.
D000355,R001599,R001047,normalized_doi,10.1016/j.adapen.2024.100170,retain_as_linked_duplicate_exclude_from_screening_count,rule_verified,No fuzzy-only auto-merge was performed.
D000356,R001600,R001531,normalized_doi,10.1007/s11831-021-09694-4,retain_as_linked_duplicate_exclude_from_screening_count,rule_verified,No fuzzy-only auto-merge was performed.
D000357,R001601,R001098,normalized_doi,10.1109/jestpe.2017.2690219,retain_as_linked_duplicate_exclude_from_screening_count,rule_verified,No fuzzy-only auto-merge was performed.
D000358,R001602,R001052,normalized_doi,10.1016/j.dcan.2020.07.003,retain_as_linked_duplicate_exclude_from_screening_count,rule_verified,No fuzzy-only auto-merge was performed.
D000359,R001603,R001053,normalized_doi,10.1016/j.icte.2022.06.006,retain_as_linked_duplicate_exclude_from_screening_count,rule_verified,No fuzzy-only auto-merge was performed.
D000360,R001604,R001055,normalized_doi,10.1002/ett.3627,retain_as_linked_duplicate_exclude_from_screening_count,rule_verified,No fuzzy-only auto-merge was performed.
D000361,R001605,R001054,normalized_doi,10.1109/tpwrs.2022.3173250,retain_as_linked_duplicate_exclude_from_screening_count,rule_verified,No fuzzy-only auto-merge was performed.
D000362,R001606,R001061,normalized_doi,10.1109/access.2024.3444313,retain_as_linked_duplicate_exclude_from_screening_count,rule_verified,No fuzzy-only auto-merge was performed.
D000363,R001608,R001058,normalized_doi,10.3390/electronics11091366,retain_as_linked_duplicate_exclude_from_screening_count,rule_verified,No fuzzy-only auto-merge was performed.
D000364,R001612,R001022,normalized_doi,10.1109/jsac.2022.3156632,retain_as_linked_duplicate_exclude_from_screening_count,rule_verified,No fuzzy-only auto-merge was performed.
D000365,R001613,R001026,normalized_doi,10.1109/ojcoms.2021.3057679,retain_as_linked_duplicate_exclude_from_screening_count,rule_verified,No fuzzy-only auto-merge was performed.
D000366,R001614,R001025,normalized_doi,10.1109/comst.2023.3249835,retain_as_linked_duplicate_exclude_from_screening_count,rule_verified,No fuzzy-only auto-merge was performed.
D000367,R001615,R001224,normalized_doi,10.1016/j.jii.2018.01.005,retain_as_linked_duplicate_exclude_from_screening_count,rule_verified,No fuzzy-only auto-merge was performed.
D000368,R001616,R001028,normalized_doi,10.1007/s11432-020-2955-6,retain_as_linked_duplicate_exclude_from_screening_count,rule_verified,No fuzzy-only auto-merge was performed.
D000369,R001617,R001066,normalized_doi,10.1109/comst.2022.3199901,retain_as_linked_duplicate_exclude_from_screening_count,rule_verified,No fuzzy-only auto-merge was performed.
D000370,R001619,R001067,normalized_doi,10.1109/access.2020.2970118,retain_as_linked_duplicate_exclude_from_screening_count,rule_verified,No fuzzy-only auto-merge was performed.
D000371,R001620,R001035,normalized_doi,10.1109/access.2020.3001277,retain_as_linked_duplicate_exclude_from_screening_count,rule_verified,No fuzzy-only auto-merge was performed.
D000372,R001622,R001024,normalized_doi,10.1016/j.cpc.2021.108171,retain_as_linked_duplicate_exclude_from_screening_count,rule_verified,No fuzzy-only auto-merge was performed.
D000373,R001623,R001522,normalized_doi,10.1109/comst.2015.2444095,retain_as_linked_duplicate_exclude_from_screening_count,rule_verified,No fuzzy-only auto-merge was performed.
D000374,R001624,R001074,normalized_doi,10.1038/s41586-020-2649-2,retain_as_linked_duplicate_exclude_from_screening_count,rule_verified,No fuzzy-only auto-merge was performed.
D000375,R001626,R001074,exact_normalized_title_plus_year,array programming with numpy|2020,retain_as_linked_duplicate_exclude_from_screening_count,rule_verified,No fuzzy-only auto-merge was performed.
D000376,R001628,R001175,normalized_doi,10.1016/j.rser.2015.01.057,retain_as_linked_duplicate_exclude_from_screening_count,rule_verified,No fuzzy-only auto-merge was performed.
D000377,R001629,R001080,normalized_doi,10.1007/s10586-022-03713-0,retain_as_linked_duplicate_exclude_from_screening_count,rule_verified,No fuzzy-only auto-merge was performed.
D000378,R001630,R000974,normalized_doi,10.1016/j.rser.2016.11.167,retain_as_linked_duplicate_exclude_from_screening_count,rule_verified,No fuzzy-only auto-merge was performed.
D000379,R001632,R001080,normalized_doi,10.1007/s10586-022-03713-0,retain_as_linked_duplicate_exclude_from_screening_count,rule_verified,No fuzzy-only auto-merge was performed.
D000380,R001633,R001084,normalized_doi,10.1109/jproc.2021.3054390,retain_as_linked_duplicate_exclude_from_screening_count,rule_verified,No fuzzy-only auto-merge was performed.
D000381,R001634,R001085,normalized_doi,10.1016/j.rser.2021.111547,retain_as_linked_duplicate_exclude_from_screening_count,rule_verified,No fuzzy-only auto-merge was performed.
D000382,R001635,R001390,normalized_doi,10.1109/comst.2020.3028247,retain_as_linked_duplicate_exclude_from_screening_count,rule_verified,No fuzzy-only auto-merge was performed.
D000383,R001638,R001125,normalized_doi,10.3390/en15020589,retain_as_linked_duplicate_exclude_from_screening_count,rule_verified,No fuzzy-only auto-merge was performed.
D000384,R001639,R001280,normalized_doi,10.1109/access.2023.3267164,retain_as_linked_duplicate_exclude_from_screening_count,rule_verified,No fuzzy-only auto-merge was performed.
D000385,R001640,R001088,normalized_doi,10.1016/j.rser.2023.114019,retain_as_linked_duplicate_exclude_from_screening_count,rule_verified,No fuzzy-only auto-merge was performed.
D000386,R001641,R001175,normalized_doi,10.1016/j.rser.2015.01.057,retain_as_linked_duplicate_exclude_from_screening_count,rule_verified,No fuzzy-only auto-merge was performed.
D000387,R001642,R001094,normalized_doi,10.1109/tpel.2015.2478859,retain_as_linked_duplicate_exclude_from_screening_count,rule_verified,No fuzzy-only auto-merge was performed.
D000388,R001643,R001045,normalized_doi,10.1109/tpel.2015.2464277,retain_as_linked_duplicate_exclude_from_screening_count,rule_verified,No fuzzy-only auto-merge was performed.
D000389,R001644,R001322,normalized_doi,10.1007/s00170-021-07682-3,retain_as_linked_duplicate_exclude_from_screening_count,rule_verified,No fuzzy-only auto-merge was performed.
D000390,R001646,R001047,normalized_doi,10.1016/j.adapen.2024.100170,retain_as_linked_duplicate_exclude_from_screening_count,rule_verified,No fuzzy-only auto-merge was performed.
D000391,R001647,R001098,normalized_doi,10.1109/jestpe.2017.2690219,retain_as_linked_duplicate_exclude_from_screening_count,rule_verified,No fuzzy-only auto-merge was performed.
D000392,R001648,R001049,normalized_doi,10.1109/access.2021.3099941,retain_as_linked_duplicate_exclude_from_screening_count,rule_verified,No fuzzy-only auto-merge was performed.
D000393,R001649,R001101,normalized_doi,10.1016/j.esr.2023.101127,retain_as_linked_duplicate_exclude_from_screening_count,rule_verified,No fuzzy-only auto-merge was performed.
D000394,R001652,R001054,normalized_doi,10.1109/tpwrs.2022.3173250,retain_as_linked_duplicate_exclude_from_screening_count,rule_verified,No fuzzy-only auto-merge was performed.
D000395,R001653,R001637,normalized_doi,10.1016/j.rser.2021.111180,retain_as_linked_duplicate_exclude_from_screening_count,rule_verified,No fuzzy-only auto-merge was performed.
D000396,R001654,R001088,normalized_doi,10.1016/j.rser.2023.114019,retain_as_linked_duplicate_exclude_from_screening_count,rule_verified,No fuzzy-only auto-merge was performed.
D000397,R001656,R001175,normalized_doi,10.1016/j.rser.2015.01.057,retain_as_linked_duplicate_exclude_from_screening_count,rule_verified,No fuzzy-only auto-merge was performed.
D000398,R001662,R001080,normalized_doi,10.1007/s10586-022-03713-0,retain_as_linked_duplicate_exclude_from_screening_count,rule_verified,No fuzzy-only auto-merge was performed.
D000399,R001663,R001121,normalized_doi,10.1016/j.jnca.2015.12.016,retain_as_linked_duplicate_exclude_from_screening_count,rule_verified,No fuzzy-only auto-merge was performed.
D000400,R001665,R001657,normalized_doi,10.3390/en12040682,retain_as_linked_duplicate_exclude_from_screening_count,rule_verified,No fuzzy-only auto-merge was performed.
D000401,R001667,R001390,normalized_doi,10.1109/comst.2020.3028247,retain_as_linked_duplicate_exclude_from_screening_count,rule_verified,No fuzzy-only auto-merge was performed.
D000402,R001669,R001650,normalized_doi,10.1016/j.eng.2017.05.015,retain_as_linked_duplicate_exclude_from_screening_count,rule_verified,No fuzzy-only auto-merge was performed.
D000403,R001670,R001116,normalized_doi,10.1109/access.2020.2968586,retain_as_linked_duplicate_exclude_from_screening_count,rule_verified,No fuzzy-only auto-merge was performed.
D000404,R001672,R001122,normalized_doi,10.1021/acs.chemrev.0c00767,retain_as_linked_duplicate_exclude_from_screening_count,rule_verified,No fuzzy-only auto-merge was performed.
D000405,R001673,R001125,normalized_doi,10.3390/en15020589,retain_as_linked_duplicate_exclude_from_screening_count,rule_verified,No fuzzy-only auto-merge was performed.
D000406,R001674,R001123,normalized_doi,10.1038/s41586-019-1682-5,retain_as_linked_duplicate_exclude_from_screening_count,rule_verified,No fuzzy-only auto-merge was performed.
D000407,R001675,R001126,normalized_doi,10.3390/smartcities4010022,retain_as_linked_duplicate_exclude_from_screening_count,rule_verified,No fuzzy-only auto-merge was performed.
D000408,R001676,R001124,normalized_doi,10.1016/j.energy.2021.121608,retain_as_linked_duplicate_exclude_from_screening_count,rule_verified,No fuzzy-only auto-merge was performed.
D000409,R001677,R001140,normalized_doi,10.1002/aenm.201900161,retain_as_linked_duplicate_exclude_from_screening_count,rule_verified,No fuzzy-only auto-merge was performed.
D000410,R001678,R001175,normalized_doi,10.1016/j.rser.2015.01.057,retain_as_linked_duplicate_exclude_from_screening_count,rule_verified,No fuzzy-only auto-merge was performed.
D000411,R001679,R001131,normalized_doi,10.1016/j.est.2022.105241,retain_as_linked_duplicate_exclude_from_screening_count,rule_verified,No fuzzy-only auto-merge was performed.
D000412,R001682,R001122,normalized_doi,10.1021/acs.chemrev.0c00767,retain_as_linked_duplicate_exclude_from_screening_count,rule_verified,No fuzzy-only auto-merge was performed.
D000413,R001683,R001125,normalized_doi,10.3390/en15020589,retain_as_linked_duplicate_exclude_from_screening_count,rule_verified,No fuzzy-only auto-merge was performed.
D000414,R001685,R001123,normalized_doi,10.1038/s41586-019-1682-5,retain_as_linked_duplicate_exclude_from_screening_count,rule_verified,No fuzzy-only auto-merge was performed.
D000415,R001686,R001128,normalized_doi,10.1109/tsg.2017.2763683,retain_as_linked_duplicate_exclude_from_screening_count,rule_verified,No fuzzy-only auto-merge was performed.
D000416,R001687,R001124,normalized_doi,10.1016/j.energy.2021.121608,retain_as_linked_duplicate_exclude_from_screening_count,rule_verified,No fuzzy-only auto-merge was performed.
D000417,R001689,R001131,normalized_doi,10.1016/j.est.2022.105241,retain_as_linked_duplicate_exclude_from_screening_count,rule_verified,No fuzzy-only auto-merge was performed.
D000418,R001690,R001137,normalized_doi,10.1109/tsg.2015.2436901,retain_as_linked_duplicate_exclude_from_screening_count,rule_verified,No fuzzy-only auto-merge was performed.
D000419,R001691,R001140,normalized_doi,10.1002/aenm.201900161,retain_as_linked_duplicate_exclude_from_screening_count,rule_verified,No fuzzy-only auto-merge was performed.
D000420,R001692,R001125,normalized_doi,10.3390/en15020589,retain_as_linked_duplicate_exclude_from_screening_count,rule_verified,No fuzzy-only auto-merge was performed.
D000421,R001693,R001126,normalized_doi,10.3390/smartcities4010022,retain_as_linked_duplicate_exclude_from_screening_count,rule_verified,No fuzzy-only auto-merge was performed.
D000422,R001694,R001124,normalized_doi,10.1016/j.energy.2021.121608,retain_as_linked_duplicate_exclude_from_screening_count,rule_verified,No fuzzy-only auto-merge was performed.
D000423,R001695,R001680,normalized_doi,10.1016/j.rser.2021.111060,retain_as_linked_duplicate_exclude_from_screening_count,rule_verified,No fuzzy-only auto-merge was performed.
D000424,R001696,R001131,normalized_doi,10.1016/j.est.2022.105241,retain_as_linked_duplicate_exclude_from_screening_count,rule_verified,No fuzzy-only auto-merge was performed.
D000425,R001698,R001681,normalized_doi,10.1016/j.treng.2021.100057,retain_as_linked_duplicate_exclude_from_screening_count,rule_verified,No fuzzy-only auto-merge was performed.
D000426,R001699,R001151,normalized_doi,10.1016/j.est.2022.105579,retain_as_linked_duplicate_exclude_from_screening_count,rule_verified,No fuzzy-only auto-merge was performed.
D000427,R001700,R001128,normalized_doi,10.1109/tsg.2017.2763683,retain_as_linked_duplicate_exclude_from_screening_count,rule_verified,No fuzzy-only auto-merge was performed.
D000428,R001701,R001042,normalized_doi,10.1016/j.rser.2021.111393,retain_as_linked_duplicate_exclude_from_screening_count,rule_verified,No fuzzy-only auto-merge was performed.
D000429,R001702,R001125,normalized_doi,10.3390/en15020589,retain_as_linked_duplicate_exclude_from_screening_count,rule_verified,No fuzzy-only auto-merge was performed.
D000430,R001703,R001131,normalized_doi,10.1016/j.est.2022.105241,retain_as_linked_duplicate_exclude_from_screening_count,rule_verified,No fuzzy-only auto-merge was performed.
D000431,R001704,R001128,normalized_doi,10.1109/tsg.2017.2763683,retain_as_linked_duplicate_exclude_from_screening_count,rule_verified,No fuzzy-only auto-merge was performed.
D000432,R001705,R001155,normalized_doi,10.1016/j.adapen.2021.100077,retain_as_linked_duplicate_exclude_from_screening_count,rule_verified,No fuzzy-only auto-merge was performed.
D000433,R001706,R001156,normalized_doi,10.1109/access.2022.3217525,retain_as_linked_duplicate_exclude_from_screening_count,rule_verified,No fuzzy-only auto-merge was performed.
D000434,R001707,R001157,normalized_doi,10.1016/j.trc.2017.05.006,retain_as_linked_duplicate_exclude_from_screening_count,rule_verified,No fuzzy-only auto-merge was performed.
D000435,R001708,R001159,normalized_doi,10.3390/en15030803,retain_as_linked_duplicate_exclude_from_screening_count,rule_verified,No fuzzy-only auto-merge was performed.
D000436,R001709,R001158,normalized_doi,10.1016/j.tbs.2020.12.008,retain_as_linked_duplicate_exclude_from_screening_count,rule_verified,No fuzzy-only auto-merge was performed.
D000437,R001710,R001607,normalized_doi,10.1016/j.rser.2018.10.014,retain_as_linked_duplicate_exclude_from_screening_count,rule_verified,No fuzzy-only auto-merge was performed.
D000438,R001711,R001175,normalized_doi,10.1016/j.rser.2015.01.057,retain_as_linked_duplicate_exclude_from_screening_count,rule_verified,No fuzzy-only auto-merge was performed.
D000439,R001712,R001123,normalized_doi,10.1038/s41586-019-1682-5,retain_as_linked_duplicate_exclude_from_screening_count,rule_verified,No fuzzy-only auto-merge was performed.
D000440,R001713,R001124,normalized_doi,10.1016/j.energy.2021.121608,retain_as_linked_duplicate_exclude_from_screening_count,rule_verified,No fuzzy-only auto-merge was performed.
D000441,R001714,R001131,normalized_doi,10.1016/j.est.2022.105241,retain_as_linked_duplicate_exclude_from_screening_count,rule_verified,No fuzzy-only auto-merge was performed.
D000442,R001716,R001166,normalized_doi,10.1088/1757-899x/561/1/012103,retain_as_linked_duplicate_exclude_from_screening_count,rule_verified,No fuzzy-only auto-merge was performed.
D000443,R001717,R001168,normalized_doi,10.1088/1748-9326/aa9c6d,retain_as_linked_duplicate_exclude_from_screening_count,rule_verified,No fuzzy-only auto-merge was performed.
D000444,R001719,R001171,normalized_doi,10.1016/j.rser.2022.113052,retain_as_linked_duplicate_exclude_from_screening_count,rule_verified,No fuzzy-only auto-merge was performed.
D000445,R001722,R001523,normalized_doi,10.1016/j.enbuild.2018.08.003,retain_as_linked_duplicate_exclude_from_screening_count,rule_verified,No fuzzy-only auto-merge was performed.
D000446,R001723,R000973,normalized_doi,10.1109/tia.2017.2781639,retain_as_linked_duplicate_exclude_from_screening_count,rule_verified,No fuzzy-only auto-merge was performed.
D000447,R001724,R000974,normalized_doi,10.1016/j.rser.2016.11.167,retain_as_linked_duplicate_exclude_from_screening_count,rule_verified,No fuzzy-only auto-merge was performed.
D000448,R001725,R001529,normalized_doi,10.1109/jproc.2016.2520639,retain_as_linked_duplicate_exclude_from_screening_count,rule_verified,No fuzzy-only auto-merge was performed.
D000449,R001726,R000977,normalized_doi,10.2172/1784302,retain_as_linked_duplicate_exclude_from_screening_count,rule_verified,No fuzzy-only auto-merge was performed.
D000450,R001727,R000972,normalized_doi,10.1016/j.dibe.2020.100037,retain_as_linked_duplicate_exclude_from_screening_count,rule_verified,No fuzzy-only auto-merge was performed.
D000451,R001728,R000975,normalized_doi,10.1109/jsyst.2017.2647759,retain_as_linked_duplicate_exclude_from_screening_count,rule_verified,No fuzzy-only auto-merge was performed.
D000452,R001729,R000979,normalized_doi,10.1016/j.jobe.2020.101692,retain_as_linked_duplicate_exclude_from_screening_count,rule_verified,No fuzzy-only auto-merge was performed.
D000453,R001731,R000980,normalized_doi,10.2172/1508212,retain_as_linked_duplicate_exclude_from_screening_count,rule_verified,No fuzzy-only auto-merge was performed.
D000454,R001732,R000977,normalized_doi,10.2172/1784302,retain_as_linked_duplicate_exclude_from_screening_count,rule_verified,No fuzzy-only auto-merge was performed.
D000455,R001733,R000979,normalized_doi,10.1016/j.jobe.2020.101692,retain_as_linked_duplicate_exclude_from_screening_count,rule_verified,No fuzzy-only auto-merge was performed.
D000456,R001734,R000980,normalized_doi,10.2172/1508212,retain_as_linked_duplicate_exclude_from_screening_count,rule_verified,No fuzzy-only auto-merge was performed.
D000457,R001735,R000986,normalized_doi,10.2172/1577966,retain_as_linked_duplicate_exclude_from_screening_count,rule_verified,No fuzzy-only auto-merge was performed.
D000458,R001736,R000976,normalized_doi,10.1016/j.scs.2021.103445,retain_as_linked_duplicate_exclude_from_screening_count,rule_verified,No fuzzy-only auto-merge was performed.
D000459,R001737,R000987,normalized_doi,10.1177/1475921718804132,retain_as_linked_duplicate_exclude_from_screening_count,rule_verified,No fuzzy-only auto-merge was performed.
D000460,R001738,R000988,normalized_doi,10.1016/j.egypro.2015.07.226,retain_as_linked_duplicate_exclude_from_screening_count,rule_verified,No fuzzy-only auto-merge was performed.
D000461,R001740,R000990,normalized_doi,10.1016/j.buildenv.2016.08.022,retain_as_linked_duplicate_exclude_from_screening_count,rule_verified,No fuzzy-only auto-merge was performed.
D000462,R001741,R001238,normalized_doi,10.3390/en17194794,retain_as_linked_duplicate_exclude_from_screening_count,rule_verified,No fuzzy-only auto-merge was performed.
D000463,R001742,R000992,normalized_doi,10.1016/j.rser.2020.109840,retain_as_linked_duplicate_exclude_from_screening_count,rule_verified,No fuzzy-only auto-merge was performed.
D000464,R001743,R000993,normalized_doi,10.1109/access.2015.2443119,retain_as_linked_duplicate_exclude_from_screening_count,rule_verified,No fuzzy-only auto-merge was performed.
D000465,R001744,R000979,normalized_doi,10.1016/j.jobe.2020.101692,retain_as_linked_duplicate_exclude_from_screening_count,rule_verified,No fuzzy-only auto-merge was performed.
D000466,R001745,R000980,normalized_doi,10.2172/1508212,retain_as_linked_duplicate_exclude_from_screening_count,rule_verified,No fuzzy-only auto-merge was performed.
D000467,R001746,R000997,normalized_doi,10.1109/tsg.2020.3026971,retain_as_linked_duplicate_exclude_from_screening_count,rule_verified,No fuzzy-only auto-merge was performed.
D000468,R001747,R001529,normalized_doi,10.1109/jproc.2016.2520639,retain_as_linked_duplicate_exclude_from_screening_count,rule_verified,No fuzzy-only auto-merge was performed.
D000469,R001748,R000998,normalized_doi,10.1016/j.rser.2021.111530,retain_as_linked_duplicate_exclude_from_screening_count,rule_verified,No fuzzy-only auto-merge was performed.
D000470,R001749,R001000,normalized_doi,10.1016/j.autcon.2022.104174,retain_as_linked_duplicate_exclude_from_screening_count,rule_verified,No fuzzy-only auto-merge was performed.
D000471,R001750,R001344,normalized_doi,10.1016/j.renene.2021.03.008,retain_as_linked_duplicate_exclude_from_screening_count,rule_verified,No fuzzy-only auto-merge was performed.
D000472,R001751,R000978,normalized_doi,10.3390/app11020763,retain_as_linked_duplicate_exclude_from_screening_count,rule_verified,No fuzzy-only auto-merge was performed.
D000473,R001752,R000977,normalized_doi,10.2172/1784302,retain_as_linked_duplicate_exclude_from_screening_count,rule_verified,No fuzzy-only auto-merge was performed.
D000474,R001753,R000980,normalized_doi,10.2172/1508212,retain_as_linked_duplicate_exclude_from_screening_count,rule_verified,No fuzzy-only auto-merge was performed.
D000475,R001754,R000998,normalized_doi,10.1016/j.rser.2021.111530,retain_as_linked_duplicate_exclude_from_screening_count,rule_verified,No fuzzy-only auto-merge was performed.
D000476,R001755,R000978,normalized_doi,10.3390/app11020763,retain_as_linked_duplicate_exclude_from_screening_count,rule_verified,No fuzzy-only auto-merge was performed.
D000477,R001756,R000986,normalized_doi,10.2172/1577966,retain_as_linked_duplicate_exclude_from_screening_count,rule_verified,No fuzzy-only auto-merge was performed.
D000478,R001757,R001007,normalized_doi,10.1016/j.scs.2020.102480,retain_as_linked_duplicate_exclude_from_screening_count,rule_verified,No fuzzy-only auto-merge was performed.
D000479,R001758,R001008,normalized_doi,10.3390/su14053009,retain_as_linked_duplicate_exclude_from_screening_count,rule_verified,No fuzzy-only auto-merge was performed.
D000480,R001759,R001478,normalized_doi,10.1109/tsg.2018.2834219,retain_as_linked_duplicate_exclude_from_screening_count,rule_verified,No fuzzy-only auto-merge was performed.
D000481,R001760,R000990,normalized_doi,10.1016/j.buildenv.2016.08.022,retain_as_linked_duplicate_exclude_from_screening_count,rule_verified,No fuzzy-only auto-merge was performed.
D000482,R001761,R001238,normalized_doi,10.3390/en17194794,retain_as_linked_duplicate_exclude_from_screening_count,rule_verified,No fuzzy-only auto-merge was performed.
D000483,R001762,R000977,normalized_doi,10.2172/1784302,retain_as_linked_duplicate_exclude_from_screening_count,rule_verified,No fuzzy-only auto-merge was performed.
D000484,R001763,R000980,normalized_doi,10.2172/1508212,retain_as_linked_duplicate_exclude_from_screening_count,rule_verified,No fuzzy-only auto-merge was performed.
D000485,R001764,R000976,normalized_doi,10.1016/j.scs.2021.103445,retain_as_linked_duplicate_exclude_from_screening_count,rule_verified,No fuzzy-only auto-merge was performed.
D000486,R001765,R000978,normalized_doi,10.3390/app11020763,retain_as_linked_duplicate_exclude_from_screening_count,rule_verified,No fuzzy-only auto-merge was performed.
D000487,R001766,R000986,normalized_doi,10.2172/1577966,retain_as_linked_duplicate_exclude_from_screening_count,rule_verified,No fuzzy-only auto-merge was performed.
D000488,R001767,R001020,normalized_doi,10.1016/j.buildenv.2023.110001,retain_as_linked_duplicate_exclude_from_screening_count,rule_verified,No fuzzy-only auto-merge was performed.
D000489,R001768,R001008,normalized_doi,10.3390/su14053009,retain_as_linked_duplicate_exclude_from_screening_count,rule_verified,No fuzzy-only auto-merge was performed.
D000490,R001769,R001363,normalized_doi,10.1016/j.enbuild.2017.06.027,retain_as_linked_duplicate_exclude_from_screening_count,rule_verified,No fuzzy-only auto-merge was performed.
D000491,R001771,R001344,normalized_doi,10.1016/j.renene.2021.03.008,retain_as_linked_duplicate_exclude_from_screening_count,rule_verified,No fuzzy-only auto-merge was performed.
D000492,R001772,R001022,normalized_doi,10.1109/jsac.2022.3156632,retain_as_linked_duplicate_exclude_from_screening_count,rule_verified,No fuzzy-only auto-merge was performed.
D000493,R001773,R001023,normalized_doi,10.1109/access.2015.2461602,retain_as_linked_duplicate_exclude_from_screening_count,rule_verified,No fuzzy-only auto-merge was performed.
D000494,R001774,R001025,normalized_doi,10.1109/comst.2023.3249835,retain_as_linked_duplicate_exclude_from_screening_count,rule_verified,No fuzzy-only auto-merge was performed.
D000495,R001775,R001026,normalized_doi,10.1109/ojcoms.2021.3057679,retain_as_linked_duplicate_exclude_from_screening_count,rule_verified,No fuzzy-only auto-merge was performed.
D000496,R001776,R001028,normalized_doi,10.1007/s11432-020-2955-6,retain_as_linked_duplicate_exclude_from_screening_count,rule_verified,No fuzzy-only auto-merge was performed.
D000497,R001777,R001029,normalized_doi,10.1109/jmw.2020.3035541,retain_as_linked_duplicate_exclude_from_screening_count,rule_verified,No fuzzy-only auto-merge was performed.
D000498,R001778,R001027,normalized_doi,10.32614/rj-2017-066,retain_as_linked_duplicate_exclude_from_screening_count,rule_verified,No fuzzy-only auto-merge was performed.
D000499,R001779,R001024,normalized_doi,10.1016/j.cpc.2021.108171,retain_as_linked_duplicate_exclude_from_screening_count,rule_verified,No fuzzy-only auto-merge was performed.
D000500,R001780,R001578,normalized_doi,10.1109/jiot.2018.2887086,retain_as_linked_duplicate_exclude_from_screening_count,rule_verified,No fuzzy-only auto-merge was performed.
D000501,R001781,R001030,normalized_doi,10.1109/comst.2017.2705720,retain_as_linked_duplicate_exclude_from_screening_count,rule_verified,No fuzzy-only auto-merge was performed.
D000502,R001782,R001022,normalized_doi,10.1109/jsac.2022.3156632,retain_as_linked_duplicate_exclude_from_screening_count,rule_verified,No fuzzy-only auto-merge was performed.
D000503,R001783,R001026,normalized_doi,10.1109/ojcoms.2021.3057679,retain_as_linked_duplicate_exclude_from_screening_count,rule_verified,No fuzzy-only auto-merge was performed.
D000504,R001784,R001034,normalized_doi,10.1109/jiot.2023.3235618,retain_as_linked_duplicate_exclude_from_screening_count,rule_verified,No fuzzy-only auto-merge was performed.
D000505,R001785,R001035,normalized_doi,10.1109/access.2020.3001277,retain_as_linked_duplicate_exclude_from_screening_count,rule_verified,No fuzzy-only auto-merge was performed.
D000506,R001786,R001036,normalized_doi,10.1109/jsac.2016.2525418,retain_as_linked_duplicate_exclude_from_screening_count,rule_verified,No fuzzy-only auto-merge was performed.
D000507,R001787,R001037,normalized_doi,10.1109/ojcoms.2023.3257889,retain_as_linked_duplicate_exclude_from_screening_count,rule_verified,No fuzzy-only auto-merge was performed.
D000508,R001788,R001038,normalized_doi,10.1109/comst.2021.3057017,retain_as_linked_duplicate_exclude_from_screening_count,rule_verified,No fuzzy-only auto-merge was performed.
D000509,R001789,R001039,normalized_doi,10.1109/access.2021.3054833,retain_as_linked_duplicate_exclude_from_screening_count,rule_verified,No fuzzy-only auto-merge was performed.
D000510,R001790,R001040,normalized_doi,10.1109/mcom.001.2100070,retain_as_linked_duplicate_exclude_from_screening_count,rule_verified,No fuzzy-only auto-merge was performed.
D000511,R001791,R001041,normalized_doi,10.1109/tsg.2022.3177765,retain_as_linked_duplicate_exclude_from_screening_count,rule_verified,No fuzzy-only auto-merge was performed.
D000512,R001792,R001042,normalized_doi,10.1016/j.rser.2021.111393,retain_as_linked_duplicate_exclude_from_screening_count,rule_verified,No fuzzy-only auto-merge was performed.
D000513,R001793,R001041,normalized_doi,10.1109/tsg.2022.3177765,retain_as_linked_duplicate_exclude_from_screening_count,rule_verified,No fuzzy-only auto-merge was performed.
D000514,R001794,R000992,normalized_doi,10.1016/j.rser.2020.109840,retain_as_linked_duplicate_exclude_from_screening_count,rule_verified,No fuzzy-only auto-merge was performed.
D000515,R001795,R001046,normalized_doi,10.1109/ojcoms.2021.3078081,retain_as_linked_duplicate_exclude_from_screening_count,rule_verified,No fuzzy-only auto-merge was performed.
D000516,R001796,R001048,normalized_doi,10.1109/access.2018.2890557,retain_as_linked_duplicate_exclude_from_screening_count,rule_verified,No fuzzy-only auto-merge was performed.
D000517,R001797,R001045,normalized_doi,10.1109/tpel.2015.2464277,retain_as_linked_duplicate_exclude_from_screening_count,rule_verified,No fuzzy-only auto-merge was performed.
D000518,R001798,R001047,normalized_doi,10.1016/j.adapen.2024.100170,retain_as_linked_duplicate_exclude_from_screening_count,rule_verified,No fuzzy-only auto-merge was performed.
D000519,R001799,R001049,normalized_doi,10.1109/access.2021.3099941,retain_as_linked_duplicate_exclude_from_screening_count,rule_verified,No fuzzy-only auto-merge was performed.
D000520,R001800,R001050,normalized_doi,10.1109/comst.2022.3212586,retain_as_linked_duplicate_exclude_from_screening_count,rule_verified,No fuzzy-only auto-merge was performed.
D000521,R001803,R001052,normalized_doi,10.1016/j.dcan.2020.07.003,retain_as_linked_duplicate_exclude_from_screening_count,rule_verified,No fuzzy-only auto-merge was performed.
D000522,R001804,R001053,normalized_doi,10.1016/j.icte.2022.06.006,retain_as_linked_duplicate_exclude_from_screening_count,rule_verified,No fuzzy-only auto-merge was performed.
D000523,R001805,R001054,normalized_doi,10.1109/tpwrs.2022.3173250,retain_as_linked_duplicate_exclude_from_screening_count,rule_verified,No fuzzy-only auto-merge was performed.
D000524,R001806,R001055,normalized_doi,10.1002/ett.3627,retain_as_linked_duplicate_exclude_from_screening_count,rule_verified,No fuzzy-only auto-merge was performed.
D000525,R001809,R001058,normalized_doi,10.3390/electronics11091366,retain_as_linked_duplicate_exclude_from_screening_count,rule_verified,No fuzzy-only auto-merge was performed.
D000526,R001810,R001059,normalized_doi,10.1038/s41467-024-45044-1,retain_as_linked_duplicate_exclude_from_screening_count,rule_verified,No fuzzy-only auto-merge was performed.
D000527,R001811,R001061,normalized_doi,10.1109/access.2024.3444313,retain_as_linked_duplicate_exclude_from_screening_count,rule_verified,No fuzzy-only auto-merge was performed.
D000528,R001812,R001022,normalized_doi,10.1109/jsac.2022.3156632,retain_as_linked_duplicate_exclude_from_screening_count,rule_verified,No fuzzy-only auto-merge was performed.
D000529,R001813,R001025,normalized_doi,10.1109/comst.2023.3249835,retain_as_linked_duplicate_exclude_from_screening_count,rule_verified,No fuzzy-only auto-merge was performed.
D000530,R001814,R001026,normalized_doi,10.1109/ojcoms.2021.3057679,retain_as_linked_duplicate_exclude_from_screening_count,rule_verified,No fuzzy-only auto-merge was performed.
D000531,R001816,R001028,normalized_doi,10.1007/s11432-020-2955-6,retain_as_linked_duplicate_exclude_from_screening_count,rule_verified,No fuzzy-only auto-merge was performed.
D000532,R001817,R001067,normalized_doi,10.1109/access.2020.2970118,retain_as_linked_duplicate_exclude_from_screening_count,rule_verified,No fuzzy-only auto-merge was performed.
D000533,R001819,R001069,normalized_doi,10.1109/access.2020.2981745,retain_as_linked_duplicate_exclude_from_screening_count,rule_verified,No fuzzy-only auto-merge was performed.
D000534,R001820,R001066,normalized_doi,10.1109/comst.2022.3199901,retain_as_linked_duplicate_exclude_from_screening_count,rule_verified,No fuzzy-only auto-merge was performed.
D000535,R001821,R001068,normalized_doi,10.1109/comst.2023.3239220,retain_as_linked_duplicate_exclude_from_screening_count,rule_verified,No fuzzy-only auto-merge was performed.
D000536,R001822,R001027,normalized_doi,10.32614/rj-2017-066,retain_as_linked_duplicate_exclude_from_screening_count,rule_verified,No fuzzy-only auto-merge was performed.
D000537,R001823,R001024,normalized_doi,10.1016/j.cpc.2021.108171,retain_as_linked_duplicate_exclude_from_screening_count,rule_verified,No fuzzy-only auto-merge was performed.
D000538,R001824,R000974,normalized_doi,10.1016/j.rser.2016.11.167,retain_as_linked_duplicate_exclude_from_screening_count,rule_verified,No fuzzy-only auto-merge was performed.
D000539,R001825,R001078,normalized_doi,10.3390/s18010162,retain_as_linked_duplicate_exclude_from_screening_count,rule_verified,No fuzzy-only auto-merge was performed.
D000540,R001826,R001074,normalized_doi,10.1038/s41586-020-2649-2,retain_as_linked_duplicate_exclude_from_screening_count,rule_verified,No fuzzy-only auto-merge was performed.
D000541,R001828,R001631,normalized_doi,10.1063/5.0007045,retain_as_linked_duplicate_exclude_from_screening_count,rule_verified,No fuzzy-only auto-merge was performed.
D000542,R001829,R001080,normalized_doi,10.1007/s10586-022-03713-0,retain_as_linked_duplicate_exclude_from_screening_count,rule_verified,No fuzzy-only auto-merge was performed.
D000543,R001830,R001074,exact_normalized_title_plus_year,array programming with numpy|2020,retain_as_linked_duplicate_exclude_from_screening_count,rule_verified,No fuzzy-only auto-merge was performed.
D000544,R001832,R001082,normalized_doi,10.1016/j.ymssp.2015.04.021,retain_as_linked_duplicate_exclude_from_screening_count,rule_verified,No fuzzy-only auto-merge was performed.
D000545,R001833,R001080,normalized_doi,10.1007/s10586-022-03713-0,retain_as_linked_duplicate_exclude_from_screening_count,rule_verified,No fuzzy-only auto-merge was performed.
D000546,R001834,R001085,normalized_doi,10.1016/j.rser.2021.111547,retain_as_linked_duplicate_exclude_from_screening_count,rule_verified,No fuzzy-only auto-merge was performed.
D000547,R001835,R001087,normalized_doi,10.1016/j.apenergy.2020.115621,retain_as_linked_duplicate_exclude_from_screening_count,rule_verified,No fuzzy-only auto-merge was performed.
D000548,R001836,R001088,normalized_doi,10.1016/j.rser.2023.114019,retain_as_linked_duplicate_exclude_from_screening_count,rule_verified,No fuzzy-only auto-merge was performed.
D000549,R001838,R001086,normalized_doi,10.1016/j.apenergy.2019.05.107,retain_as_linked_duplicate_exclude_from_screening_count,rule_verified,No fuzzy-only auto-merge was performed.
D000550,R001842,R001094,normalized_doi,10.1109/tpel.2015.2478859,retain_as_linked_duplicate_exclude_from_screening_count,rule_verified,No fuzzy-only auto-merge was performed.
D000551,R001843,R001045,normalized_doi,10.1109/tpel.2015.2464277,retain_as_linked_duplicate_exclude_from_screening_count,rule_verified,No fuzzy-only auto-merge was performed.
D000552,R001844,R001047,normalized_doi,10.1016/j.adapen.2024.100170,retain_as_linked_duplicate_exclude_from_screening_count,rule_verified,No fuzzy-only auto-merge was performed.
D000553,R001845,R001049,normalized_doi,10.1109/access.2021.3099941,retain_as_linked_duplicate_exclude_from_screening_count,rule_verified,No fuzzy-only auto-merge was performed.
D000554,R001846,R001098,normalized_doi,10.1109/jestpe.2017.2690219,retain_as_linked_duplicate_exclude_from_screening_count,rule_verified,No fuzzy-only auto-merge was performed.
D000555,R001847,R001645,normalized_doi,10.1016/j.rser.2021.110992,retain_as_linked_duplicate_exclude_from_screening_count,rule_verified,No fuzzy-only auto-merge was performed.
D000556,R001848,R001099,normalized_doi,10.3390/fi14050128,retain_as_linked_duplicate_exclude_from_screening_count,rule_verified,No fuzzy-only auto-merge was performed.
D000557,R001850,R001100,normalized_doi,10.1109/access.2021.3059106,retain_as_linked_duplicate_exclude_from_screening_count,rule_verified,No fuzzy-only auto-merge was performed.
D000558,R001851,R001101,normalized_doi,10.1016/j.esr.2023.101127,retain_as_linked_duplicate_exclude_from_screening_count,rule_verified,No fuzzy-only auto-merge was performed.
D000559,R001852,R001054,normalized_doi,10.1109/tpwrs.2022.3173250,retain_as_linked_duplicate_exclude_from_screening_count,rule_verified,No fuzzy-only auto-merge was performed.
D000560,R001855,R001658,normalized_doi,10.1088/1748-9326/abfba1,retain_as_linked_duplicate_exclude_from_screening_count,rule_verified,No fuzzy-only auto-merge was performed.
D000561,R001856,R001660,normalized_doi,10.1145/3575693.3575754,retain_as_linked_duplicate_exclude_from_screening_count,rule_verified,No fuzzy-only auto-merge was performed.
D000562,R001857,R001088,normalized_doi,10.1016/j.rser.2023.114019,retain_as_linked_duplicate_exclude_from_screening_count,rule_verified,No fuzzy-only auto-merge was performed.
D000563,R001859,R001107,normalized_doi,10.1016/j.jpdc.2022.04.001,retain_as_linked_duplicate_exclude_from_screening_count,rule_verified,No fuzzy-only auto-merge was performed.
D000564,R001860,R001105,normalized_doi,10.1016/j.energy.2023.127744,retain_as_linked_duplicate_exclude_from_screening_count,rule_verified,No fuzzy-only auto-merge was performed.
D000565,R001861,R001655,normalized_doi,10.1016/j.procs.2016.02.093,retain_as_linked_duplicate_exclude_from_screening_count,rule_verified,No fuzzy-only auto-merge was performed.
D000566,R001862,R001080,normalized_doi,10.1007/s10586-022-03713-0,retain_as_linked_duplicate_exclude_from_screening_count,rule_verified,No fuzzy-only auto-merge was performed.
D000567,R001863,R001115,normalized_doi,10.1093/nar/gkw1060,retain_as_linked_duplicate_exclude_from_screening_count,rule_verified,No fuzzy-only auto-merge was performed.
D000568,R001865,R001116,normalized_doi,10.1109/access.2020.2968586,retain_as_linked_duplicate_exclude_from_screening_count,rule_verified,No fuzzy-only auto-merge was performed.
D000569,R001866,R001117,normalized_doi,10.1016/j.ijepes.2021.107137,retain_as_linked_duplicate_exclude_from_screening_count,rule_verified,No fuzzy-only auto-merge was performed.
D000570,R001868,R001121,normalized_doi,10.1016/j.jnca.2015.12.016,retain_as_linked_duplicate_exclude_from_screening_count,rule_verified,No fuzzy-only auto-merge was performed.
D000571,R001872,R001122,normalized_doi,10.1021/acs.chemrev.0c00767,retain_as_linked_duplicate_exclude_from_screening_count,rule_verified,No fuzzy-only auto-merge was performed.
D000572,R001873,R001123,normalized_doi,10.1038/s41586-019-1682-5,retain_as_linked_duplicate_exclude_from_screening_count,rule_verified,No fuzzy-only auto-merge was performed.
D000573,R001874,R001124,normalized_doi,10.1016/j.energy.2021.121608,retain_as_linked_duplicate_exclude_from_screening_count,rule_verified,No fuzzy-only auto-merge was performed.
D000574,R001875,R001125,normalized_doi,10.3390/en15020589,retain_as_linked_duplicate_exclude_from_screening_count,rule_verified,No fuzzy-only auto-merge was performed.
D000575,R001876,R001680,normalized_doi,10.1016/j.rser.2021.111060,retain_as_linked_duplicate_exclude_from_screening_count,rule_verified,No fuzzy-only auto-merge was performed.
D000576,R001877,R001126,normalized_doi,10.3390/smartcities4010022,retain_as_linked_duplicate_exclude_from_screening_count,rule_verified,No fuzzy-only auto-merge was performed.
D000577,R001879,R001128,normalized_doi,10.1109/tsg.2017.2763683,retain_as_linked_duplicate_exclude_from_screening_count,rule_verified,No fuzzy-only auto-merge was performed.
D000578,R001880,R001131,normalized_doi,10.1016/j.est.2022.105241,retain_as_linked_duplicate_exclude_from_screening_count,rule_verified,No fuzzy-only auto-merge was performed.
D000579,R001881,R001140,normalized_doi,10.1002/aenm.201900161,retain_as_linked_duplicate_exclude_from_screening_count,rule_verified,No fuzzy-only auto-merge was performed.
D000580,R001882,R001122,normalized_doi,10.1021/acs.chemrev.0c00767,retain_as_linked_duplicate_exclude_from_screening_count,rule_verified,No fuzzy-only auto-merge was performed.
D000581,R001883,R001123,normalized_doi,10.1038/s41586-019-1682-5,retain_as_linked_duplicate_exclude_from_screening_count,rule_verified,No fuzzy-only auto-merge was performed.
D000582,R001884,R001125,normalized_doi,10.3390/en15020589,retain_as_linked_duplicate_exclude_from_screening_count,rule_verified,No fuzzy-only auto-merge was performed.
D000583,R001885,R001128,normalized_doi,10.1109/tsg.2017.2763683,retain_as_linked_duplicate_exclude_from_screening_count,rule_verified,No fuzzy-only auto-merge was performed.
D000584,R001886,R001124,normalized_doi,10.1016/j.energy.2021.121608,retain_as_linked_duplicate_exclude_from_screening_count,rule_verified,No fuzzy-only auto-merge was performed.
D000585,R001887,R001684,normalized_doi,10.1016/j.rser.2015.09.012,retain_as_linked_duplicate_exclude_from_screening_count,rule_verified,No fuzzy-only auto-merge was performed.
D000586,R001888,R001137,normalized_doi,10.1109/tsg.2015.2436901,retain_as_linked_duplicate_exclude_from_screening_count,rule_verified,No fuzzy-only auto-merge was performed.
D000587,R001890,R001131,normalized_doi,10.1016/j.est.2022.105241,retain_as_linked_duplicate_exclude_from_screening_count,rule_verified,No fuzzy-only auto-merge was performed.
D000588,R001892,R001142,normalized_doi,10.1016/j.apenergy.2015.04.092,retain_as_linked_duplicate_exclude_from_screening_count,rule_verified,No fuzzy-only auto-merge was performed.
D000589,R001893,R001124,normalized_doi,10.1016/j.energy.2021.121608,retain_as_linked_duplicate_exclude_from_screening_count,rule_verified,No fuzzy-only auto-merge was performed.
D000590,R001894,R001125,normalized_doi,10.3390/en15020589,retain_as_linked_duplicate_exclude_from_screening_count,rule_verified,No fuzzy-only auto-merge was performed.
D000591,R001895,R001680,normalized_doi,10.1016/j.rser.2021.111060,retain_as_linked_duplicate_exclude_from_screening_count,rule_verified,No fuzzy-only auto-merge was performed.
D000592,R001896,R001126,normalized_doi,10.3390/smartcities4010022,retain_as_linked_duplicate_exclude_from_screening_count,rule_verified,No fuzzy-only auto-merge was performed.
D000593,R001897,R001128,normalized_doi,10.1109/tsg.2017.2763683,retain_as_linked_duplicate_exclude_from_screening_count,rule_verified,No fuzzy-only auto-merge was performed.
D000594,R001898,R001697,normalized_doi,10.1016/j.rser.2022.112812,retain_as_linked_duplicate_exclude_from_screening_count,rule_verified,No fuzzy-only auto-merge was performed.
D000595,R001899,R001131,normalized_doi,10.1016/j.est.2022.105241,retain_as_linked_duplicate_exclude_from_screening_count,rule_verified,No fuzzy-only auto-merge was performed.
D000596,R001900,R001139,normalized_doi,10.1109/access.2019.2958664,retain_as_linked_duplicate_exclude_from_screening_count,rule_verified,No fuzzy-only auto-merge was performed.
D000597,R001901,R001141,normalized_doi,10.1016/j.apenergy.2018.02.038,retain_as_linked_duplicate_exclude_from_screening_count,rule_verified,No fuzzy-only auto-merge was performed.
D000598,R001902,R001125,normalized_doi,10.3390/en15020589,retain_as_linked_duplicate_exclude_from_screening_count,rule_verified,No fuzzy-only auto-merge was performed.
D000599,R001903,R001131,normalized_doi,10.1016/j.est.2022.105241,retain_as_linked_duplicate_exclude_from_screening_count,rule_verified,No fuzzy-only auto-merge was performed.
D000600,R001904,R001128,normalized_doi,10.1109/tsg.2017.2763683,retain_as_linked_duplicate_exclude_from_screening_count,rule_verified,No fuzzy-only auto-merge was performed.
D000601,R001905,R001155,normalized_doi,10.1016/j.adapen.2021.100077,retain_as_linked_duplicate_exclude_from_screening_count,rule_verified,No fuzzy-only auto-merge was performed.
D000602,R001907,R001156,normalized_doi,10.1109/access.2022.3217525,retain_as_linked_duplicate_exclude_from_screening_count,rule_verified,No fuzzy-only auto-merge was performed.
D000603,R001908,R001157,normalized_doi,10.1016/j.trc.2017.05.006,retain_as_linked_duplicate_exclude_from_screening_count,rule_verified,No fuzzy-only auto-merge was performed.
D000604,R001909,R001159,normalized_doi,10.3390/en15030803,retain_as_linked_duplicate_exclude_from_screening_count,rule_verified,No fuzzy-only auto-merge was performed.
D000605,R001910,R001158,normalized_doi,10.1016/j.tbs.2020.12.008,retain_as_linked_duplicate_exclude_from_screening_count,rule_verified,No fuzzy-only auto-merge was performed.
D000606,R001912,R001123,normalized_doi,10.1038/s41586-019-1682-5,retain_as_linked_duplicate_exclude_from_screening_count,rule_verified,No fuzzy-only auto-merge was performed.
D000607,R001913,R001124,normalized_doi,10.1016/j.energy.2021.121608,retain_as_linked_duplicate_exclude_from_screening_count,rule_verified,No fuzzy-only auto-merge was performed.
D000608,R001915,R001164,normalized_doi,10.1109/tpwrs.2015.2396524,retain_as_linked_duplicate_exclude_from_screening_count,rule_verified,No fuzzy-only auto-merge was performed.
D000609,R001917,R001131,normalized_doi,10.1016/j.est.2022.105241,retain_as_linked_duplicate_exclude_from_screening_count,rule_verified,No fuzzy-only auto-merge was performed.
D000610,R001918,R001166,normalized_doi,10.1088/1757-899x/561/1/012103,retain_as_linked_duplicate_exclude_from_screening_count,rule_verified,No fuzzy-only auto-merge was performed.
D000611,R001919,R001718,normalized_doi,10.1016/j.est.2023.109304,retain_as_linked_duplicate_exclude_from_screening_count,rule_verified,No fuzzy-only auto-merge was performed.
D000612,R001920,R001715,normalized_doi,10.1016/j.jclepro.2019.119911,retain_as_linked_duplicate_exclude_from_screening_count,rule_verified,No fuzzy-only auto-merge was performed.
D000613,R001921,R001168,normalized_doi,10.1088/1748-9326/aa9c6d,retain_as_linked_duplicate_exclude_from_screening_count,rule_verified,No fuzzy-only auto-merge was performed.
D000614,R000032,R000025,normalized_doi,10.1016/j.jobe.2025.112731,retain_as_linked_duplicate_exclude_from_screening_count,rule_verified,No fuzzy-only auto-merge was performed.
D000615,R000034,R000022,normalized_doi,10.1016/b978-0-323-99588-7.00001-8,retain_as_linked_duplicate_exclude_from_screening_count,rule_verified,No fuzzy-only auto-merge was performed.
D000616,R000035,R000023,normalized_doi,10.1016/b978-0-323-99588-7.00009-2,retain_as_linked_duplicate_exclude_from_screening_count,rule_verified,No fuzzy-only auto-merge was performed.
D000617,R000039,R000024,normalized_doi,10.1016/b978-0-323-99588-7.00010-9,retain_as_linked_duplicate_exclude_from_screening_count,rule_verified,No fuzzy-only auto-merge was performed.
D000618,R000041,R001238,normalized_doi,10.3390/en17194794,retain_as_linked_duplicate_exclude_from_screening_count,rule_verified,No fuzzy-only auto-merge was performed.
D000619,R000042,R000033,normalized_doi,10.1002/9781394203093.ch1,retain_as_linked_duplicate_exclude_from_screening_count,rule_verified,No fuzzy-only auto-merge was performed.
D000620,R000043,R000023,normalized_doi,10.1016/b978-0-323-99588-7.00009-2,retain_as_linked_duplicate_exclude_from_screening_count,rule_verified,No fuzzy-only auto-merge was performed.
D000621,R000044,R000022,normalized_doi,10.1016/b978-0-323-99588-7.00001-8,retain_as_linked_duplicate_exclude_from_screening_count,rule_verified,No fuzzy-only auto-merge was performed.
D000622,R000046,R000025,normalized_doi,10.1016/j.jobe.2025.112731,retain_as_linked_duplicate_exclude_from_screening_count,rule_verified,No fuzzy-only auto-merge was performed.
D000623,R000047,R001238,normalized_doi,10.3390/en17194794,retain_as_linked_duplicate_exclude_from_screening_count,rule_verified,No fuzzy-only auto-merge was performed.
D000624,R000049,R000024,normalized_doi,10.1016/b978-0-323-99588-7.00010-9,retain_as_linked_duplicate_exclude_from_screening_count,rule_verified,No fuzzy-only auto-merge was performed.
D000625,R000050,R000026,normalized_doi,10.1016/b978-0-323-99588-7.00002-x,retain_as_linked_duplicate_exclude_from_screening_count,rule_verified,No fuzzy-only auto-merge was performed.
D000626,R000051,R000028,normalized_doi,10.1016/b978-0-323-99588-7.00004-3,retain_as_linked_duplicate_exclude_from_screening_count,rule_verified,No fuzzy-only auto-merge was performed.
D000627,R000053,R000023,normalized_doi,10.1016/b978-0-323-99588-7.00009-2,retain_as_linked_duplicate_exclude_from_screening_count,rule_verified,No fuzzy-only auto-merge was performed.
D000628,R000055,R000022,normalized_doi,10.1016/b978-0-323-99588-7.00001-8,retain_as_linked_duplicate_exclude_from_screening_count,rule_verified,No fuzzy-only auto-merge was performed.
D000629,R000057,R000033,normalized_doi,10.1002/9781394203093.ch1,retain_as_linked_duplicate_exclude_from_screening_count,rule_verified,No fuzzy-only auto-merge was performed.
D000630,R000059,R000045,normalized_doi,10.1109/pesgre52268.2022.9715880,retain_as_linked_duplicate_exclude_from_screening_count,rule_verified,No fuzzy-only auto-merge was performed.
D000631,R000061,R000024,normalized_doi,10.1016/b978-0-323-99588-7.00010-9,retain_as_linked_duplicate_exclude_from_screening_count,rule_verified,No fuzzy-only auto-merge was performed.
D000632,R000062,R000025,normalized_doi,10.1016/j.jobe.2025.112731,retain_as_linked_duplicate_exclude_from_screening_count,rule_verified,No fuzzy-only auto-merge was performed.
D000633,R000063,R000033,normalized_doi,10.1002/9781394203093.ch1,retain_as_linked_duplicate_exclude_from_screening_count,rule_verified,No fuzzy-only auto-merge was performed.
D000634,R000064,R000022,normalized_doi,10.1016/b978-0-323-99588-7.00001-8,retain_as_linked_duplicate_exclude_from_screening_count,rule_verified,No fuzzy-only auto-merge was performed.
D000635,R000065,R000023,normalized_doi,10.1016/b978-0-323-99588-7.00009-2,retain_as_linked_duplicate_exclude_from_screening_count,rule_verified,No fuzzy-only auto-merge was performed.
D000636,R000066,R000045,normalized_doi,10.1109/pesgre52268.2022.9715880,retain_as_linked_duplicate_exclude_from_screening_count,rule_verified,No fuzzy-only auto-merge was performed.
D000637,R000067,R000024,normalized_doi,10.1016/b978-0-323-99588-7.00010-9,retain_as_linked_duplicate_exclude_from_screening_count,rule_verified,No fuzzy-only auto-merge was performed.
D000638,R000068,R001238,normalized_doi,10.3390/en17194794,retain_as_linked_duplicate_exclude_from_screening_count,rule_verified,No fuzzy-only auto-merge was performed.
D000639,R000069,R000036,normalized_doi,10.1016/j.jobe.2024.110406,retain_as_linked_duplicate_exclude_from_screening_count,rule_verified,No fuzzy-only auto-merge was performed.
D000640,R000070,R000026,normalized_doi,10.1016/b978-0-323-99588-7.00002-x,retain_as_linked_duplicate_exclude_from_screening_count,rule_verified,No fuzzy-only auto-merge was performed.
D000641,R000085,R000072,normalized_doi,10.1002/9781119851288.ch8,retain_as_linked_duplicate_exclude_from_screening_count,rule_verified,No fuzzy-only auto-merge was performed.
D000642,R000089,R000073,normalized_doi,10.1201/9788743801108-11,retain_as_linked_duplicate_exclude_from_screening_count,rule_verified,No fuzzy-only auto-merge was performed.
D000643,R000092,R000073,normalized_doi,10.1201/9788743801108-11,retain_as_linked_duplicate_exclude_from_screening_count,rule_verified,No fuzzy-only auto-merge was performed.
D000644,R000102,R000072,normalized_doi,10.1002/9781119851288.ch8,retain_as_linked_duplicate_exclude_from_screening_count,rule_verified,No fuzzy-only auto-merge was performed.
D000645,R000105,R000073,normalized_doi,10.1201/9788743801108-11,retain_as_linked_duplicate_exclude_from_screening_count,rule_verified,No fuzzy-only auto-merge was performed.
D000646,R000109,R000094,normalized_doi,10.1016/j.energy.2023.129825,retain_as_linked_duplicate_exclude_from_screening_count,rule_verified,No fuzzy-only auto-merge was performed.
D000647,R000112,R000072,normalized_doi,10.1002/9781119851288.ch8,retain_as_linked_duplicate_exclude_from_screening_count,rule_verified,No fuzzy-only auto-merge was performed.
D000648,R000113,R000073,normalized_doi,10.1201/9788743801108-11,retain_as_linked_duplicate_exclude_from_screening_count,rule_verified,No fuzzy-only auto-merge was performed.
D000649,R000115,R000078,normalized_doi,10.33103/uot.ijccce.25.1.5,retain_as_linked_duplicate_exclude_from_screening_count,rule_verified,No fuzzy-only auto-merge was performed.
D000650,R000116,R000079,normalized_doi,10.1109/access.2022.3158948,retain_as_linked_duplicate_exclude_from_screening_count,rule_verified,No fuzzy-only auto-merge was performed.
D000651,R000121,R000096,normalized_doi,10.1109/netsoft70012.2026.11603526,retain_as_linked_duplicate_exclude_from_screening_count,rule_verified,No fuzzy-only auto-merge was performed.
D000652,R000132,R000122,normalized_doi,10.1093/oed/7022933169,retain_as_linked_duplicate_exclude_from_screening_count,rule_verified,No fuzzy-only auto-merge was performed.
D000653,R000133,R000123,normalized_doi,10.1002/9781119597537.ch5,retain_as_linked_duplicate_exclude_from_screening_count,rule_verified,No fuzzy-only auto-merge was performed.
D000654,R000134,R000125,normalized_doi,10.32920/ryerson.14652369,retain_as_linked_duplicate_exclude_from_screening_count,rule_verified,No fuzzy-only auto-merge was performed.
D000655,R000135,R000126,normalized_doi,10.32920/ryerson.14652369.v1,retain_as_linked_duplicate_exclude_from_screening_count,rule_verified,No fuzzy-only auto-merge was performed.
D000656,R000137,R000127,normalized_doi,10.70179/rvbfak07,retain_as_linked_duplicate_exclude_from_screening_count,rule_verified,No fuzzy-only auto-merge was performed.
D000657,R000138,R000128,normalized_doi,10.6028/nist.sp.800-239,retain_as_linked_duplicate_exclude_from_screening_count,rule_verified,No fuzzy-only auto-merge was performed.
D000658,R000139,R000129,normalized_doi,10.6028/nist.sp.800-239.ipd,retain_as_linked_duplicate_exclude_from_screening_count,rule_verified,No fuzzy-only auto-merge was performed.
D000659,R000141,R000130,normalized_doi,10.5194/egusphere-egu22-2145,retain_as_linked_duplicate_exclude_from_screening_count,rule_verified,No fuzzy-only auto-merge was performed.
D000660,R000142,R000122,normalized_doi,10.1093/oed/7022933169,retain_as_linked_duplicate_exclude_from_screening_count,rule_verified,No fuzzy-only auto-merge was performed.
D000661,R000143,R000123,normalized_doi,10.1002/9781119597537.ch5,retain_as_linked_duplicate_exclude_from_screening_count,rule_verified,No fuzzy-only auto-merge was performed.
D000662,R000144,R000130,normalized_doi,10.5194/egusphere-egu22-2145,retain_as_linked_duplicate_exclude_from_screening_count,rule_verified,No fuzzy-only auto-merge was performed.
D000663,R000145,R000125,normalized_doi,10.32920/ryerson.14652369,retain_as_linked_duplicate_exclude_from_screening_count,rule_verified,No fuzzy-only auto-merge was performed.
D000664,R000146,R000126,normalized_doi,10.32920/ryerson.14652369.v1,retain_as_linked_duplicate_exclude_from_screening_count,rule_verified,No fuzzy-only auto-merge was performed.
D000665,R000147,R000127,normalized_doi,10.70179/rvbfak07,retain_as_linked_duplicate_exclude_from_screening_count,rule_verified,No fuzzy-only auto-merge was performed.
D000666,R000148,R000128,normalized_doi,10.6028/nist.sp.800-239,retain_as_linked_duplicate_exclude_from_screening_count,rule_verified,No fuzzy-only auto-merge was performed.
D000667,R000149,R000129,normalized_doi,10.6028/nist.sp.800-239.ipd,retain_as_linked_duplicate_exclude_from_screening_count,rule_verified,No fuzzy-only auto-merge was performed.
D000668,R000150,R000131,normalized_doi,10.38007/ijbdit.2020.010102,retain_as_linked_duplicate_exclude_from_screening_count,rule_verified,No fuzzy-only auto-merge was performed.
D000669,R000152,R000122,normalized_doi,10.1093/oed/7022933169,retain_as_linked_duplicate_exclude_from_screening_count,rule_verified,No fuzzy-only auto-merge was performed.
D000670,R000154,R000123,normalized_doi,10.1002/9781119597537.ch5,retain_as_linked_duplicate_exclude_from_screening_count,rule_verified,No fuzzy-only auto-merge was performed.
D000671,R000157,R000125,normalized_doi,10.32920/ryerson.14652369,retain_as_linked_duplicate_exclude_from_screening_count,rule_verified,No fuzzy-only auto-merge was performed.
D000672,R000158,R000126,normalized_doi,10.32920/ryerson.14652369.v1,retain_as_linked_duplicate_exclude_from_screening_count,rule_verified,No fuzzy-only auto-merge was performed.
D000673,R000162,R000122,normalized_doi,10.1093/oed/7022933169,retain_as_linked_duplicate_exclude_from_screening_count,rule_verified,No fuzzy-only auto-merge was performed.
D000674,R000163,R000123,normalized_doi,10.1002/9781119597537.ch5,retain_as_linked_duplicate_exclude_from_screening_count,rule_verified,No fuzzy-only auto-merge was performed.
D000675,R000164,R000125,normalized_doi,10.32920/ryerson.14652369,retain_as_linked_duplicate_exclude_from_screening_count,rule_verified,No fuzzy-only auto-merge was performed.
D000676,R000165,R000126,normalized_doi,10.32920/ryerson.14652369.v1,retain_as_linked_duplicate_exclude_from_screening_count,rule_verified,No fuzzy-only auto-merge was performed.
D000677,R000167,R000127,normalized_doi,10.70179/rvbfak07,retain_as_linked_duplicate_exclude_from_screening_count,rule_verified,No fuzzy-only auto-merge was performed.
D000678,R000169,R000128,normalized_doi,10.6028/nist.sp.800-239,retain_as_linked_duplicate_exclude_from_screening_count,rule_verified,No fuzzy-only auto-merge was performed.
D000679,R000170,R000129,normalized_doi,10.6028/nist.sp.800-239.ipd,retain_as_linked_duplicate_exclude_from_screening_count,rule_verified,No fuzzy-only auto-merge was performed.
D000680,R000171,R000130,normalized_doi,10.5194/egusphere-egu22-2145,retain_as_linked_duplicate_exclude_from_screening_count,rule_verified,No fuzzy-only auto-merge was performed.
D000681,R000172,R001124,normalized_doi,10.1016/j.energy.2021.121608,retain_as_linked_duplicate_exclude_from_screening_count,rule_verified,No fuzzy-only auto-merge was performed.
D000682,R000173,R001427,normalized_doi,10.3390/wevj11010014,retain_as_linked_duplicate_exclude_from_screening_count,rule_verified,No fuzzy-only auto-merge was performed.
D000683,R000176,R000080,normalized_doi,10.11159/eee25.138,retain_as_linked_duplicate_exclude_from_screening_count,rule_verified,No fuzzy-only auto-merge was performed.
D000684,R000183,R001124,normalized_doi,10.1016/j.energy.2021.121608,retain_as_linked_duplicate_exclude_from_screening_count,rule_verified,No fuzzy-only auto-merge was performed.
D000685,R000185,R000179,normalized_doi,10.1109/isgt-asia.2015.7387135,retain_as_linked_duplicate_exclude_from_screening_count,rule_verified,No fuzzy-only auto-merge was performed.
D000686,R000188,R001427,normalized_doi,10.3390/wevj11010014,retain_as_linked_duplicate_exclude_from_screening_count,rule_verified,No fuzzy-only auto-merge was performed.
D000687,R000192,R000178,normalized_doi,10.1109/pesgre45664.2020.9070489,retain_as_linked_duplicate_exclude_from_screening_count,rule_verified,No fuzzy-only auto-merge was performed.
D000688,R000193,R001124,normalized_doi,10.1016/j.energy.2021.121608,retain_as_linked_duplicate_exclude_from_screening_count,rule_verified,No fuzzy-only auto-merge was performed.
D000689,R000194,R000180,normalized_doi,10.1109/calcon49167.2020.9106552,retain_as_linked_duplicate_exclude_from_screening_count,rule_verified,No fuzzy-only auto-merge was performed.
D000690,R000196,R000179,normalized_doi,10.1109/isgt-asia.2015.7387135,retain_as_linked_duplicate_exclude_from_screening_count,rule_verified,No fuzzy-only auto-merge was performed.
D000691,R000202,R001124,normalized_doi,10.1016/j.energy.2021.121608,retain_as_linked_duplicate_exclude_from_screening_count,rule_verified,No fuzzy-only auto-merge was performed.
D000692,R000203,R000178,normalized_doi,10.1109/pesgre45664.2020.9070489,retain_as_linked_duplicate_exclude_from_screening_count,rule_verified,No fuzzy-only auto-merge was performed.
D000693,R000204,R000198,normalized_doi,10.1049/pbpo079e_ch2,retain_as_linked_duplicate_exclude_from_screening_count,rule_verified,No fuzzy-only auto-merge was performed.
D000694,R000212,R001124,normalized_doi,10.1016/j.energy.2021.121608,retain_as_linked_duplicate_exclude_from_screening_count,rule_verified,No fuzzy-only auto-merge was performed.
D000695,R000213,R001914,normalized_doi,10.1109/tsg.2016.2603502,retain_as_linked_duplicate_exclude_from_screening_count,rule_verified,No fuzzy-only auto-merge was performed.
D000696,R000214,R000178,normalized_doi,10.1109/pesgre45664.2020.9070489,retain_as_linked_duplicate_exclude_from_screening_count,rule_verified,No fuzzy-only auto-merge was performed.
D000697,R000215,R000179,normalized_doi,10.1109/isgt-asia.2015.7387135,retain_as_linked_duplicate_exclude_from_screening_count,rule_verified,No fuzzy-only auto-merge was performed.
D000698,R000216,R000180,normalized_doi,10.1109/calcon49167.2020.9106552,retain_as_linked_duplicate_exclude_from_screening_count,rule_verified,No fuzzy-only auto-merge was performed.
D000699,R000219,R000201,normalized_doi,10.1007/978-981-15-2639-8_7,retain_as_linked_duplicate_exclude_from_screening_count,rule_verified,No fuzzy-only auto-merge was performed.
D000700,R000224,R000048,normalized_doi,10.1109/icsmartgrid58556.2023.10170914,retain_as_linked_duplicate_exclude_from_screening_count,rule_verified,No fuzzy-only auto-merge was performed.
D000701,R000225,R000023,normalized_doi,10.1016/b978-0-323-99588-7.00009-2,retain_as_linked_duplicate_exclude_from_screening_count,rule_verified,No fuzzy-only auto-merge was performed.
D000702,R000229,R000205,normalized_doi,10.1109/icrera.2018.8567002,retain_as_linked_duplicate_exclude_from_screening_count,rule_verified,No fuzzy-only auto-merge was performed.
D000703,R000232,R000223,normalized_doi,10.1109/ptc.2015.7232774,retain_as_linked_duplicate_exclude_from_screening_count,rule_verified,No fuzzy-only auto-merge was performed.
D000704,R000233,R000222,normalized_doi,10.1016/j.egyr.2025.11.057,retain_as_linked_duplicate_exclude_from_screening_count,rule_verified,No fuzzy-only auto-merge was performed.
D000705,R000234,R000228,normalized_doi,10.1080/19401493.2026.2712297,retain_as_linked_duplicate_exclude_from_screening_count,rule_verified,No fuzzy-only auto-merge was performed.
D000706,R000235,R000226,normalized_doi,10.2139/ssrn.6955743,retain_as_linked_duplicate_exclude_from_screening_count,rule_verified,No fuzzy-only auto-merge was performed.
D000707,R000236,R000205,normalized_doi,10.1109/icrera.2018.8567002,retain_as_linked_duplicate_exclude_from_screening_count,rule_verified,No fuzzy-only auto-merge was performed.
D000708,R000237,R000048,normalized_doi,10.1109/icsmartgrid58556.2023.10170914,retain_as_linked_duplicate_exclude_from_screening_count,rule_verified,No fuzzy-only auto-merge was performed.
D000709,R000242,R000222,normalized_doi,10.1016/j.egyr.2025.11.057,retain_as_linked_duplicate_exclude_from_screening_count,rule_verified,No fuzzy-only auto-merge was performed.
D000710,R000243,R000223,normalized_doi,10.1109/ptc.2015.7232774,retain_as_linked_duplicate_exclude_from_screening_count,rule_verified,No fuzzy-only auto-merge was performed.
D000711,R000244,R000048,normalized_doi,10.1109/icsmartgrid58556.2023.10170914,retain_as_linked_duplicate_exclude_from_screening_count,rule_verified,No fuzzy-only auto-merge was performed.
D000712,R000245,R000205,normalized_doi,10.1109/icrera.2018.8567002,retain_as_linked_duplicate_exclude_from_screening_count,rule_verified,No fuzzy-only auto-merge was performed.
D000713,R000246,R000226,normalized_doi,10.2139/ssrn.6955743,retain_as_linked_duplicate_exclude_from_screening_count,rule_verified,No fuzzy-only auto-merge was performed.
D000714,R000247,R000033,normalized_doi,10.1002/9781394203093.ch1,retain_as_linked_duplicate_exclude_from_screening_count,rule_verified,No fuzzy-only auto-merge was performed.
D000715,R000248,R000239,normalized_doi,10.1109/sesg67016.2025.00020,retain_as_linked_duplicate_exclude_from_screening_count,rule_verified,No fuzzy-only auto-merge was performed.
D000716,R000249,R000228,normalized_doi,10.1080/19401493.2026.2712297,retain_as_linked_duplicate_exclude_from_screening_count,rule_verified,No fuzzy-only auto-merge was performed.
D000717,R000251,R000238,normalized_doi,10.1016/j.jobe.2024.111722,retain_as_linked_duplicate_exclude_from_screening_count,rule_verified,No fuzzy-only auto-merge was performed.
D000718,R000252,R000226,normalized_doi,10.2139/ssrn.6955743,retain_as_linked_duplicate_exclude_from_screening_count,rule_verified,No fuzzy-only auto-merge was performed.
D000719,R000253,R000228,normalized_doi,10.1080/19401493.2026.2712297,retain_as_linked_duplicate_exclude_from_screening_count,rule_verified,No fuzzy-only auto-merge was performed.
D000720,R000254,R000205,normalized_doi,10.1109/icrera.2018.8567002,retain_as_linked_duplicate_exclude_from_screening_count,rule_verified,No fuzzy-only auto-merge was performed.
D000721,R000256,R000222,normalized_doi,10.1016/j.egyr.2025.11.057,retain_as_linked_duplicate_exclude_from_screening_count,rule_verified,No fuzzy-only auto-merge was performed.
D000722,R000257,R000223,normalized_doi,10.1109/ptc.2015.7232774,retain_as_linked_duplicate_exclude_from_screening_count,rule_verified,No fuzzy-only auto-merge was performed.
D000723,R000258,R000048,normalized_doi,10.1109/icsmartgrid58556.2023.10170914,retain_as_linked_duplicate_exclude_from_screening_count,rule_verified,No fuzzy-only auto-merge was performed.
D000724,R000259,R000231,normalized_doi,10.1115/es2015-49233,retain_as_linked_duplicate_exclude_from_screening_count,rule_verified,No fuzzy-only auto-merge was performed.
D000725,R000262,R000223,normalized_doi,10.1109/ptc.2015.7232774,retain_as_linked_duplicate_exclude_from_screening_count,rule_verified,No fuzzy-only auto-merge was performed.
D000726,R000263,R000227,normalized_doi,10.22360/springsim.2020.cns.004,retain_as_linked_duplicate_exclude_from_screening_count,rule_verified,No fuzzy-only auto-merge was performed.
D000727,R000264,R000222,normalized_doi,10.1016/j.egyr.2025.11.057,retain_as_linked_duplicate_exclude_from_screening_count,rule_verified,No fuzzy-only auto-merge was performed.
D000728,R000265,R000228,normalized_doi,10.1080/19401493.2026.2712297,retain_as_linked_duplicate_exclude_from_screening_count,rule_verified,No fuzzy-only auto-merge was performed.
D000729,R000266,R000205,normalized_doi,10.1109/icrera.2018.8567002,retain_as_linked_duplicate_exclude_from_screening_count,rule_verified,No fuzzy-only auto-merge was performed.
D000730,R000267,R000226,normalized_doi,10.2139/ssrn.6955743,retain_as_linked_duplicate_exclude_from_screening_count,rule_verified,No fuzzy-only auto-merge was performed.
D000731,R000268,R000238,normalized_doi,10.1016/j.jobe.2024.111722,retain_as_linked_duplicate_exclude_from_screening_count,rule_verified,No fuzzy-only auto-merge was performed.
D000732,R000269,R000048,normalized_doi,10.1109/icsmartgrid58556.2023.10170914,retain_as_linked_duplicate_exclude_from_screening_count,rule_verified,No fuzzy-only auto-merge was performed.
D000733,R000270,R000239,normalized_doi,10.1109/sesg67016.2025.00020,retain_as_linked_duplicate_exclude_from_screening_count,rule_verified,No fuzzy-only auto-merge was performed.
D000734,R000271,R000033,normalized_doi,10.1002/9781394203093.ch1,retain_as_linked_duplicate_exclude_from_screening_count,rule_verified,No fuzzy-only auto-merge was performed.
D000735,R000272,R000023,normalized_doi,10.1016/b978-0-323-99588-7.00009-2,retain_as_linked_duplicate_exclude_from_screening_count,rule_verified,No fuzzy-only auto-merge was performed.
D000736,R000273,R000026,normalized_doi,10.1016/b978-0-323-99588-7.00002-x,retain_as_linked_duplicate_exclude_from_screening_count,rule_verified,No fuzzy-only auto-merge was performed.
D000737,R000274,R000024,normalized_doi,10.1016/b978-0-323-99588-7.00010-9,retain_as_linked_duplicate_exclude_from_screening_count,rule_verified,No fuzzy-only auto-merge was performed.
D000738,R000275,R000230,normalized_doi,10.1109/icpedc47771.2019.9036650,retain_as_linked_duplicate_exclude_from_screening_count,rule_verified,No fuzzy-only auto-merge was performed.
D000739,R000276,R000033,normalized_doi,10.1002/9781394203093.ch1,retain_as_linked_duplicate_exclude_from_screening_count,rule_verified,No fuzzy-only auto-merge was performed.
D000740,R000277,R000027,normalized_doi,10.1016/b978-0-323-99588-7.00005-5,retain_as_linked_duplicate_exclude_from_screening_count,rule_verified,No fuzzy-only auto-merge was performed.
D000741,R000278,R000029,normalized_doi,10.1016/c2021-0-02510-4,retain_as_linked_duplicate_exclude_from_screening_count,rule_verified,No fuzzy-only auto-merge was performed.
D000742,R000279,R000028,normalized_doi,10.1016/b978-0-323-99588-7.00004-3,retain_as_linked_duplicate_exclude_from_screening_count,rule_verified,No fuzzy-only auto-merge was performed.
D000743,R000281,R000030,normalized_doi,10.1016/b978-0-323-99588-7.00003-1,retain_as_linked_duplicate_exclude_from_screening_count,rule_verified,No fuzzy-only auto-merge was performed.
D000744,R000282,R000033,normalized_doi,10.1002/9781394203093.ch1,retain_as_linked_duplicate_exclude_from_screening_count,rule_verified,No fuzzy-only auto-merge was performed.
D000745,R000283,R000241,normalized_doi,10.1016/j.jobe.2024.109401,retain_as_linked_duplicate_exclude_from_screening_count,rule_verified,No fuzzy-only auto-merge was performed.
D000746,R000284,R000226,normalized_doi,10.2139/ssrn.6955743,retain_as_linked_duplicate_exclude_from_screening_count,rule_verified,No fuzzy-only auto-merge was performed.
D000747,R000285,R000038,normalized_doi,10.1016/j.energy.2021.120741,retain_as_linked_duplicate_exclude_from_screening_count,rule_verified,No fuzzy-only auto-merge was performed.
D000748,R000286,R000255,normalized_doi,10.2139/ssrn.6993209,retain_as_linked_duplicate_exclude_from_screening_count,rule_verified,No fuzzy-only auto-merge was performed.
D000749,R000287,R000037,normalized_doi,10.46855/energy-proceedings-3450,retain_as_linked_duplicate_exclude_from_screening_count,rule_verified,No fuzzy-only auto-merge was performed.
D000750,R000292,R000033,normalized_doi,10.1002/9781394203093.ch1,retain_as_linked_duplicate_exclude_from_screening_count,rule_verified,No fuzzy-only auto-merge was performed.
D000751,R000293,R000241,normalized_doi,10.1016/j.jobe.2024.109401,retain_as_linked_duplicate_exclude_from_screening_count,rule_verified,No fuzzy-only auto-merge was performed.
D000752,R000294,R000023,normalized_doi,10.1016/b978-0-323-99588-7.00009-2,retain_as_linked_duplicate_exclude_from_screening_count,rule_verified,No fuzzy-only auto-merge was performed.
D000753,R000295,R000226,normalized_doi,10.2139/ssrn.6955743,retain_as_linked_duplicate_exclude_from_screening_count,rule_verified,No fuzzy-only auto-merge was performed.
D000754,R000296,R000289,normalized_doi,10.63044/w26ha15,retain_as_linked_duplicate_exclude_from_screening_count,rule_verified,No fuzzy-only auto-merge was performed.
D000755,R000297,R000255,normalized_doi,10.2139/ssrn.6993209,retain_as_linked_duplicate_exclude_from_screening_count,rule_verified,No fuzzy-only auto-merge was performed.
D000756,R000298,R000291,normalized_doi,10.2139/ssrn.4512866,retain_as_linked_duplicate_exclude_from_screening_count,rule_verified,No fuzzy-only auto-merge was performed.
D000757,R000299,R000045,normalized_doi,10.1109/pesgre52268.2022.9715880,retain_as_linked_duplicate_exclude_from_screening_count,rule_verified,No fuzzy-only auto-merge was performed.
D000758,R000300,R000026,normalized_doi,10.1016/b978-0-323-99588-7.00002-x,retain_as_linked_duplicate_exclude_from_screening_count,rule_verified,No fuzzy-only auto-merge was performed.
D000759,R000301,R000288,normalized_doi,10.1016/j.energy.2026.140746,retain_as_linked_duplicate_exclude_from_screening_count,rule_verified,No fuzzy-only auto-merge was performed.
D000760,R000302,R000226,normalized_doi,10.2139/ssrn.6955743,retain_as_linked_duplicate_exclude_from_screening_count,rule_verified,No fuzzy-only auto-merge was performed.
D000761,R000303,R000255,normalized_doi,10.2139/ssrn.6993209,retain_as_linked_duplicate_exclude_from_screening_count,rule_verified,No fuzzy-only auto-merge was performed.
D000762,R000304,R000033,normalized_doi,10.1002/9781394203093.ch1,retain_as_linked_duplicate_exclude_from_screening_count,rule_verified,No fuzzy-only auto-merge was performed.
D000763,R000305,R000241,normalized_doi,10.1016/j.jobe.2024.109401,retain_as_linked_duplicate_exclude_from_screening_count,rule_verified,No fuzzy-only auto-merge was performed.
D000764,R000306,R000228,normalized_doi,10.1080/19401493.2026.2712297,retain_as_linked_duplicate_exclude_from_screening_count,rule_verified,No fuzzy-only auto-merge was performed.
D000765,R000307,R000288,normalized_doi,10.1016/j.energy.2026.140746,retain_as_linked_duplicate_exclude_from_screening_count,rule_verified,No fuzzy-only auto-merge was performed.
D000766,R000308,R000023,normalized_doi,10.1016/b978-0-323-99588-7.00009-2,retain_as_linked_duplicate_exclude_from_screening_count,rule_verified,No fuzzy-only auto-merge was performed.
D000767,R000310,R000289,normalized_doi,10.63044/w26ha15,retain_as_linked_duplicate_exclude_from_screening_count,rule_verified,No fuzzy-only auto-merge was performed.
D000768,R000311,R000056,normalized_doi,10.2172/1580215,retain_as_linked_duplicate_exclude_from_screening_count,rule_verified,No fuzzy-only auto-merge was performed.
D000769,R000312,R000033,normalized_doi,10.1002/9781394203093.ch1,retain_as_linked_duplicate_exclude_from_screening_count,rule_verified,No fuzzy-only auto-merge was performed.
D000770,R000313,R000241,normalized_doi,10.1016/j.jobe.2024.109401,retain_as_linked_duplicate_exclude_from_screening_count,rule_verified,No fuzzy-only auto-merge was performed.
D000771,R000314,R000226,normalized_doi,10.2139/ssrn.6955743,retain_as_linked_duplicate_exclude_from_screening_count,rule_verified,No fuzzy-only auto-merge was performed.
D000772,R000315,R000255,normalized_doi,10.2139/ssrn.6993209,retain_as_linked_duplicate_exclude_from_screening_count,rule_verified,No fuzzy-only auto-merge was performed.
D000773,R000316,R000288,normalized_doi,10.1016/j.energy.2026.140746,retain_as_linked_duplicate_exclude_from_screening_count,rule_verified,No fuzzy-only auto-merge was performed.
D000774,R000317,R000289,normalized_doi,10.63044/w26ha15,retain_as_linked_duplicate_exclude_from_screening_count,rule_verified,No fuzzy-only auto-merge was performed.
D000775,R000318,R000290,normalized_doi,10.1007/978-981-97-8313-7_28,retain_as_linked_duplicate_exclude_from_screening_count,rule_verified,No fuzzy-only auto-merge was performed.
D000776,R000319,R000291,normalized_doi,10.2139/ssrn.4512866,retain_as_linked_duplicate_exclude_from_screening_count,rule_verified,No fuzzy-only auto-merge was performed.
D000777,R000320,R000023,normalized_doi,10.1016/b978-0-323-99588-7.00009-2,retain_as_linked_duplicate_exclude_from_screening_count,rule_verified,No fuzzy-only auto-merge was performed.
D000778,R000323,R000184,normalized_doi,10.1049/pbtr016e_ch4,retain_as_linked_duplicate_exclude_from_screening_count,rule_verified,No fuzzy-only auto-merge was performed.
D000779,R000326,R000197,normalized_doi,10.1016/j.enconman.2016.12.045,retain_as_linked_duplicate_exclude_from_screening_count,rule_verified,No fuzzy-only auto-merge was performed.
D000780,R000329,R000080,normalized_doi,10.11159/eee25.138,retain_as_linked_duplicate_exclude_from_screening_count,rule_verified,No fuzzy-only auto-merge was performed.
D000781,R000331,R000195,normalized_doi,10.1007/978-981-10-4250-8_6,retain_as_linked_duplicate_exclude_from_screening_count,rule_verified,No fuzzy-only auto-merge was performed.
D000782,R000332,R000184,normalized_doi,10.1049/pbtr016e_ch4,retain_as_linked_duplicate_exclude_from_screening_count,rule_verified,No fuzzy-only auto-merge was performed.
D000783,R000334,R000182,normalized_doi,10.3390/wevj14060152,retain_as_linked_duplicate_exclude_from_screening_count,rule_verified,No fuzzy-only auto-merge was performed.
D000784,R000336,R000324,normalized_doi,10.1109/tsg.2023.3263470,retain_as_linked_duplicate_exclude_from_screening_count,rule_verified,No fuzzy-only auto-merge was performed.
D000785,R000337,R000189,normalized_doi,10.1109/isgteurope56780.2023.10408178,retain_as_linked_duplicate_exclude_from_screening_count,rule_verified,No fuzzy-only auto-merge was performed.
D000786,R000338,R000199,normalized_doi,10.3390/wevj17050252,retain_as_linked_duplicate_exclude_from_screening_count,rule_verified,No fuzzy-only auto-merge was performed.
D000787,R000341,R000325,normalized_doi,10.1016/j.enconman.2025.120119,retain_as_linked_duplicate_exclude_from_screening_count,rule_verified,No fuzzy-only auto-merge was performed.
D000788,R000342,R000199,normalized_doi,10.3390/wevj17050252,retain_as_linked_duplicate_exclude_from_screening_count,rule_verified,No fuzzy-only auto-merge was performed.
D000789,R000343,R000195,normalized_doi,10.1007/978-981-10-4250-8_6,retain_as_linked_duplicate_exclude_from_screening_count,rule_verified,No fuzzy-only auto-merge was performed.
D000790,R000344,R000197,normalized_doi,10.1016/j.enconman.2016.12.045,retain_as_linked_duplicate_exclude_from_screening_count,rule_verified,No fuzzy-only auto-merge was performed.
D000791,R000345,R000178,normalized_doi,10.1109/pesgre45664.2020.9070489,retain_as_linked_duplicate_exclude_from_screening_count,rule_verified,No fuzzy-only auto-merge was performed.
D000792,R000347,R000324,normalized_doi,10.1109/tsg.2023.3263470,retain_as_linked_duplicate_exclude_from_screening_count,rule_verified,No fuzzy-only auto-merge was performed.
D000793,R000348,R000184,normalized_doi,10.1049/pbtr016e_ch4,retain_as_linked_duplicate_exclude_from_screening_count,rule_verified,No fuzzy-only auto-merge was performed.
D000794,R000349,R000325,normalized_doi,10.1016/j.enconman.2025.120119,retain_as_linked_duplicate_exclude_from_screening_count,rule_verified,No fuzzy-only auto-merge was performed.
D000795,R000352,R000228,normalized_doi,10.1080/19401493.2026.2712297,retain_as_linked_duplicate_exclude_from_screening_count,rule_verified,No fuzzy-only auto-merge was performed.
D000796,R000353,R000207,normalized_doi,10.1016/j.renene.2025.124769,retain_as_linked_duplicate_exclude_from_screening_count,rule_verified,No fuzzy-only auto-merge was performed.
D000797,R000354,R000195,normalized_doi,10.1007/978-981-10-4250-8_6,retain_as_linked_duplicate_exclude_from_screening_count,rule_verified,No fuzzy-only auto-merge was performed.
D000798,R000355,R000206,normalized_doi,10.1016/j.renene.2024.120760,retain_as_linked_duplicate_exclude_from_screening_count,rule_verified,No fuzzy-only auto-merge was performed.
D000799,R000356,R000178,normalized_doi,10.1109/pesgre45664.2020.9070489,retain_as_linked_duplicate_exclude_from_screening_count,rule_verified,No fuzzy-only auto-merge was performed.
D000800,R000357,R001124,normalized_doi,10.1016/j.energy.2021.121608,retain_as_linked_duplicate_exclude_from_screening_count,rule_verified,No fuzzy-only auto-merge was performed.
D000801,R000359,R000346,normalized_doi,10.1007/978-981-19-0979-5_30,retain_as_linked_duplicate_exclude_from_screening_count,rule_verified,No fuzzy-only auto-merge was performed.
D000802,R000360,R000205,normalized_doi,10.1109/icrera.2018.8567002,retain_as_linked_duplicate_exclude_from_screening_count,rule_verified,No fuzzy-only auto-merge was performed.
D000803,R000361,R000184,normalized_doi,10.1049/pbtr016e_ch4,retain_as_linked_duplicate_exclude_from_screening_count,rule_verified,No fuzzy-only auto-merge was performed.
D000804,R000362,R000184,normalized_doi,10.1049/pbtr016e_ch4,retain_as_linked_duplicate_exclude_from_screening_count,rule_verified,No fuzzy-only auto-merge was performed.
D000805,R000363,R000324,normalized_doi,10.1109/tsg.2023.3263470,retain_as_linked_duplicate_exclude_from_screening_count,rule_verified,No fuzzy-only auto-merge was performed.
D000806,R000364,R000199,normalized_doi,10.3390/wevj17050252,retain_as_linked_duplicate_exclude_from_screening_count,rule_verified,No fuzzy-only auto-merge was performed.
D000807,R000367,R000325,normalized_doi,10.1016/j.enconman.2025.120119,retain_as_linked_duplicate_exclude_from_screening_count,rule_verified,No fuzzy-only auto-merge was performed.
D000808,R000368,R000228,normalized_doi,10.1080/19401493.2026.2712297,retain_as_linked_duplicate_exclude_from_screening_count,rule_verified,No fuzzy-only auto-merge was performed.
D000809,R000371,R000195,normalized_doi,10.1007/978-981-10-4250-8_6,retain_as_linked_duplicate_exclude_from_screening_count,rule_verified,No fuzzy-only auto-merge was performed.
D000810,R000372,R000222,normalized_doi,10.1016/j.egyr.2025.11.057,retain_as_linked_duplicate_exclude_from_screening_count,rule_verified,No fuzzy-only auto-merge was performed.
D000811,R000373,R000025,normalized_doi,10.1016/j.jobe.2025.112731,retain_as_linked_duplicate_exclude_from_screening_count,rule_verified,No fuzzy-only auto-merge was performed.
D000812,R000374,R000023,normalized_doi,10.1016/b978-0-323-99588-7.00009-2,retain_as_linked_duplicate_exclude_from_screening_count,rule_verified,No fuzzy-only auto-merge was performed.
D000813,R000375,R000048,normalized_doi,10.1109/icsmartgrid58556.2023.10170914,retain_as_linked_duplicate_exclude_from_screening_count,rule_verified,No fuzzy-only auto-merge was performed.
D000814,R000376,R000026,normalized_doi,10.1016/b978-0-323-99588-7.00002-x,retain_as_linked_duplicate_exclude_from_screening_count,rule_verified,No fuzzy-only auto-merge was performed.
D000815,R000378,R000238,normalized_doi,10.1016/j.jobe.2024.111722,retain_as_linked_duplicate_exclude_from_screening_count,rule_verified,No fuzzy-only auto-merge was performed.
D000816,R000379,R000024,normalized_doi,10.1016/b978-0-323-99588-7.00010-9,retain_as_linked_duplicate_exclude_from_screening_count,rule_verified,No fuzzy-only auto-merge was performed.
D000817,R000380,R000230,normalized_doi,10.1109/icpedc47771.2019.9036650,retain_as_linked_duplicate_exclude_from_screening_count,rule_verified,No fuzzy-only auto-merge was performed.
D000818,R000382,R000377,normalized_doi,10.1016/j.jobe.2024.110877,retain_as_linked_duplicate_exclude_from_screening_count,rule_verified,No fuzzy-only auto-merge was performed.
D000819,R000383,R000238,normalized_doi,10.1016/j.jobe.2024.111722,retain_as_linked_duplicate_exclude_from_screening_count,rule_verified,No fuzzy-only auto-merge was performed.
D000820,R000384,R000222,normalized_doi,10.1016/j.egyr.2025.11.057,retain_as_linked_duplicate_exclude_from_screening_count,rule_verified,No fuzzy-only auto-merge was performed.
D000821,R000385,R000381,normalized_doi,10.1061/9780784486962.022,retain_as_linked_duplicate_exclude_from_screening_count,rule_verified,No fuzzy-only auto-merge was performed.
D000822,R000389,R000025,normalized_doi,10.1016/j.jobe.2025.112731,retain_as_linked_duplicate_exclude_from_screening_count,rule_verified,No fuzzy-only auto-merge was performed.
D000823,R000390,R000227,normalized_doi,10.22360/springsim.2020.cns.004,retain_as_linked_duplicate_exclude_from_screening_count,rule_verified,No fuzzy-only auto-merge was performed.
D000824,R000391,R000048,normalized_doi,10.1109/icsmartgrid58556.2023.10170914,retain_as_linked_duplicate_exclude_from_screening_count,rule_verified,No fuzzy-only auto-merge was performed.
D000825,R000392,R000222,normalized_doi,10.1016/j.egyr.2025.11.057,retain_as_linked_duplicate_exclude_from_screening_count,rule_verified,No fuzzy-only auto-merge was performed.
D000826,R000393,R000238,normalized_doi,10.1016/j.jobe.2024.111722,retain_as_linked_duplicate_exclude_from_screening_count,rule_verified,No fuzzy-only auto-merge was performed.
D000827,R000394,R000048,normalized_doi,10.1109/icsmartgrid58556.2023.10170914,retain_as_linked_duplicate_exclude_from_screening_count,rule_verified,No fuzzy-only auto-merge was performed.
D000828,R000395,R000239,normalized_doi,10.1109/sesg67016.2025.00020,retain_as_linked_duplicate_exclude_from_screening_count,rule_verified,No fuzzy-only auto-merge was performed.
D000829,R000396,R000377,normalized_doi,10.1016/j.jobe.2024.110877,retain_as_linked_duplicate_exclude_from_screening_count,rule_verified,No fuzzy-only auto-merge was performed.
D000830,R000397,R000381,normalized_doi,10.1061/9780784486962.022,retain_as_linked_duplicate_exclude_from_screening_count,rule_verified,No fuzzy-only auto-merge was performed.
D000831,R000398,R000241,normalized_doi,10.1016/j.jobe.2024.109401,retain_as_linked_duplicate_exclude_from_screening_count,rule_verified,No fuzzy-only auto-merge was performed.
D000832,R000399,R000023,normalized_doi,10.1016/b978-0-323-99588-7.00009-2,retain_as_linked_duplicate_exclude_from_screening_count,rule_verified,No fuzzy-only auto-merge was performed.
D000833,R000400,R000025,normalized_doi,10.1016/j.jobe.2025.112731,retain_as_linked_duplicate_exclude_from_screening_count,rule_verified,No fuzzy-only auto-merge was performed.
D000834,R000402,R000222,normalized_doi,10.1016/j.egyr.2025.11.057,retain_as_linked_duplicate_exclude_from_screening_count,rule_verified,No fuzzy-only auto-merge was performed.
D000835,R000403,R000238,normalized_doi,10.1016/j.jobe.2024.111722,retain_as_linked_duplicate_exclude_from_screening_count,rule_verified,No fuzzy-only auto-merge was performed.
D000836,R000406,R000381,normalized_doi,10.1061/9780784486962.022,retain_as_linked_duplicate_exclude_from_screening_count,rule_verified,No fuzzy-only auto-merge was performed.
D000837,R000407,R000226,normalized_doi,10.2139/ssrn.6955743,retain_as_linked_duplicate_exclude_from_screening_count,rule_verified,No fuzzy-only auto-merge was performed.
D000838,R000408,R000048,normalized_doi,10.1109/icsmartgrid58556.2023.10170914,retain_as_linked_duplicate_exclude_from_screening_count,rule_verified,No fuzzy-only auto-merge was performed.
D000839,R000409,R000377,normalized_doi,10.1016/j.jobe.2024.110877,retain_as_linked_duplicate_exclude_from_screening_count,rule_verified,No fuzzy-only auto-merge was performed.
D000840,R000410,R000255,normalized_doi,10.2139/ssrn.6993209,retain_as_linked_duplicate_exclude_from_screening_count,rule_verified,No fuzzy-only auto-merge was performed.
D000841,R000412,R000238,normalized_doi,10.1016/j.jobe.2024.111722,retain_as_linked_duplicate_exclude_from_screening_count,rule_verified,No fuzzy-only auto-merge was performed.
D000842,R000413,R000377,normalized_doi,10.1016/j.jobe.2024.110877,retain_as_linked_duplicate_exclude_from_screening_count,rule_verified,No fuzzy-only auto-merge was performed.
D000843,R000414,R000222,normalized_doi,10.1016/j.egyr.2025.11.057,retain_as_linked_duplicate_exclude_from_screening_count,rule_verified,No fuzzy-only auto-merge was performed.
D000844,R000415,R000381,normalized_doi,10.1061/9780784486962.022,retain_as_linked_duplicate_exclude_from_screening_count,rule_verified,No fuzzy-only auto-merge was performed.
D000845,R000416,R000386,normalized_doi,10.4018/979-8-3373-1147-0.ch004,retain_as_linked_duplicate_exclude_from_screening_count,rule_verified,No fuzzy-only auto-merge was performed.
D000846,R000417,R000387,normalized_doi,10.2139/ssrn.5079775,retain_as_linked_duplicate_exclude_from_screening_count,rule_verified,No fuzzy-only auto-merge was performed.
D000847,R000418,R000388,normalized_doi,10.2139/ssrn.5079773,retain_as_linked_duplicate_exclude_from_screening_count,rule_verified,No fuzzy-only auto-merge was performed.
D000848,R000419,R000025,normalized_doi,10.1016/j.jobe.2025.112731,retain_as_linked_duplicate_exclude_from_screening_count,rule_verified,No fuzzy-only auto-merge was performed.
D000849,R000420,R000227,normalized_doi,10.22360/springsim.2020.cns.004,retain_as_linked_duplicate_exclude_from_screening_count,rule_verified,No fuzzy-only auto-merge was performed.
D000850,R000421,R000048,normalized_doi,10.1109/icsmartgrid58556.2023.10170914,retain_as_linked_duplicate_exclude_from_screening_count,rule_verified,No fuzzy-only auto-merge was performed.
D000851,R000423,R000124,normalized_doi,10.1109/cloud.2016.0020,retain_as_linked_duplicate_exclude_from_screening_count,rule_verified,No fuzzy-only auto-merge was performed.
D000852,R000428,R000123,normalized_doi,10.1002/9781119597537.ch5,retain_as_linked_duplicate_exclude_from_screening_count,rule_verified,No fuzzy-only auto-merge was performed.
D000853,R000429,R000153,normalized_doi,10.3390/electronics10161900,retain_as_linked_duplicate_exclude_from_screening_count,rule_verified,No fuzzy-only auto-merge was performed.
D000854,R000432,R000422,normalized_doi,10.1109/imcec.2016.7867538,retain_as_linked_duplicate_exclude_from_screening_count,rule_verified,No fuzzy-only auto-merge was performed.
D000855,R000433,R000424,normalized_doi,10.1007/978-3-031-18034-7_11,retain_as_linked_duplicate_exclude_from_screening_count,rule_verified,No fuzzy-only auto-merge was performed.
D000856,R000434,R000425,normalized_doi,10.33545/27076571.2020.v1.i2b.360,retain_as_linked_duplicate_exclude_from_screening_count,rule_verified,No fuzzy-only auto-merge was performed.
D000857,R000435,R000427,normalized_doi,10.1002/9781119763260.ch10,retain_as_linked_duplicate_exclude_from_screening_count,rule_verified,No fuzzy-only auto-merge was performed.
D000858,R000436,R000123,normalized_doi,10.1002/9781119597537.ch5,retain_as_linked_duplicate_exclude_from_screening_count,rule_verified,No fuzzy-only auto-merge was performed.
D000859,R000438,R000431,normalized_doi,10.1201/9781315230870-13,retain_as_linked_duplicate_exclude_from_screening_count,rule_verified,No fuzzy-only auto-merge was performed.
D000860,R000439,R000072,normalized_doi,10.1002/9781119851288.ch8,retain_as_linked_duplicate_exclude_from_screening_count,rule_verified,No fuzzy-only auto-merge was performed.
D000861,R000440,R000127,normalized_doi,10.70179/rvbfak07,retain_as_linked_duplicate_exclude_from_screening_count,rule_verified,No fuzzy-only auto-merge was performed.
D000862,R000442,R000422,normalized_doi,10.1109/imcec.2016.7867538,retain_as_linked_duplicate_exclude_from_screening_count,rule_verified,No fuzzy-only auto-merge was performed.
D000863,R000443,R000424,normalized_doi,10.1007/978-3-031-18034-7_11,retain_as_linked_duplicate_exclude_from_screening_count,rule_verified,No fuzzy-only auto-merge was performed.
D000864,R000444,R000425,normalized_doi,10.33545/27076571.2020.v1.i2b.360,retain_as_linked_duplicate_exclude_from_screening_count,rule_verified,No fuzzy-only auto-merge was performed.
D000865,R000446,R000430,normalized_doi,10.2172/3015033,retain_as_linked_duplicate_exclude_from_screening_count,rule_verified,No fuzzy-only auto-merge was performed.
D000866,R000447,R000431,normalized_doi,10.1201/9781315230870-13,retain_as_linked_duplicate_exclude_from_screening_count,rule_verified,No fuzzy-only auto-merge was performed.
D000867,R000448,R000153,normalized_doi,10.3390/electronics10161900,retain_as_linked_duplicate_exclude_from_screening_count,rule_verified,No fuzzy-only auto-merge was performed.
D000868,R000449,R000427,normalized_doi,10.1002/9781119763260.ch10,retain_as_linked_duplicate_exclude_from_screening_count,rule_verified,No fuzzy-only auto-merge was performed.
D000869,R000451,R000123,normalized_doi,10.1002/9781119597537.ch5,retain_as_linked_duplicate_exclude_from_screening_count,rule_verified,No fuzzy-only auto-merge was performed.
D000870,R000452,R000153,normalized_doi,10.3390/electronics10161900,retain_as_linked_duplicate_exclude_from_screening_count,rule_verified,No fuzzy-only auto-merge was performed.
D000871,R000454,R000422,normalized_doi,10.1109/imcec.2016.7867538,retain_as_linked_duplicate_exclude_from_screening_count,rule_verified,No fuzzy-only auto-merge was performed.
D000872,R000455,R000424,normalized_doi,10.1007/978-3-031-18034-7_11,retain_as_linked_duplicate_exclude_from_screening_count,rule_verified,No fuzzy-only auto-merge was performed.
D000873,R000456,R000160,normalized_doi,10.2139/ssrn.5357694,retain_as_linked_duplicate_exclude_from_screening_count,rule_verified,No fuzzy-only auto-merge was performed.
D000874,R000457,R000430,normalized_doi,10.2172/3015033,retain_as_linked_duplicate_exclude_from_screening_count,rule_verified,No fuzzy-only auto-merge was performed.
D000875,R000458,R000425,normalized_doi,10.33545/27076571.2020.v1.i2b.360,retain_as_linked_duplicate_exclude_from_screening_count,rule_verified,No fuzzy-only auto-merge was performed.
D000876,R000460,R000156,normalized_doi,10.1201/9781003336990-1,retain_as_linked_duplicate_exclude_from_screening_count,rule_verified,No fuzzy-only auto-merge was performed.
D000877,R000462,R000422,normalized_doi,10.1109/imcec.2016.7867538,retain_as_linked_duplicate_exclude_from_screening_count,rule_verified,No fuzzy-only auto-merge was performed.
D000878,R000463,R000424,normalized_doi,10.1007/978-3-031-18034-7_11,retain_as_linked_duplicate_exclude_from_screening_count,rule_verified,No fuzzy-only auto-merge was performed.
D000879,R000464,R000425,normalized_doi,10.33545/27076571.2020.v1.i2b.360,retain_as_linked_duplicate_exclude_from_screening_count,rule_verified,No fuzzy-only auto-merge was performed.
D000880,R000465,R000427,normalized_doi,10.1002/9781119763260.ch10,retain_as_linked_duplicate_exclude_from_screening_count,rule_verified,No fuzzy-only auto-merge was performed.
D000881,R000466,R000168,normalized_doi,10.1007/978-3-030-81961-3_6,retain_as_linked_duplicate_exclude_from_screening_count,rule_verified,No fuzzy-only auto-merge was performed.
D000882,R000467,R000123,normalized_doi,10.1002/9781119597537.ch5,retain_as_linked_duplicate_exclude_from_screening_count,rule_verified,No fuzzy-only auto-merge was performed.
D000883,R000468,R000431,normalized_doi,10.1201/9781315230870-13,retain_as_linked_duplicate_exclude_from_screening_count,rule_verified,No fuzzy-only auto-merge was performed.
D000884,R000469,R000072,normalized_doi,10.1002/9781119851288.ch8,retain_as_linked_duplicate_exclude_from_screening_count,rule_verified,No fuzzy-only auto-merge was performed.
D000885,R000470,R000127,normalized_doi,10.70179/rvbfak07,retain_as_linked_duplicate_exclude_from_screening_count,rule_verified,No fuzzy-only auto-merge was performed.
D000886,R000471,R000441,normalized_doi,10.1109/icdsec67721.2025.11439378,retain_as_linked_duplicate_exclude_from_screening_count,rule_verified,No fuzzy-only auto-merge was performed.
D000887,R000472,R000422,normalized_doi,10.1109/imcec.2016.7867538,retain_as_linked_duplicate_exclude_from_screening_count,rule_verified,No fuzzy-only auto-merge was performed.
D000888,R000473,R000124,normalized_doi,10.1109/cloud.2016.0020,retain_as_linked_duplicate_exclude_from_screening_count,rule_verified,No fuzzy-only auto-merge was performed.
D000889,R000474,R000322,normalized_doi,10.20944/preprints202607.2314.v1,retain_as_linked_duplicate_exclude_from_screening_count,rule_verified,No fuzzy-only auto-merge was performed.
D000890,R000476,R000123,normalized_doi,10.1002/9781119597537.ch5,retain_as_linked_duplicate_exclude_from_screening_count,rule_verified,No fuzzy-only auto-merge was performed.
D000891,R000482,R000184,normalized_doi,10.1049/pbtr016e_ch4,retain_as_linked_duplicate_exclude_from_screening_count,rule_verified,No fuzzy-only auto-merge was performed.
D000892,R000483,R000422,normalized_doi,10.1109/imcec.2016.7867538,retain_as_linked_duplicate_exclude_from_screening_count,rule_verified,No fuzzy-only auto-merge was performed.
D000893,R000484,R000123,normalized_doi,10.1002/9781119597537.ch5,retain_as_linked_duplicate_exclude_from_screening_count,rule_verified,No fuzzy-only auto-merge was performed.
D000894,R000485,R000478,normalized_doi,10.1007/978-981-96-8233-1_5,retain_as_linked_duplicate_exclude_from_screening_count,rule_verified,No fuzzy-only auto-merge was performed.
D000895,R000486,R000481,normalized_doi,10.1007/978-981-96-8233-1,retain_as_linked_duplicate_exclude_from_screening_count,rule_verified,No fuzzy-only auto-merge was performed.
D000896,R000492,R000195,normalized_doi,10.1007/978-981-10-4250-8_6,retain_as_linked_duplicate_exclude_from_screening_count,rule_verified,No fuzzy-only auto-merge was performed.
D000897,R000493,R000475,normalized_doi,10.1201/b19664-15,retain_as_linked_duplicate_exclude_from_screening_count,rule_verified,No fuzzy-only auto-merge was performed.
D000898,R000495,R000422,normalized_doi,10.1109/imcec.2016.7867538,retain_as_linked_duplicate_exclude_from_screening_count,rule_verified,No fuzzy-only auto-merge was performed.
D000899,R000496,R000478,normalized_doi,10.1007/978-981-96-8233-1_5,retain_as_linked_duplicate_exclude_from_screening_count,rule_verified,No fuzzy-only auto-merge was performed.
D000900,R000497,R000480,normalized_doi,10.1201/b19664-20,retain_as_linked_duplicate_exclude_from_screening_count,rule_verified,No fuzzy-only auto-merge was performed.
D000901,R000498,R000477,normalized_doi,10.1109/vppc66000.2025.11392981,retain_as_linked_duplicate_exclude_from_screening_count,rule_verified,No fuzzy-only auto-merge was performed.
D000902,R000499,R000481,normalized_doi,10.1007/978-981-96-8233-1,retain_as_linked_duplicate_exclude_from_screening_count,rule_verified,No fuzzy-only auto-merge was performed.
D000903,R000500,R000488,normalized_doi,10.1007/978-981-96-8233-1_8,retain_as_linked_duplicate_exclude_from_screening_count,rule_verified,No fuzzy-only auto-merge was performed.
D000904,R000501,R000490,normalized_doi,10.1007/978-981-96-8233-1_7,retain_as_linked_duplicate_exclude_from_screening_count,rule_verified,No fuzzy-only auto-merge was performed.
D000905,R000502,R000478,normalized_doi,10.1007/978-981-96-8233-1_5,retain_as_linked_duplicate_exclude_from_screening_count,rule_verified,No fuzzy-only auto-merge was performed.
D000906,R000503,R000453,normalized_doi,10.2139/ssrn.5477055,retain_as_linked_duplicate_exclude_from_screening_count,rule_verified,No fuzzy-only auto-merge was performed.
D000907,R000505,R000481,normalized_doi,10.1007/978-981-96-8233-1,retain_as_linked_duplicate_exclude_from_screening_count,rule_verified,No fuzzy-only auto-merge was performed.
D000908,R000507,R000491,normalized_doi,10.1007/978-981-96-8233-1_1,retain_as_linked_duplicate_exclude_from_screening_count,rule_verified,No fuzzy-only auto-merge was performed.
D000909,R000508,R000488,normalized_doi,10.1007/978-981-96-8233-1_8,retain_as_linked_duplicate_exclude_from_screening_count,rule_verified,No fuzzy-only auto-merge was performed.
D000910,R000509,R000490,normalized_doi,10.1007/978-981-96-8233-1_7,retain_as_linked_duplicate_exclude_from_screening_count,rule_verified,No fuzzy-only auto-merge was performed.
D000911,R000510,R000489,normalized_doi,10.1007/978-981-96-8233-1_6,retain_as_linked_duplicate_exclude_from_screening_count,rule_verified,No fuzzy-only auto-merge was performed.
D000912,R000512,R000422,normalized_doi,10.1109/imcec.2016.7867538,retain_as_linked_duplicate_exclude_from_screening_count,rule_verified,No fuzzy-only auto-merge was performed.
D000913,R000513,R000123,normalized_doi,10.1002/9781119597537.ch5,retain_as_linked_duplicate_exclude_from_screening_count,rule_verified,No fuzzy-only auto-merge was performed.
D000914,R000514,R000477,normalized_doi,10.1109/vppc66000.2025.11392981,retain_as_linked_duplicate_exclude_from_screening_count,rule_verified,No fuzzy-only auto-merge was performed.
D000915,R000515,R000478,normalized_doi,10.1007/978-981-96-8233-1_5,retain_as_linked_duplicate_exclude_from_screening_count,rule_verified,No fuzzy-only auto-merge was performed.
D000916,R000517,R000481,normalized_doi,10.1007/978-981-96-8233-1,retain_as_linked_duplicate_exclude_from_screening_count,rule_verified,No fuzzy-only auto-merge was performed.
D000917,R000518,R000488,normalized_doi,10.1007/978-981-96-8233-1_8,retain_as_linked_duplicate_exclude_from_screening_count,rule_verified,No fuzzy-only auto-merge was performed.
D000918,R000519,R000489,normalized_doi,10.1007/978-981-96-8233-1_6,retain_as_linked_duplicate_exclude_from_screening_count,rule_verified,No fuzzy-only auto-merge was performed.
D000919,R000520,R000490,normalized_doi,10.1007/978-981-96-8233-1_7,retain_as_linked_duplicate_exclude_from_screening_count,rule_verified,No fuzzy-only auto-merge was performed.
D000920,R000521,R000491,normalized_doi,10.1007/978-981-96-8233-1_1,retain_as_linked_duplicate_exclude_from_screening_count,rule_verified,No fuzzy-only auto-merge was performed.
D000921,R000522,R000223,normalized_doi,10.1109/ptc.2015.7232774,retain_as_linked_duplicate_exclude_from_screening_count,rule_verified,No fuzzy-only auto-merge was performed.
D000922,R000523,R000205,normalized_doi,10.1109/icrera.2018.8567002,retain_as_linked_duplicate_exclude_from_screening_count,rule_verified,No fuzzy-only auto-merge was performed.
D000923,R000524,R000023,normalized_doi,10.1016/b978-0-323-99588-7.00009-2,retain_as_linked_duplicate_exclude_from_screening_count,rule_verified,No fuzzy-only auto-merge was performed.
D000924,R000526,R000024,normalized_doi,10.1016/b978-0-323-99588-7.00010-9,retain_as_linked_duplicate_exclude_from_screening_count,rule_verified,No fuzzy-only auto-merge was performed.
D000925,R000527,R000026,normalized_doi,10.1016/b978-0-323-99588-7.00002-x,retain_as_linked_duplicate_exclude_from_screening_count,rule_verified,No fuzzy-only auto-merge was performed.
D000926,R000529,R000230,normalized_doi,10.1109/icpedc47771.2019.9036650,retain_as_linked_duplicate_exclude_from_screening_count,rule_verified,No fuzzy-only auto-merge was performed.
D000927,R000530,R000260,normalized_doi,10.1016/j.renene.2023.119738,retain_as_linked_duplicate_exclude_from_screening_count,rule_verified,No fuzzy-only auto-merge was performed.
D000928,R000531,R000031,normalized_doi,10.1109/isgt-asia.2019.8881571,retain_as_linked_duplicate_exclude_from_screening_count,rule_verified,No fuzzy-only auto-merge was performed.
D000929,R000532,R000205,normalized_doi,10.1109/icrera.2018.8567002,retain_as_linked_duplicate_exclude_from_screening_count,rule_verified,No fuzzy-only auto-merge was performed.
D000930,R000533,R000223,normalized_doi,10.1109/ptc.2015.7232774,retain_as_linked_duplicate_exclude_from_screening_count,rule_verified,No fuzzy-only auto-merge was performed.
D000931,R000534,R000525,normalized_doi,10.23919/acc53348.2022.9867206,retain_as_linked_duplicate_exclude_from_screening_count,rule_verified,No fuzzy-only auto-merge was performed.
D000932,R000535,R001124,normalized_doi,10.1016/j.energy.2021.121608,retain_as_linked_duplicate_exclude_from_screening_count,rule_verified,No fuzzy-only auto-merge was performed.
D000933,R000536,R000184,normalized_doi,10.1049/pbtr016e_ch4,retain_as_linked_duplicate_exclude_from_screening_count,rule_verified,No fuzzy-only auto-merge was performed.
D000934,R000537,R000241,normalized_doi,10.1016/j.jobe.2024.109401,retain_as_linked_duplicate_exclude_from_screening_count,rule_verified,No fuzzy-only auto-merge was performed.
D000935,R000539,R000250,normalized_doi,10.1109/tsg.2022.3160390,retain_as_linked_duplicate_exclude_from_screening_count,rule_verified,No fuzzy-only auto-merge was performed.
D000936,R000541,R000528,normalized_doi,10.1016/j.segy.2021.100017,retain_as_linked_duplicate_exclude_from_screening_count,rule_verified,No fuzzy-only auto-merge was performed.
D000937,R000542,R000223,normalized_doi,10.1109/ptc.2015.7232774,retain_as_linked_duplicate_exclude_from_screening_count,rule_verified,No fuzzy-only auto-merge was performed.
D000938,R000543,R000205,normalized_doi,10.1109/icrera.2018.8567002,retain_as_linked_duplicate_exclude_from_screening_count,rule_verified,No fuzzy-only auto-merge was performed.
D000939,R000544,R000525,normalized_doi,10.23919/acc53348.2022.9867206,retain_as_linked_duplicate_exclude_from_screening_count,rule_verified,No fuzzy-only auto-merge was performed.
D000940,R000545,R000250,normalized_doi,10.1109/tsg.2022.3160390,retain_as_linked_duplicate_exclude_from_screening_count,rule_verified,No fuzzy-only auto-merge was performed.
D000941,R000546,R000538,normalized_doi,10.1016/j.energy.2026.140752,retain_as_linked_duplicate_exclude_from_screening_count,rule_verified,No fuzzy-only auto-merge was performed.
D000942,R000547,R000540,normalized_doi,10.2139/ssrn.5653568,retain_as_linked_duplicate_exclude_from_screening_count,rule_verified,No fuzzy-only auto-merge was performed.
D000943,R000548,R000241,normalized_doi,10.1016/j.jobe.2024.109401,retain_as_linked_duplicate_exclude_from_screening_count,rule_verified,No fuzzy-only auto-merge was performed.
D000944,R000549,R000033,normalized_doi,10.1002/9781394203093.ch1,retain_as_linked_duplicate_exclude_from_screening_count,rule_verified,No fuzzy-only auto-merge was performed.
D000945,R000550,R000023,normalized_doi,10.1016/b978-0-323-99588-7.00009-2,retain_as_linked_duplicate_exclude_from_screening_count,rule_verified,No fuzzy-only auto-merge was performed.
D000946,R000551,R001124,normalized_doi,10.1016/j.energy.2021.121608,retain_as_linked_duplicate_exclude_from_screening_count,rule_verified,No fuzzy-only auto-merge was performed.
D000947,R000552,R000205,normalized_doi,10.1109/icrera.2018.8567002,retain_as_linked_duplicate_exclude_from_screening_count,rule_verified,No fuzzy-only auto-merge was performed.
D000948,R000553,R000223,normalized_doi,10.1109/ptc.2015.7232774,retain_as_linked_duplicate_exclude_from_screening_count,rule_verified,No fuzzy-only auto-merge was performed.
D000949,R000554,R000228,normalized_doi,10.1080/19401493.2026.2712297,retain_as_linked_duplicate_exclude_from_screening_count,rule_verified,No fuzzy-only auto-merge was performed.
D000950,R000555,R000260,normalized_doi,10.1016/j.renene.2023.119738,retain_as_linked_duplicate_exclude_from_screening_count,rule_verified,No fuzzy-only auto-merge was performed.
D000951,R000556,R001124,normalized_doi,10.1016/j.energy.2021.121608,retain_as_linked_duplicate_exclude_from_screening_count,rule_verified,No fuzzy-only auto-merge was performed.
D000952,R000557,R000226,normalized_doi,10.2139/ssrn.6955743,retain_as_linked_duplicate_exclude_from_screening_count,rule_verified,No fuzzy-only auto-merge was performed.
D000953,R000558,R000538,normalized_doi,10.1016/j.energy.2026.140752,retain_as_linked_duplicate_exclude_from_screening_count,rule_verified,No fuzzy-only auto-merge was performed.
D000954,R000559,R000525,normalized_doi,10.23919/acc53348.2022.9867206,retain_as_linked_duplicate_exclude_from_screening_count,rule_verified,No fuzzy-only auto-merge was performed.
D000955,R000560,R000241,normalized_doi,10.1016/j.jobe.2024.109401,retain_as_linked_duplicate_exclude_from_screening_count,rule_verified,No fuzzy-only auto-merge was performed.
D000956,R000561,R000045,normalized_doi,10.1109/pesgre52268.2022.9715880,retain_as_linked_duplicate_exclude_from_screening_count,rule_verified,No fuzzy-only auto-merge was performed.
D000957,R000562,R000205,normalized_doi,10.1109/icrera.2018.8567002,retain_as_linked_duplicate_exclude_from_screening_count,rule_verified,No fuzzy-only auto-merge was performed.
D000958,R000563,R000223,normalized_doi,10.1109/ptc.2015.7232774,retain_as_linked_duplicate_exclude_from_screening_count,rule_verified,No fuzzy-only auto-merge was performed.
D000959,R000564,R000525,normalized_doi,10.23919/acc53348.2022.9867206,retain_as_linked_duplicate_exclude_from_screening_count,rule_verified,No fuzzy-only auto-merge was performed.
D000960,R000565,R000540,normalized_doi,10.2139/ssrn.5653568,retain_as_linked_duplicate_exclude_from_screening_count,rule_verified,No fuzzy-only auto-merge was performed.
D000961,R000566,R001124,normalized_doi,10.1016/j.energy.2021.121608,retain_as_linked_duplicate_exclude_from_screening_count,rule_verified,No fuzzy-only auto-merge was performed.
D000962,R000567,R000241,normalized_doi,10.1016/j.jobe.2024.109401,retain_as_linked_duplicate_exclude_from_screening_count,rule_verified,No fuzzy-only auto-merge was performed.
D000963,R000568,R000538,normalized_doi,10.1016/j.energy.2026.140752,retain_as_linked_duplicate_exclude_from_screening_count,rule_verified,No fuzzy-only auto-merge was performed.
D000964,R000569,R000250,normalized_doi,10.1109/tsg.2022.3160390,retain_as_linked_duplicate_exclude_from_screening_count,rule_verified,No fuzzy-only auto-merge was performed.
D000965,R000571,R000228,normalized_doi,10.1080/19401493.2026.2712297,retain_as_linked_duplicate_exclude_from_screening_count,rule_verified,No fuzzy-only auto-merge was performed.
D000966,R000572,R000023,normalized_doi,10.1016/b978-0-323-99588-7.00009-2,retain_as_linked_duplicate_exclude_from_screening_count,rule_verified,No fuzzy-only auto-merge was performed.
D000967,R000573,R000024,normalized_doi,10.1016/b978-0-323-99588-7.00010-9,retain_as_linked_duplicate_exclude_from_screening_count,rule_verified,No fuzzy-only auto-merge was performed.
D000968,R000574,R000026,normalized_doi,10.1016/b978-0-323-99588-7.00002-x,retain_as_linked_duplicate_exclude_from_screening_count,rule_verified,No fuzzy-only auto-merge was performed.
D000969,R000575,R000027,normalized_doi,10.1016/b978-0-323-99588-7.00005-5,retain_as_linked_duplicate_exclude_from_screening_count,rule_verified,No fuzzy-only auto-merge was performed.
D000970,R000576,R000025,normalized_doi,10.1016/j.jobe.2025.112731,retain_as_linked_duplicate_exclude_from_screening_count,rule_verified,No fuzzy-only auto-merge was performed.
D000971,R000577,R000028,normalized_doi,10.1016/b978-0-323-99588-7.00004-3,retain_as_linked_duplicate_exclude_from_screening_count,rule_verified,No fuzzy-only auto-merge was performed.
D000972,R000578,R000029,normalized_doi,10.1016/c2021-0-02510-4,retain_as_linked_duplicate_exclude_from_screening_count,rule_verified,No fuzzy-only auto-merge was performed.
D000973,R000579,R000030,normalized_doi,10.1016/b978-0-323-99588-7.00003-1,retain_as_linked_duplicate_exclude_from_screening_count,rule_verified,No fuzzy-only auto-merge was performed.
D000974,R000580,R000022,normalized_doi,10.1016/b978-0-323-99588-7.00001-8,retain_as_linked_duplicate_exclude_from_screening_count,rule_verified,No fuzzy-only auto-merge was performed.
D000975,R000581,R000031,normalized_doi,10.1109/isgt-asia.2019.8881571,retain_as_linked_duplicate_exclude_from_screening_count,rule_verified,No fuzzy-only auto-merge was performed.
D000976,R000582,R000033,normalized_doi,10.1002/9781394203093.ch1,retain_as_linked_duplicate_exclude_from_screening_count,rule_verified,No fuzzy-only auto-merge was performed.
D000977,R000583,R001238,normalized_doi,10.3390/en17194794,retain_as_linked_duplicate_exclude_from_screening_count,rule_verified,No fuzzy-only auto-merge was performed.
D000978,R000584,R000023,normalized_doi,10.1016/b978-0-323-99588-7.00009-2,retain_as_linked_duplicate_exclude_from_screening_count,rule_verified,No fuzzy-only auto-merge was performed.
D000979,R000585,R000025,normalized_doi,10.1016/j.jobe.2025.112731,retain_as_linked_duplicate_exclude_from_screening_count,rule_verified,No fuzzy-only auto-merge was performed.
D000980,R000586,R000037,normalized_doi,10.46855/energy-proceedings-3450,retain_as_linked_duplicate_exclude_from_screening_count,rule_verified,No fuzzy-only auto-merge was performed.
D000981,R000587,R000038,normalized_doi,10.1016/j.energy.2021.120741,retain_as_linked_duplicate_exclude_from_screening_count,rule_verified,No fuzzy-only auto-merge was performed.
D000982,R000588,R000024,normalized_doi,10.1016/b978-0-323-99588-7.00010-9,retain_as_linked_duplicate_exclude_from_screening_count,rule_verified,No fuzzy-only auto-merge was performed.
D000983,R000589,R000040,normalized_doi,10.1109/tsg.2014.2381596,retain_as_linked_duplicate_exclude_from_screening_count,rule_verified,No fuzzy-only auto-merge was performed.
D000984,R000592,R000033,normalized_doi,10.1002/9781394203093.ch1,retain_as_linked_duplicate_exclude_from_screening_count,rule_verified,No fuzzy-only auto-merge was performed.
D000985,R000593,R000023,normalized_doi,10.1016/b978-0-323-99588-7.00009-2,retain_as_linked_duplicate_exclude_from_screening_count,rule_verified,No fuzzy-only auto-merge was performed.
D000986,R000594,R001238,normalized_doi,10.3390/en17194794,retain_as_linked_duplicate_exclude_from_screening_count,rule_verified,No fuzzy-only auto-merge was performed.
D000987,R000595,R000045,normalized_doi,10.1109/pesgre52268.2022.9715880,retain_as_linked_duplicate_exclude_from_screening_count,rule_verified,No fuzzy-only auto-merge was performed.
D000988,R000596,R000025,normalized_doi,10.1016/j.jobe.2025.112731,retain_as_linked_duplicate_exclude_from_screening_count,rule_verified,No fuzzy-only auto-merge was performed.
D000989,R000597,R000024,normalized_doi,10.1016/b978-0-323-99588-7.00010-9,retain_as_linked_duplicate_exclude_from_screening_count,rule_verified,No fuzzy-only auto-merge was performed.
D000990,R000598,R000048,normalized_doi,10.1109/icsmartgrid58556.2023.10170914,retain_as_linked_duplicate_exclude_from_screening_count,rule_verified,No fuzzy-only auto-merge was performed.
D000991,R000599,R000590,normalized_doi,10.1115/1.0001348v,retain_as_linked_duplicate_exclude_from_screening_count,rule_verified,No fuzzy-only auto-merge was performed.
D000992,R000600,R000026,normalized_doi,10.1016/b978-0-323-99588-7.00002-x,retain_as_linked_duplicate_exclude_from_screening_count,rule_verified,No fuzzy-only auto-merge was performed.
D000993,R000601,R000028,normalized_doi,10.1016/b978-0-323-99588-7.00004-3,retain_as_linked_duplicate_exclude_from_screening_count,rule_verified,No fuzzy-only auto-merge was performed.
D000994,R000602,R000023,normalized_doi,10.1016/b978-0-323-99588-7.00009-2,retain_as_linked_duplicate_exclude_from_screening_count,rule_verified,No fuzzy-only auto-merge was performed.
D000995,R000603,R000054,normalized_doi,10.2172/1580329,retain_as_linked_duplicate_exclude_from_screening_count,rule_verified,No fuzzy-only auto-merge was performed.
D000996,R000604,R000056,normalized_doi,10.2172/1580215,retain_as_linked_duplicate_exclude_from_screening_count,rule_verified,No fuzzy-only auto-merge was performed.
D000997,R000605,R000033,normalized_doi,10.1002/9781394203093.ch1,retain_as_linked_duplicate_exclude_from_screening_count,rule_verified,No fuzzy-only auto-merge was performed.
D000998,R000606,R000058,normalized_doi,10.2172/1671878,retain_as_linked_duplicate_exclude_from_screening_count,rule_verified,No fuzzy-only auto-merge was performed.
D000999,R000607,R000045,normalized_doi,10.1109/pesgre52268.2022.9715880,retain_as_linked_duplicate_exclude_from_screening_count,rule_verified,No fuzzy-only auto-merge was performed.
D001000,R000608,R000060,normalized_doi,10.1016/b978-0-323-99588-7.00011-0,retain_as_linked_duplicate_exclude_from_screening_count,rule_verified,No fuzzy-only auto-merge was performed.
D001001,R000609,R001238,normalized_doi,10.3390/en17194794,retain_as_linked_duplicate_exclude_from_screening_count,rule_verified,No fuzzy-only auto-merge was performed.
D001002,R000610,R000024,normalized_doi,10.1016/b978-0-323-99588-7.00010-9,retain_as_linked_duplicate_exclude_from_screening_count,rule_verified,No fuzzy-only auto-merge was performed.
D001003,R000612,R000033,normalized_doi,10.1002/9781394203093.ch1,retain_as_linked_duplicate_exclude_from_screening_count,rule_verified,No fuzzy-only auto-merge was performed.
D001004,R000613,R001238,normalized_doi,10.3390/en17194794,retain_as_linked_duplicate_exclude_from_screening_count,rule_verified,No fuzzy-only auto-merge was performed.
D001005,R000614,R000023,normalized_doi,10.1016/b978-0-323-99588-7.00009-2,retain_as_linked_duplicate_exclude_from_screening_count,rule_verified,No fuzzy-only auto-merge was performed.
D001006,R000615,R000025,normalized_doi,10.1016/j.jobe.2025.112731,retain_as_linked_duplicate_exclude_from_screening_count,rule_verified,No fuzzy-only auto-merge was performed.
D001007,R000616,R000045,normalized_doi,10.1109/pesgre52268.2022.9715880,retain_as_linked_duplicate_exclude_from_screening_count,rule_verified,No fuzzy-only auto-merge was performed.
D001008,R000617,R000024,normalized_doi,10.1016/b978-0-323-99588-7.00010-9,retain_as_linked_duplicate_exclude_from_screening_count,rule_verified,No fuzzy-only auto-merge was performed.
D001009,R000618,R000590,normalized_doi,10.1115/1.0001348v,retain_as_linked_duplicate_exclude_from_screening_count,rule_verified,No fuzzy-only auto-merge was performed.
D001010,R000619,R000026,normalized_doi,10.1016/b978-0-323-99588-7.00002-x,retain_as_linked_duplicate_exclude_from_screening_count,rule_verified,No fuzzy-only auto-merge was performed.
D001011,R000620,R000071,normalized_doi,10.26868/25222708.2015.2582,retain_as_linked_duplicate_exclude_from_screening_count,rule_verified,No fuzzy-only auto-merge was performed.
D001012,R000621,R000028,normalized_doi,10.1016/b978-0-323-99588-7.00004-3,retain_as_linked_duplicate_exclude_from_screening_count,rule_verified,No fuzzy-only auto-merge was performed.
D001013,R000630,R000072,normalized_doi,10.1002/9781119851288.ch8,retain_as_linked_duplicate_exclude_from_screening_count,rule_verified,No fuzzy-only auto-merge was performed.
D001014,R000632,R000082,normalized_doi,10.1002/9781119851288.ch5,retain_as_linked_duplicate_exclude_from_screening_count,rule_verified,No fuzzy-only auto-merge was performed.
D001015,R000633,R000086,normalized_doi,10.5772/intechopen.1002523,retain_as_linked_duplicate_exclude_from_screening_count,rule_verified,No fuzzy-only auto-merge was performed.
D001016,R000634,R000622,normalized_doi,10.1002/9781119851288.ch3,retain_as_linked_duplicate_exclude_from_screening_count,rule_verified,No fuzzy-only auto-merge was performed.
D001017,R000635,R000623,normalized_doi,10.1002/9781119851288.ch1,retain_as_linked_duplicate_exclude_from_screening_count,rule_verified,No fuzzy-only auto-merge was performed.
D001018,R000636,R000624,normalized_doi,10.1002/9781119851288.ch2,retain_as_linked_duplicate_exclude_from_screening_count,rule_verified,No fuzzy-only auto-merge was performed.
D001019,R000637,R000625,normalized_doi,10.1002/9781119851288.ch9,retain_as_linked_duplicate_exclude_from_screening_count,rule_verified,No fuzzy-only auto-merge was performed.
D001020,R000638,R000626,normalized_doi,10.1002/9781119851288.fmatter,retain_as_linked_duplicate_exclude_from_screening_count,rule_verified,No fuzzy-only auto-merge was performed.
D001021,R000639,R000627,normalized_doi,10.1002/9781119851288,retain_as_linked_duplicate_exclude_from_screening_count,rule_verified,No fuzzy-only auto-merge was performed.
D001022,R000640,R000083,normalized_doi,10.1109/access.2021.3096962,retain_as_linked_duplicate_exclude_from_screening_count,rule_verified,No fuzzy-only auto-merge was performed.
D001023,R000641,R000628,normalized_doi,10.1002/9781119851288.ch7,retain_as_linked_duplicate_exclude_from_screening_count,rule_verified,No fuzzy-only auto-merge was performed.
D001024,R000642,R000622,normalized_doi,10.1002/9781119851288.ch3,retain_as_linked_duplicate_exclude_from_screening_count,rule_verified,No fuzzy-only auto-merge was performed.
D001025,R000643,R000623,normalized_doi,10.1002/9781119851288.ch1,retain_as_linked_duplicate_exclude_from_screening_count,rule_verified,No fuzzy-only auto-merge was performed.
D001026,R000644,R000624,normalized_doi,10.1002/9781119851288.ch2,retain_as_linked_duplicate_exclude_from_screening_count,rule_verified,No fuzzy-only auto-merge was performed.
D001027,R000645,R000625,normalized_doi,10.1002/9781119851288.ch9,retain_as_linked_duplicate_exclude_from_screening_count,rule_verified,No fuzzy-only auto-merge was performed.
D001028,R000646,R000626,normalized_doi,10.1002/9781119851288.fmatter,retain_as_linked_duplicate_exclude_from_screening_count,rule_verified,No fuzzy-only auto-merge was performed.
D001029,R000647,R000627,normalized_doi,10.1002/9781119851288,retain_as_linked_duplicate_exclude_from_screening_count,rule_verified,No fuzzy-only auto-merge was performed.
D001030,R000648,R000628,normalized_doi,10.1002/9781119851288.ch7,retain_as_linked_duplicate_exclude_from_screening_count,rule_verified,No fuzzy-only auto-merge was performed.
D001031,R000649,R000629,normalized_doi,10.1002/9781394284757.ch23,retain_as_linked_duplicate_exclude_from_screening_count,rule_verified,No fuzzy-only auto-merge was performed.
D001032,R000650,R000072,normalized_doi,10.1002/9781119851288.ch8,retain_as_linked_duplicate_exclude_from_screening_count,rule_verified,No fuzzy-only auto-merge was performed.
D001033,R000651,R000631,normalized_doi,10.1002/9781119851288.index,retain_as_linked_duplicate_exclude_from_screening_count,rule_verified,No fuzzy-only auto-merge was performed.
D001034,R000652,R000622,normalized_doi,10.1002/9781119851288.ch3,retain_as_linked_duplicate_exclude_from_screening_count,rule_verified,No fuzzy-only auto-merge was performed.
D001035,R000653,R000623,normalized_doi,10.1002/9781119851288.ch1,retain_as_linked_duplicate_exclude_from_screening_count,rule_verified,No fuzzy-only auto-merge was performed.
D001036,R000654,R000624,normalized_doi,10.1002/9781119851288.ch2,retain_as_linked_duplicate_exclude_from_screening_count,rule_verified,No fuzzy-only auto-merge was performed.
D001037,R000655,R000625,normalized_doi,10.1002/9781119851288.ch9,retain_as_linked_duplicate_exclude_from_screening_count,rule_verified,No fuzzy-only auto-merge was performed.
D001038,R000656,R000626,normalized_doi,10.1002/9781119851288.fmatter,retain_as_linked_duplicate_exclude_from_screening_count,rule_verified,No fuzzy-only auto-merge was performed.
D001039,R000657,R000627,normalized_doi,10.1002/9781119851288,retain_as_linked_duplicate_exclude_from_screening_count,rule_verified,No fuzzy-only auto-merge was performed.
D001040,R000658,R000628,normalized_doi,10.1002/9781119851288.ch7,retain_as_linked_duplicate_exclude_from_screening_count,rule_verified,No fuzzy-only auto-merge was performed.
D001041,R000659,R000629,normalized_doi,10.1002/9781394284757.ch23,retain_as_linked_duplicate_exclude_from_screening_count,rule_verified,No fuzzy-only auto-merge was performed.
D001042,R000660,R000072,normalized_doi,10.1002/9781119851288.ch8,retain_as_linked_duplicate_exclude_from_screening_count,rule_verified,No fuzzy-only auto-merge was performed.
D001043,R000661,R000631,normalized_doi,10.1002/9781119851288.index,retain_as_linked_duplicate_exclude_from_screening_count,rule_verified,No fuzzy-only auto-merge was performed.
D001044,R000662,R000622,normalized_doi,10.1002/9781119851288.ch3,retain_as_linked_duplicate_exclude_from_screening_count,rule_verified,No fuzzy-only auto-merge was performed.
D001045,R000663,R000623,normalized_doi,10.1002/9781119851288.ch1,retain_as_linked_duplicate_exclude_from_screening_count,rule_verified,No fuzzy-only auto-merge was performed.
D001046,R000664,R000624,normalized_doi,10.1002/9781119851288.ch2,retain_as_linked_duplicate_exclude_from_screening_count,rule_verified,No fuzzy-only auto-merge was performed.
D001047,R000665,R000625,normalized_doi,10.1002/9781119851288.ch9,retain_as_linked_duplicate_exclude_from_screening_count,rule_verified,No fuzzy-only auto-merge was performed.
D001048,R000666,R000626,normalized_doi,10.1002/9781119851288.fmatter,retain_as_linked_duplicate_exclude_from_screening_count,rule_verified,No fuzzy-only auto-merge was performed.
D001049,R000667,R000627,normalized_doi,10.1002/9781119851288,retain_as_linked_duplicate_exclude_from_screening_count,rule_verified,No fuzzy-only auto-merge was performed.
D001050,R000668,R000628,normalized_doi,10.1002/9781119851288.ch7,retain_as_linked_duplicate_exclude_from_screening_count,rule_verified,No fuzzy-only auto-merge was performed.
D001051,R000669,R000629,normalized_doi,10.1002/9781394284757.ch23,retain_as_linked_duplicate_exclude_from_screening_count,rule_verified,No fuzzy-only auto-merge was performed.
D001052,R000670,R000072,normalized_doi,10.1002/9781119851288.ch8,retain_as_linked_duplicate_exclude_from_screening_count,rule_verified,No fuzzy-only auto-merge was performed.
D001053,R000671,R000631,normalized_doi,10.1002/9781119851288.index,retain_as_linked_duplicate_exclude_from_screening_count,rule_verified,No fuzzy-only auto-merge was performed.
D001054,R000672,R000122,normalized_doi,10.1093/oed/7022933169,retain_as_linked_duplicate_exclude_from_screening_count,rule_verified,No fuzzy-only auto-merge was performed.
D001055,R000673,R000123,normalized_doi,10.1002/9781119597537.ch5,retain_as_linked_duplicate_exclude_from_screening_count,rule_verified,No fuzzy-only auto-merge was performed.
D001056,R000674,R000124,normalized_doi,10.1109/cloud.2016.0020,retain_as_linked_duplicate_exclude_from_screening_count,rule_verified,No fuzzy-only auto-merge was performed.
D001057,R000675,R000128,normalized_doi,10.6028/nist.sp.800-239,retain_as_linked_duplicate_exclude_from_screening_count,rule_verified,No fuzzy-only auto-merge was performed.
D001058,R000676,R000129,normalized_doi,10.6028/nist.sp.800-239.ipd,retain_as_linked_duplicate_exclude_from_screening_count,rule_verified,No fuzzy-only auto-merge was performed.
D001059,R000677,R000127,normalized_doi,10.70179/rvbfak07,retain_as_linked_duplicate_exclude_from_screening_count,rule_verified,No fuzzy-only auto-merge was performed.
D001060,R000678,R000130,normalized_doi,10.5194/egusphere-egu22-2145,retain_as_linked_duplicate_exclude_from_screening_count,rule_verified,No fuzzy-only auto-merge was performed.
D001061,R000679,R000168,normalized_doi,10.1007/978-3-030-81961-3_6,retain_as_linked_duplicate_exclude_from_screening_count,rule_verified,No fuzzy-only auto-merge was performed.
D001062,R000682,R000122,normalized_doi,10.1093/oed/7022933169,retain_as_linked_duplicate_exclude_from_screening_count,rule_verified,No fuzzy-only auto-merge was performed.
D001063,R000683,R000123,normalized_doi,10.1002/9781119597537.ch5,retain_as_linked_duplicate_exclude_from_screening_count,rule_verified,No fuzzy-only auto-merge was performed.
D001064,R000684,R000128,normalized_doi,10.6028/nist.sp.800-239,retain_as_linked_duplicate_exclude_from_screening_count,rule_verified,No fuzzy-only auto-merge was performed.
D001065,R000685,R000129,normalized_doi,10.6028/nist.sp.800-239.ipd,retain_as_linked_duplicate_exclude_from_screening_count,rule_verified,No fuzzy-only auto-merge was performed.
D001066,R000686,R000127,normalized_doi,10.70179/rvbfak07,retain_as_linked_duplicate_exclude_from_screening_count,rule_verified,No fuzzy-only auto-merge was performed.
D001067,R000687,R000130,normalized_doi,10.5194/egusphere-egu22-2145,retain_as_linked_duplicate_exclude_from_screening_count,rule_verified,No fuzzy-only auto-merge was performed.
D001068,R000688,R000140,normalized_doi,10.14704/web/v16i2/a192,retain_as_linked_duplicate_exclude_from_screening_count,rule_verified,No fuzzy-only auto-merge was performed.
D001069,R000689,R000131,normalized_doi,10.38007/ijbdit.2020.010102,retain_as_linked_duplicate_exclude_from_screening_count,rule_verified,No fuzzy-only auto-merge was performed.
D001070,R000692,R000122,normalized_doi,10.1093/oed/7022933169,retain_as_linked_duplicate_exclude_from_screening_count,rule_verified,No fuzzy-only auto-merge was performed.
D001071,R000693,R000123,normalized_doi,10.1002/9781119597537.ch5,retain_as_linked_duplicate_exclude_from_screening_count,rule_verified,No fuzzy-only auto-merge was performed.
D001072,R000694,R000130,normalized_doi,10.5194/egusphere-egu22-2145,retain_as_linked_duplicate_exclude_from_screening_count,rule_verified,No fuzzy-only auto-merge was performed.
D001073,R000695,R000128,normalized_doi,10.6028/nist.sp.800-239,retain_as_linked_duplicate_exclude_from_screening_count,rule_verified,No fuzzy-only auto-merge was performed.
D001074,R000696,R000129,normalized_doi,10.6028/nist.sp.800-239.ipd,retain_as_linked_duplicate_exclude_from_screening_count,rule_verified,No fuzzy-only auto-merge was performed.
D001075,R000697,R000127,normalized_doi,10.70179/rvbfak07,retain_as_linked_duplicate_exclude_from_screening_count,rule_verified,No fuzzy-only auto-merge was performed.
D001076,R000698,R000168,normalized_doi,10.1007/978-3-030-81961-3_6,retain_as_linked_duplicate_exclude_from_screening_count,rule_verified,No fuzzy-only auto-merge was performed.
D001077,R000699,R000131,normalized_doi,10.38007/ijbdit.2020.010102,retain_as_linked_duplicate_exclude_from_screening_count,rule_verified,No fuzzy-only auto-merge was performed.
D001078,R000700,R000690,normalized_doi,10.53564/akademika.v11i2.328,retain_as_linked_duplicate_exclude_from_screening_count,rule_verified,No fuzzy-only auto-merge was performed.
D001079,R000701,R000680,normalized_doi,10.1109/confluence.2018.8442843,retain_as_linked_duplicate_exclude_from_screening_count,rule_verified,No fuzzy-only auto-merge was performed.
D001080,R000702,R000153,normalized_doi,10.3390/electronics10161900,retain_as_linked_duplicate_exclude_from_screening_count,rule_verified,No fuzzy-only auto-merge was performed.
D001081,R000703,R000122,normalized_doi,10.1093/oed/7022933169,retain_as_linked_duplicate_exclude_from_screening_count,rule_verified,No fuzzy-only auto-merge was performed.
D001082,R000704,R000123,normalized_doi,10.1002/9781119597537.ch5,retain_as_linked_duplicate_exclude_from_screening_count,rule_verified,No fuzzy-only auto-merge was performed.
D001083,R000705,R000159,normalized_doi,10.1109/icdici66477.2025.11134988,retain_as_linked_duplicate_exclude_from_screening_count,rule_verified,No fuzzy-only auto-merge was performed.
D001084,R000706,R000160,normalized_doi,10.2139/ssrn.5357694,retain_as_linked_duplicate_exclude_from_screening_count,rule_verified,No fuzzy-only auto-merge was performed.
D001085,R000707,R000156,normalized_doi,10.1201/9781003336990-1,retain_as_linked_duplicate_exclude_from_screening_count,rule_verified,No fuzzy-only auto-merge was performed.
D001086,R000710,R000424,normalized_doi,10.1007/978-3-031-18034-7_11,retain_as_linked_duplicate_exclude_from_screening_count,rule_verified,No fuzzy-only auto-merge was performed.
D001087,R000711,R000155,normalized_doi,10.1109/irec51415.2021.9427865,retain_as_linked_duplicate_exclude_from_screening_count,rule_verified,No fuzzy-only auto-merge was performed.
D001088,R000712,R000122,normalized_doi,10.1093/oed/7022933169,retain_as_linked_duplicate_exclude_from_screening_count,rule_verified,No fuzzy-only auto-merge was performed.
D001089,R000713,R000123,normalized_doi,10.1002/9781119597537.ch5,retain_as_linked_duplicate_exclude_from_screening_count,rule_verified,No fuzzy-only auto-merge was performed.
D001090,R000714,R000168,normalized_doi,10.1007/978-3-030-81961-3_6,retain_as_linked_duplicate_exclude_from_screening_count,rule_verified,No fuzzy-only auto-merge was performed.
D001091,R000715,R000166,normalized_doi,10.1109/edge50951.2020.00011,retain_as_linked_duplicate_exclude_from_screening_count,rule_verified,No fuzzy-only auto-merge was performed.
D001092,R000716,R000128,normalized_doi,10.6028/nist.sp.800-239,retain_as_linked_duplicate_exclude_from_screening_count,rule_verified,No fuzzy-only auto-merge was performed.
D001093,R000717,R000129,normalized_doi,10.6028/nist.sp.800-239.ipd,retain_as_linked_duplicate_exclude_from_screening_count,rule_verified,No fuzzy-only auto-merge was performed.
D001094,R000718,R000127,normalized_doi,10.70179/rvbfak07,retain_as_linked_duplicate_exclude_from_screening_count,rule_verified,No fuzzy-only auto-merge was performed.
D001095,R000719,R000130,normalized_doi,10.5194/egusphere-egu22-2145,retain_as_linked_duplicate_exclude_from_screening_count,rule_verified,No fuzzy-only auto-merge was performed.
D001096,R000720,R000131,normalized_doi,10.38007/ijbdit.2020.010102,retain_as_linked_duplicate_exclude_from_screening_count,rule_verified,No fuzzy-only auto-merge was performed.
D001097,R000721,R000690,normalized_doi,10.53564/akademika.v11i2.328,retain_as_linked_duplicate_exclude_from_screening_count,rule_verified,No fuzzy-only auto-merge was performed.
D001098,R000722,R001124,normalized_doi,10.1016/j.energy.2021.121608,retain_as_linked_duplicate_exclude_from_screening_count,rule_verified,No fuzzy-only auto-merge was performed.
D001099,R000723,R001427,normalized_doi,10.3390/wevj11010014,retain_as_linked_duplicate_exclude_from_screening_count,rule_verified,No fuzzy-only auto-merge was performed.
D001100,R000724,R000177,normalized_doi,10.1109/spies63782.2024.10982869,retain_as_linked_duplicate_exclude_from_screening_count,rule_verified,No fuzzy-only auto-merge was performed.
D001101,R000725,R000178,normalized_doi,10.1109/pesgre45664.2020.9070489,retain_as_linked_duplicate_exclude_from_screening_count,rule_verified,No fuzzy-only auto-merge was performed.
D001102,R000726,R000179,normalized_doi,10.1109/isgt-asia.2015.7387135,retain_as_linked_duplicate_exclude_from_screening_count,rule_verified,No fuzzy-only auto-merge was performed.
D001103,R000727,R000180,normalized_doi,10.1109/calcon49167.2020.9106552,retain_as_linked_duplicate_exclude_from_screening_count,rule_verified,No fuzzy-only auto-merge was performed.
D001104,R000728,R000181,normalized_doi,10.2139/ssrn.5045982,retain_as_linked_duplicate_exclude_from_screening_count,rule_verified,No fuzzy-only auto-merge was performed.
D001105,R000732,R000182,normalized_doi,10.3390/wevj14060152,retain_as_linked_duplicate_exclude_from_screening_count,rule_verified,No fuzzy-only auto-merge was performed.
D001106,R000733,R000184,normalized_doi,10.1049/pbtr016e_ch4,retain_as_linked_duplicate_exclude_from_screening_count,rule_verified,No fuzzy-only auto-merge was performed.
D001107,R000734,R001124,normalized_doi,10.1016/j.energy.2021.121608,retain_as_linked_duplicate_exclude_from_screening_count,rule_verified,No fuzzy-only auto-merge was performed.
D001108,R000735,R000179,normalized_doi,10.1109/isgt-asia.2015.7387135,retain_as_linked_duplicate_exclude_from_screening_count,rule_verified,No fuzzy-only auto-merge was performed.
D001109,R000736,R000189,normalized_doi,10.1109/isgteurope56780.2023.10408178,retain_as_linked_duplicate_exclude_from_screening_count,rule_verified,No fuzzy-only auto-merge was performed.
D001110,R000737,R000191,normalized_doi,10.1109/sgai64825.2025.11009806,retain_as_linked_duplicate_exclude_from_screening_count,rule_verified,No fuzzy-only auto-merge was performed.
D001111,R000738,R000178,normalized_doi,10.1109/pesgre45664.2020.9070489,retain_as_linked_duplicate_exclude_from_screening_count,rule_verified,No fuzzy-only auto-merge was performed.
D001112,R000739,R000180,normalized_doi,10.1109/calcon49167.2020.9106552,retain_as_linked_duplicate_exclude_from_screening_count,rule_verified,No fuzzy-only auto-merge was performed.
D001113,R000741,R000187,normalized_doi,10.3390/wevj14010018,retain_as_linked_duplicate_exclude_from_screening_count,rule_verified,No fuzzy-only auto-merge was performed.
D001114,R000742,R000178,normalized_doi,10.1109/pesgre45664.2020.9070489,retain_as_linked_duplicate_exclude_from_screening_count,rule_verified,No fuzzy-only auto-merge was performed.
D001115,R000743,R001124,normalized_doi,10.1016/j.energy.2021.121608,retain_as_linked_duplicate_exclude_from_screening_count,rule_verified,No fuzzy-only auto-merge was performed.
D001116,R000744,R000180,normalized_doi,10.1109/calcon49167.2020.9106552,retain_as_linked_duplicate_exclude_from_screening_count,rule_verified,No fuzzy-only auto-merge was performed.
D001117,R000745,R000195,normalized_doi,10.1007/978-981-10-4250-8_6,retain_as_linked_duplicate_exclude_from_screening_count,rule_verified,No fuzzy-only auto-merge was performed.
D001118,R000746,R000179,normalized_doi,10.1109/isgt-asia.2015.7387135,retain_as_linked_duplicate_exclude_from_screening_count,rule_verified,No fuzzy-only auto-merge was performed.
D001119,R000747,R000197,normalized_doi,10.1016/j.enconman.2016.12.045,retain_as_linked_duplicate_exclude_from_screening_count,rule_verified,No fuzzy-only auto-merge was performed.
D001120,R000748,R000198,normalized_doi,10.1049/pbpo079e_ch2,retain_as_linked_duplicate_exclude_from_screening_count,rule_verified,No fuzzy-only auto-merge was performed.
D001121,R000749,R000200,normalized_doi,10.1109/tpec.2019.8662152,retain_as_linked_duplicate_exclude_from_screening_count,rule_verified,No fuzzy-only auto-merge was performed.
D001122,R000750,R000201,normalized_doi,10.1007/978-981-15-2639-8_7,retain_as_linked_duplicate_exclude_from_screening_count,rule_verified,No fuzzy-only auto-merge was performed.
D001123,R000751,R000205,normalized_doi,10.1109/icrera.2018.8567002,retain_as_linked_duplicate_exclude_from_screening_count,rule_verified,No fuzzy-only auto-merge was performed.
D001124,R000752,R000178,normalized_doi,10.1109/pesgre45664.2020.9070489,retain_as_linked_duplicate_exclude_from_screening_count,rule_verified,No fuzzy-only auto-merge was performed.
D001125,R000753,R001124,normalized_doi,10.1016/j.energy.2021.121608,retain_as_linked_duplicate_exclude_from_screening_count,rule_verified,No fuzzy-only auto-merge was performed.
D001126,R000754,R000198,normalized_doi,10.1049/pbpo079e_ch2,retain_as_linked_duplicate_exclude_from_screening_count,rule_verified,No fuzzy-only auto-merge was performed.
D001127,R000755,R000205,normalized_doi,10.1109/icrera.2018.8567002,retain_as_linked_duplicate_exclude_from_screening_count,rule_verified,No fuzzy-only auto-merge was performed.
D001128,R000756,R000206,normalized_doi,10.1016/j.renene.2024.120760,retain_as_linked_duplicate_exclude_from_screening_count,rule_verified,No fuzzy-only auto-merge was performed.
D001129,R000757,R000207,normalized_doi,10.1016/j.renene.2025.124769,retain_as_linked_duplicate_exclude_from_screening_count,rule_verified,No fuzzy-only auto-merge was performed.
D001130,R000758,R000209,normalized_doi,10.1016/j.renene.2020.07.017,retain_as_linked_duplicate_exclude_from_screening_count,rule_verified,No fuzzy-only auto-merge was performed.
D001131,R000759,R000210,normalized_doi,10.1201/9781003585534-12,retain_as_linked_duplicate_exclude_from_screening_count,rule_verified,No fuzzy-only auto-merge was performed.
D001132,R000760,R000211,normalized_doi,10.1007/s12667-022-00548-x,retain_as_linked_duplicate_exclude_from_screening_count,rule_verified,No fuzzy-only auto-merge was performed.
D001133,R000762,R001124,normalized_doi,10.1016/j.energy.2021.121608,retain_as_linked_duplicate_exclude_from_screening_count,rule_verified,No fuzzy-only auto-merge was performed.
D001134,R000763,R001914,normalized_doi,10.1109/tsg.2016.2603502,retain_as_linked_duplicate_exclude_from_screening_count,rule_verified,No fuzzy-only auto-merge was performed.
D001135,R000764,R000178,normalized_doi,10.1109/pesgre45664.2020.9070489,retain_as_linked_duplicate_exclude_from_screening_count,rule_verified,No fuzzy-only auto-merge was performed.
D001136,R000765,R000179,normalized_doi,10.1109/isgt-asia.2015.7387135,retain_as_linked_duplicate_exclude_from_screening_count,rule_verified,No fuzzy-only auto-merge was performed.
D001137,R000766,R000180,normalized_doi,10.1109/calcon49167.2020.9106552,retain_as_linked_duplicate_exclude_from_screening_count,rule_verified,No fuzzy-only auto-merge was performed.
D001138,R000767,R000761,normalized_doi,10.21203/rs.3.rs-1685933/v1,retain_as_linked_duplicate_exclude_from_screening_count,rule_verified,No fuzzy-only auto-merge was performed.
D001139,R000768,R000218,normalized_doi,10.2174/9789815324877125010010,retain_as_linked_duplicate_exclude_from_screening_count,rule_verified,No fuzzy-only auto-merge was performed.
D001140,R000769,R000201,normalized_doi,10.1007/978-981-15-2639-8_7,retain_as_linked_duplicate_exclude_from_screening_count,rule_verified,No fuzzy-only auto-merge was performed.
D001141,R000770,R000221,normalized_doi,10.1109/isgteurope56780.2023.10407696,retain_as_linked_duplicate_exclude_from_screening_count,rule_verified,No fuzzy-only auto-merge was performed.
D001142,R000771,R000184,normalized_doi,10.1049/pbtr016e_ch4,retain_as_linked_duplicate_exclude_from_screening_count,rule_verified,No fuzzy-only auto-merge was performed.
D001143,R000772,R000023,normalized_doi,10.1016/b978-0-323-99588-7.00009-2,retain_as_linked_duplicate_exclude_from_screening_count,rule_verified,No fuzzy-only auto-merge was performed.
D001144,R000773,R000024,normalized_doi,10.1016/b978-0-323-99588-7.00010-9,retain_as_linked_duplicate_exclude_from_screening_count,rule_verified,No fuzzy-only auto-merge was performed.
D001145,R000774,R000026,normalized_doi,10.1016/b978-0-323-99588-7.00002-x,retain_as_linked_duplicate_exclude_from_screening_count,rule_verified,No fuzzy-only auto-merge was performed.
D001146,R000775,R000027,normalized_doi,10.1016/b978-0-323-99588-7.00005-5,retain_as_linked_duplicate_exclude_from_screening_count,rule_verified,No fuzzy-only auto-merge was performed.
D001147,R000776,R000025,normalized_doi,10.1016/j.jobe.2025.112731,retain_as_linked_duplicate_exclude_from_screening_count,rule_verified,No fuzzy-only auto-merge was performed.
D001148,R000777,R000028,normalized_doi,10.1016/b978-0-323-99588-7.00004-3,retain_as_linked_duplicate_exclude_from_screening_count,rule_verified,No fuzzy-only auto-merge was performed.
D001149,R000778,R000029,normalized_doi,10.1016/c2021-0-02510-4,retain_as_linked_duplicate_exclude_from_screening_count,rule_verified,No fuzzy-only auto-merge was performed.
D001150,R000779,R000030,normalized_doi,10.1016/b978-0-323-99588-7.00003-1,retain_as_linked_duplicate_exclude_from_screening_count,rule_verified,No fuzzy-only auto-merge was performed.
D001151,R000780,R000022,normalized_doi,10.1016/b978-0-323-99588-7.00001-8,retain_as_linked_duplicate_exclude_from_screening_count,rule_verified,No fuzzy-only auto-merge was performed.
D001152,R000781,R000031,normalized_doi,10.1109/isgt-asia.2019.8881571,retain_as_linked_duplicate_exclude_from_screening_count,rule_verified,No fuzzy-only auto-merge was performed.
D001153,R000782,R000033,normalized_doi,10.1002/9781394203093.ch1,retain_as_linked_duplicate_exclude_from_screening_count,rule_verified,No fuzzy-only auto-merge was performed.
D001154,R000783,R000023,normalized_doi,10.1016/b978-0-323-99588-7.00009-2,retain_as_linked_duplicate_exclude_from_screening_count,rule_verified,No fuzzy-only auto-merge was performed.
D001155,R000784,R000025,normalized_doi,10.1016/j.jobe.2025.112731,retain_as_linked_duplicate_exclude_from_screening_count,rule_verified,No fuzzy-only auto-merge was performed.
D001156,R000785,R000037,normalized_doi,10.46855/energy-proceedings-3450,retain_as_linked_duplicate_exclude_from_screening_count,rule_verified,No fuzzy-only auto-merge was performed.
D001157,R000786,R000038,normalized_doi,10.1016/j.energy.2021.120741,retain_as_linked_duplicate_exclude_from_screening_count,rule_verified,No fuzzy-only auto-merge was performed.
D001158,R000787,R000024,normalized_doi,10.1016/b978-0-323-99588-7.00010-9,retain_as_linked_duplicate_exclude_from_screening_count,rule_verified,No fuzzy-only auto-merge was performed.
D001159,R000788,R000040,normalized_doi,10.1109/tsg.2014.2381596,retain_as_linked_duplicate_exclude_from_screening_count,rule_verified,No fuzzy-only auto-merge was performed.
D001160,R000789,R000591,normalized_doi,10.1109/isgt45199.2020.9087738,retain_as_linked_duplicate_exclude_from_screening_count,rule_verified,No fuzzy-only auto-merge was performed.
D001161,R000790,R001238,normalized_doi,10.3390/en17194794,retain_as_linked_duplicate_exclude_from_screening_count,rule_verified,No fuzzy-only auto-merge was performed.
D001162,R000791,R000528,normalized_doi,10.1016/j.segy.2021.100017,retain_as_linked_duplicate_exclude_from_screening_count,rule_verified,No fuzzy-only auto-merge was performed.
D001163,R000792,R000033,normalized_doi,10.1002/9781394203093.ch1,retain_as_linked_duplicate_exclude_from_screening_count,rule_verified,No fuzzy-only auto-merge was performed.
D001164,R000793,R000023,normalized_doi,10.1016/b978-0-323-99588-7.00009-2,retain_as_linked_duplicate_exclude_from_screening_count,rule_verified,No fuzzy-only auto-merge was performed.
D001165,R000794,R000045,normalized_doi,10.1109/pesgre52268.2022.9715880,retain_as_linked_duplicate_exclude_from_screening_count,rule_verified,No fuzzy-only auto-merge was performed.
D001166,R000795,R001238,normalized_doi,10.3390/en17194794,retain_as_linked_duplicate_exclude_from_screening_count,rule_verified,No fuzzy-only auto-merge was performed.
D001167,R000796,R000025,normalized_doi,10.1016/j.jobe.2025.112731,retain_as_linked_duplicate_exclude_from_screening_count,rule_verified,No fuzzy-only auto-merge was performed.
D001168,R000797,R000024,normalized_doi,10.1016/b978-0-323-99588-7.00010-9,retain_as_linked_duplicate_exclude_from_screening_count,rule_verified,No fuzzy-only auto-merge was performed.
D001169,R000798,R000048,normalized_doi,10.1109/icsmartgrid58556.2023.10170914,retain_as_linked_duplicate_exclude_from_screening_count,rule_verified,No fuzzy-only auto-merge was performed.
D001170,R000799,R000026,normalized_doi,10.1016/b978-0-323-99588-7.00002-x,retain_as_linked_duplicate_exclude_from_screening_count,rule_verified,No fuzzy-only auto-merge was performed.
D001171,R000800,R000028,normalized_doi,10.1016/b978-0-323-99588-7.00004-3,retain_as_linked_duplicate_exclude_from_screening_count,rule_verified,No fuzzy-only auto-merge was performed.
D001172,R000801,R000027,normalized_doi,10.1016/b978-0-323-99588-7.00005-5,retain_as_linked_duplicate_exclude_from_screening_count,rule_verified,No fuzzy-only auto-merge was performed.
D001173,R000802,R000023,normalized_doi,10.1016/b978-0-323-99588-7.00009-2,retain_as_linked_duplicate_exclude_from_screening_count,rule_verified,No fuzzy-only auto-merge was performed.
D001174,R000803,R000054,normalized_doi,10.2172/1580329,retain_as_linked_duplicate_exclude_from_screening_count,rule_verified,No fuzzy-only auto-merge was performed.
D001175,R000804,R000056,normalized_doi,10.2172/1580215,retain_as_linked_duplicate_exclude_from_screening_count,rule_verified,No fuzzy-only auto-merge was performed.
D001176,R000805,R000033,normalized_doi,10.1002/9781394203093.ch1,retain_as_linked_duplicate_exclude_from_screening_count,rule_verified,No fuzzy-only auto-merge was performed.
D001177,R000806,R000058,normalized_doi,10.2172/1671878,retain_as_linked_duplicate_exclude_from_screening_count,rule_verified,No fuzzy-only auto-merge was performed.
D001178,R000807,R000045,normalized_doi,10.1109/pesgre52268.2022.9715880,retain_as_linked_duplicate_exclude_from_screening_count,rule_verified,No fuzzy-only auto-merge was performed.
D001179,R000808,R000060,normalized_doi,10.1016/b978-0-323-99588-7.00011-0,retain_as_linked_duplicate_exclude_from_screening_count,rule_verified,No fuzzy-only auto-merge was performed.
D001180,R000809,R000024,normalized_doi,10.1016/b978-0-323-99588-7.00010-9,retain_as_linked_duplicate_exclude_from_screening_count,rule_verified,No fuzzy-only auto-merge was performed.
D001181,R000810,R000611,normalized_doi,10.2172/1644287,retain_as_linked_duplicate_exclude_from_screening_count,rule_verified,No fuzzy-only auto-merge was performed.
D001182,R000812,R000033,normalized_doi,10.1002/9781394203093.ch1,retain_as_linked_duplicate_exclude_from_screening_count,rule_verified,No fuzzy-only auto-merge was performed.
D001183,R000813,R000023,normalized_doi,10.1016/b978-0-323-99588-7.00009-2,retain_as_linked_duplicate_exclude_from_screening_count,rule_verified,No fuzzy-only auto-merge was performed.
D001184,R000814,R000025,normalized_doi,10.1016/j.jobe.2025.112731,retain_as_linked_duplicate_exclude_from_screening_count,rule_verified,No fuzzy-only auto-merge was performed.
D001185,R000815,R000045,normalized_doi,10.1109/pesgre52268.2022.9715880,retain_as_linked_duplicate_exclude_from_screening_count,rule_verified,No fuzzy-only auto-merge was performed.
D001186,R000816,R000024,normalized_doi,10.1016/b978-0-323-99588-7.00010-9,retain_as_linked_duplicate_exclude_from_screening_count,rule_verified,No fuzzy-only auto-merge was performed.
D001187,R000817,R001238,normalized_doi,10.3390/en17194794,retain_as_linked_duplicate_exclude_from_screening_count,rule_verified,No fuzzy-only auto-merge was performed.
D001188,R000818,R000026,normalized_doi,10.1016/b978-0-323-99588-7.00002-x,retain_as_linked_duplicate_exclude_from_screening_count,rule_verified,No fuzzy-only auto-merge was performed.
D001189,R000819,R000071,normalized_doi,10.26868/25222708.2015.2582,retain_as_linked_duplicate_exclude_from_screening_count,rule_verified,No fuzzy-only auto-merge was performed.
D001190,R000820,R000028,normalized_doi,10.1016/b978-0-323-99588-7.00004-3,retain_as_linked_duplicate_exclude_from_screening_count,rule_verified,No fuzzy-only auto-merge was performed.
D001191,R000821,R000027,normalized_doi,10.1016/b978-0-323-99588-7.00005-5,retain_as_linked_duplicate_exclude_from_screening_count,rule_verified,No fuzzy-only auto-merge was performed.
D001192,R000822,R000622,normalized_doi,10.1002/9781119851288.ch3,retain_as_linked_duplicate_exclude_from_screening_count,rule_verified,No fuzzy-only auto-merge was performed.
D001193,R000823,R000623,normalized_doi,10.1002/9781119851288.ch1,retain_as_linked_duplicate_exclude_from_screening_count,rule_verified,No fuzzy-only auto-merge was performed.
D001194,R000824,R000624,normalized_doi,10.1002/9781119851288.ch2,retain_as_linked_duplicate_exclude_from_screening_count,rule_verified,No fuzzy-only auto-merge was performed.
D001195,R000825,R000625,normalized_doi,10.1002/9781119851288.ch9,retain_as_linked_duplicate_exclude_from_screening_count,rule_verified,No fuzzy-only auto-merge was performed.
D001196,R000826,R000626,normalized_doi,10.1002/9781119851288.fmatter,retain_as_linked_duplicate_exclude_from_screening_count,rule_verified,No fuzzy-only auto-merge was performed.
D001197,R000827,R000627,normalized_doi,10.1002/9781119851288,retain_as_linked_duplicate_exclude_from_screening_count,rule_verified,No fuzzy-only auto-merge was performed.
D001198,R000828,R000628,normalized_doi,10.1002/9781119851288.ch7,retain_as_linked_duplicate_exclude_from_screening_count,rule_verified,No fuzzy-only auto-merge was performed.
D001199,R000829,R000629,normalized_doi,10.1002/9781394284757.ch23,retain_as_linked_duplicate_exclude_from_screening_count,rule_verified,No fuzzy-only auto-merge was performed.
D001200,R000830,R000072,normalized_doi,10.1002/9781119851288.ch8,retain_as_linked_duplicate_exclude_from_screening_count,rule_verified,No fuzzy-only auto-merge was performed.
D001201,R000831,R000631,normalized_doi,10.1002/9781119851288.index,retain_as_linked_duplicate_exclude_from_screening_count,rule_verified,No fuzzy-only auto-merge was performed.
D001202,R000832,R000082,normalized_doi,10.1002/9781119851288.ch5,retain_as_linked_duplicate_exclude_from_screening_count,rule_verified,No fuzzy-only auto-merge was performed.
D001203,R000833,R000622,normalized_doi,10.1002/9781119851288.ch3,retain_as_linked_duplicate_exclude_from_screening_count,rule_verified,No fuzzy-only auto-merge was performed.
D001204,R000834,R000623,normalized_doi,10.1002/9781119851288.ch1,retain_as_linked_duplicate_exclude_from_screening_count,rule_verified,No fuzzy-only auto-merge was performed.
D001205,R000835,R000624,normalized_doi,10.1002/9781119851288.ch2,retain_as_linked_duplicate_exclude_from_screening_count,rule_verified,No fuzzy-only auto-merge was performed.
D001206,R000836,R000625,normalized_doi,10.1002/9781119851288.ch9,retain_as_linked_duplicate_exclude_from_screening_count,rule_verified,No fuzzy-only auto-merge was performed.
D001207,R000837,R000086,normalized_doi,10.5772/intechopen.1002523,retain_as_linked_duplicate_exclude_from_screening_count,rule_verified,No fuzzy-only auto-merge was performed.
D001208,R000838,R000626,normalized_doi,10.1002/9781119851288.fmatter,retain_as_linked_duplicate_exclude_from_screening_count,rule_verified,No fuzzy-only auto-merge was performed.
D001209,R000839,R000627,normalized_doi,10.1002/9781119851288,retain_as_linked_duplicate_exclude_from_screening_count,rule_verified,No fuzzy-only auto-merge was performed.
D001210,R000840,R000083,normalized_doi,10.1109/access.2021.3096962,retain_as_linked_duplicate_exclude_from_screening_count,rule_verified,No fuzzy-only auto-merge was performed.
D001211,R000841,R000628,normalized_doi,10.1002/9781119851288.ch7,retain_as_linked_duplicate_exclude_from_screening_count,rule_verified,No fuzzy-only auto-merge was performed.
D001212,R000842,R000622,normalized_doi,10.1002/9781119851288.ch3,retain_as_linked_duplicate_exclude_from_screening_count,rule_verified,No fuzzy-only auto-merge was performed.
D001213,R000843,R000623,normalized_doi,10.1002/9781119851288.ch1,retain_as_linked_duplicate_exclude_from_screening_count,rule_verified,No fuzzy-only auto-merge was performed.
D001214,R000844,R000624,normalized_doi,10.1002/9781119851288.ch2,retain_as_linked_duplicate_exclude_from_screening_count,rule_verified,No fuzzy-only auto-merge was performed.
D001215,R000845,R000625,normalized_doi,10.1002/9781119851288.ch9,retain_as_linked_duplicate_exclude_from_screening_count,rule_verified,No fuzzy-only auto-merge was performed.
D001216,R000846,R000626,normalized_doi,10.1002/9781119851288.fmatter,retain_as_linked_duplicate_exclude_from_screening_count,rule_verified,No fuzzy-only auto-merge was performed.
D001217,R000847,R000627,normalized_doi,10.1002/9781119851288,retain_as_linked_duplicate_exclude_from_screening_count,rule_verified,No fuzzy-only auto-merge was performed.
D001218,R000848,R000628,normalized_doi,10.1002/9781119851288.ch7,retain_as_linked_duplicate_exclude_from_screening_count,rule_verified,No fuzzy-only auto-merge was performed.
D001219,R000849,R000629,normalized_doi,10.1002/9781394284757.ch23,retain_as_linked_duplicate_exclude_from_screening_count,rule_verified,No fuzzy-only auto-merge was performed.
D001220,R000850,R000072,normalized_doi,10.1002/9781119851288.ch8,retain_as_linked_duplicate_exclude_from_screening_count,rule_verified,No fuzzy-only auto-merge was performed.
D001221,R000851,R000631,normalized_doi,10.1002/9781119851288.index,retain_as_linked_duplicate_exclude_from_screening_count,rule_verified,No fuzzy-only auto-merge was performed.
D001222,R000852,R000622,normalized_doi,10.1002/9781119851288.ch3,retain_as_linked_duplicate_exclude_from_screening_count,rule_verified,No fuzzy-only auto-merge was performed.
D001223,R000853,R000623,normalized_doi,10.1002/9781119851288.ch1,retain_as_linked_duplicate_exclude_from_screening_count,rule_verified,No fuzzy-only auto-merge was performed.
D001224,R000854,R000624,normalized_doi,10.1002/9781119851288.ch2,retain_as_linked_duplicate_exclude_from_screening_count,rule_verified,No fuzzy-only auto-merge was performed.
D001225,R000855,R000625,normalized_doi,10.1002/9781119851288.ch9,retain_as_linked_duplicate_exclude_from_screening_count,rule_verified,No fuzzy-only auto-merge was performed.
D001226,R000856,R000626,normalized_doi,10.1002/9781119851288.fmatter,retain_as_linked_duplicate_exclude_from_screening_count,rule_verified,No fuzzy-only auto-merge was performed.
D001227,R000857,R000627,normalized_doi,10.1002/9781119851288,retain_as_linked_duplicate_exclude_from_screening_count,rule_verified,No fuzzy-only auto-merge was performed.
D001228,R000858,R000628,normalized_doi,10.1002/9781119851288.ch7,retain_as_linked_duplicate_exclude_from_screening_count,rule_verified,No fuzzy-only auto-merge was performed.
D001229,R000859,R000629,normalized_doi,10.1002/9781394284757.ch23,retain_as_linked_duplicate_exclude_from_screening_count,rule_verified,No fuzzy-only auto-merge was performed.
D001230,R000860,R000072,normalized_doi,10.1002/9781119851288.ch8,retain_as_linked_duplicate_exclude_from_screening_count,rule_verified,No fuzzy-only auto-merge was performed.
D001231,R000861,R000631,normalized_doi,10.1002/9781119851288.index,retain_as_linked_duplicate_exclude_from_screening_count,rule_verified,No fuzzy-only auto-merge was performed.
D001232,R000862,R000622,normalized_doi,10.1002/9781119851288.ch3,retain_as_linked_duplicate_exclude_from_screening_count,rule_verified,No fuzzy-only auto-merge was performed.
D001233,R000863,R000623,normalized_doi,10.1002/9781119851288.ch1,retain_as_linked_duplicate_exclude_from_screening_count,rule_verified,No fuzzy-only auto-merge was performed.
D001234,R000864,R000624,normalized_doi,10.1002/9781119851288.ch2,retain_as_linked_duplicate_exclude_from_screening_count,rule_verified,No fuzzy-only auto-merge was performed.
D001235,R000865,R000625,normalized_doi,10.1002/9781119851288.ch9,retain_as_linked_duplicate_exclude_from_screening_count,rule_verified,No fuzzy-only auto-merge was performed.
D001236,R000866,R000626,normalized_doi,10.1002/9781119851288.fmatter,retain_as_linked_duplicate_exclude_from_screening_count,rule_verified,No fuzzy-only auto-merge was performed.
D001237,R000867,R000627,normalized_doi,10.1002/9781119851288,retain_as_linked_duplicate_exclude_from_screening_count,rule_verified,No fuzzy-only auto-merge was performed.
D001238,R000868,R000628,normalized_doi,10.1002/9781119851288.ch7,retain_as_linked_duplicate_exclude_from_screening_count,rule_verified,No fuzzy-only auto-merge was performed.
D001239,R000869,R000629,normalized_doi,10.1002/9781394284757.ch23,retain_as_linked_duplicate_exclude_from_screening_count,rule_verified,No fuzzy-only auto-merge was performed.
D001240,R000870,R000072,normalized_doi,10.1002/9781119851288.ch8,retain_as_linked_duplicate_exclude_from_screening_count,rule_verified,No fuzzy-only auto-merge was performed.
D001241,R000871,R000631,normalized_doi,10.1002/9781119851288.index,retain_as_linked_duplicate_exclude_from_screening_count,rule_verified,No fuzzy-only auto-merge was performed.
D001242,R000872,R000122,normalized_doi,10.1093/oed/7022933169,retain_as_linked_duplicate_exclude_from_screening_count,rule_verified,No fuzzy-only auto-merge was performed.
D001243,R000873,R000123,normalized_doi,10.1002/9781119597537.ch5,retain_as_linked_duplicate_exclude_from_screening_count,rule_verified,No fuzzy-only auto-merge was performed.
D001244,R000874,R000124,normalized_doi,10.1109/cloud.2016.0020,retain_as_linked_duplicate_exclude_from_screening_count,rule_verified,No fuzzy-only auto-merge was performed.
D001245,R000875,R000128,normalized_doi,10.6028/nist.sp.800-239,retain_as_linked_duplicate_exclude_from_screening_count,rule_verified,No fuzzy-only auto-merge was performed.
D001246,R000876,R000129,normalized_doi,10.6028/nist.sp.800-239.ipd,retain_as_linked_duplicate_exclude_from_screening_count,rule_verified,No fuzzy-only auto-merge was performed.
D001247,R000877,R000127,normalized_doi,10.70179/rvbfak07,retain_as_linked_duplicate_exclude_from_screening_count,rule_verified,No fuzzy-only auto-merge was performed.
D001248,R000878,R000130,normalized_doi,10.5194/egusphere-egu22-2145,retain_as_linked_duplicate_exclude_from_screening_count,rule_verified,No fuzzy-only auto-merge was performed.
D001249,R000879,R000168,normalized_doi,10.1007/978-3-030-81961-3_6,retain_as_linked_duplicate_exclude_from_screening_count,rule_verified,No fuzzy-only auto-merge was performed.
D001250,R000880,R000680,normalized_doi,10.1109/confluence.2018.8442843,retain_as_linked_duplicate_exclude_from_screening_count,rule_verified,No fuzzy-only auto-merge was performed.
D001251,R000881,R000131,normalized_doi,10.38007/ijbdit.2020.010102,retain_as_linked_duplicate_exclude_from_screening_count,rule_verified,No fuzzy-only auto-merge was performed.
D001252,R000882,R000122,normalized_doi,10.1093/oed/7022933169,retain_as_linked_duplicate_exclude_from_screening_count,rule_verified,No fuzzy-only auto-merge was performed.
D001253,R000883,R000123,normalized_doi,10.1002/9781119597537.ch5,retain_as_linked_duplicate_exclude_from_screening_count,rule_verified,No fuzzy-only auto-merge was performed.
D001254,R000884,R000128,normalized_doi,10.6028/nist.sp.800-239,retain_as_linked_duplicate_exclude_from_screening_count,rule_verified,No fuzzy-only auto-merge was performed.
D001255,R000885,R000129,normalized_doi,10.6028/nist.sp.800-239.ipd,retain_as_linked_duplicate_exclude_from_screening_count,rule_verified,No fuzzy-only auto-merge was performed.
D001256,R000886,R000127,normalized_doi,10.70179/rvbfak07,retain_as_linked_duplicate_exclude_from_screening_count,rule_verified,No fuzzy-only auto-merge was performed.
D001257,R000887,R000130,normalized_doi,10.5194/egusphere-egu22-2145,retain_as_linked_duplicate_exclude_from_screening_count,rule_verified,No fuzzy-only auto-merge was performed.
D001258,R000888,R000140,normalized_doi,10.14704/web/v16i2/a192,retain_as_linked_duplicate_exclude_from_screening_count,rule_verified,No fuzzy-only auto-merge was performed.
D001259,R000889,R000131,normalized_doi,10.38007/ijbdit.2020.010102,retain_as_linked_duplicate_exclude_from_screening_count,rule_verified,No fuzzy-only auto-merge was performed.
D001260,R000890,R000690,normalized_doi,10.53564/akademika.v11i2.328,retain_as_linked_duplicate_exclude_from_screening_count,rule_verified,No fuzzy-only auto-merge was performed.
D001261,R000891,R000691,normalized_doi,10.1002/9781119763260.ch4,retain_as_linked_duplicate_exclude_from_screening_count,rule_verified,No fuzzy-only auto-merge was performed.
D001262,R000892,R000122,normalized_doi,10.1093/oed/7022933169,retain_as_linked_duplicate_exclude_from_screening_count,rule_verified,No fuzzy-only auto-merge was performed.
D001263,R000893,R000123,normalized_doi,10.1002/9781119597537.ch5,retain_as_linked_duplicate_exclude_from_screening_count,rule_verified,No fuzzy-only auto-merge was performed.
D001264,R000894,R000130,normalized_doi,10.5194/egusphere-egu22-2145,retain_as_linked_duplicate_exclude_from_screening_count,rule_verified,No fuzzy-only auto-merge was performed.
D001265,R000895,R000129,normalized_doi,10.6028/nist.sp.800-239.ipd,retain_as_linked_duplicate_exclude_from_screening_count,rule_verified,No fuzzy-only auto-merge was performed.
D001266,R000896,R000128,normalized_doi,10.6028/nist.sp.800-239,retain_as_linked_duplicate_exclude_from_screening_count,rule_verified,No fuzzy-only auto-merge was performed.
D001267,R000897,R000127,normalized_doi,10.70179/rvbfak07,retain_as_linked_duplicate_exclude_from_screening_count,rule_verified,No fuzzy-only auto-merge was performed.
D001268,R000898,R000168,normalized_doi,10.1007/978-3-030-81961-3_6,retain_as_linked_duplicate_exclude_from_screening_count,rule_verified,No fuzzy-only auto-merge was performed.
D001269,R000899,R000131,normalized_doi,10.38007/ijbdit.2020.010102,retain_as_linked_duplicate_exclude_from_screening_count,rule_verified,No fuzzy-only auto-merge was performed.
D001270,R000900,R000690,normalized_doi,10.53564/akademika.v11i2.328,retain_as_linked_duplicate_exclude_from_screening_count,rule_verified,No fuzzy-only auto-merge was performed.
D001271,R000901,R000680,normalized_doi,10.1109/confluence.2018.8442843,retain_as_linked_duplicate_exclude_from_screening_count,rule_verified,No fuzzy-only auto-merge was performed.
D001272,R000902,R000153,normalized_doi,10.3390/electronics10161900,retain_as_linked_duplicate_exclude_from_screening_count,rule_verified,No fuzzy-only auto-merge was performed.
D001273,R000903,R000122,normalized_doi,10.1093/oed/7022933169,retain_as_linked_duplicate_exclude_from_screening_count,rule_verified,No fuzzy-only auto-merge was performed.
D001274,R000904,R000123,normalized_doi,10.1002/9781119597537.ch5,retain_as_linked_duplicate_exclude_from_screening_count,rule_verified,No fuzzy-only auto-merge was performed.
D001275,R000905,R000159,normalized_doi,10.1109/icdici66477.2025.11134988,retain_as_linked_duplicate_exclude_from_screening_count,rule_verified,No fuzzy-only auto-merge was performed.
D001276,R000906,R000160,normalized_doi,10.2139/ssrn.5357694,retain_as_linked_duplicate_exclude_from_screening_count,rule_verified,No fuzzy-only auto-merge was performed.
D001277,R000907,R000156,normalized_doi,10.1201/9781003336990-1,retain_as_linked_duplicate_exclude_from_screening_count,rule_verified,No fuzzy-only auto-merge was performed.
D001278,R000908,R000708,normalized_doi,10.1016/j.renene.2025.123270,retain_as_linked_duplicate_exclude_from_screening_count,rule_verified,No fuzzy-only auto-merge was performed.
D001279,R000909,R000709,normalized_doi,10.5220/0005430600260034,retain_as_linked_duplicate_exclude_from_screening_count,rule_verified,No fuzzy-only auto-merge was performed.
D001280,R000910,R000424,normalized_doi,10.1007/978-3-031-18034-7_11,retain_as_linked_duplicate_exclude_from_screening_count,rule_verified,No fuzzy-only auto-merge was performed.
D001281,R000911,R000155,normalized_doi,10.1109/irec51415.2021.9427865,retain_as_linked_duplicate_exclude_from_screening_count,rule_verified,No fuzzy-only auto-merge was performed.
D001282,R000912,R000122,normalized_doi,10.1093/oed/7022933169,retain_as_linked_duplicate_exclude_from_screening_count,rule_verified,No fuzzy-only auto-merge was performed.
D001283,R000913,R000123,normalized_doi,10.1002/9781119597537.ch5,retain_as_linked_duplicate_exclude_from_screening_count,rule_verified,No fuzzy-only auto-merge was performed.
D001284,R000914,R000168,normalized_doi,10.1007/978-3-030-81961-3_6,retain_as_linked_duplicate_exclude_from_screening_count,rule_verified,No fuzzy-only auto-merge was performed.
D001285,R000915,R000166,normalized_doi,10.1109/edge50951.2020.00011,retain_as_linked_duplicate_exclude_from_screening_count,rule_verified,No fuzzy-only auto-merge was performed.
D001286,R000916,R000129,normalized_doi,10.6028/nist.sp.800-239.ipd,retain_as_linked_duplicate_exclude_from_screening_count,rule_verified,No fuzzy-only auto-merge was performed.
D001287,R000917,R000128,normalized_doi,10.6028/nist.sp.800-239,retain_as_linked_duplicate_exclude_from_screening_count,rule_verified,No fuzzy-only auto-merge was performed.
D001288,R000918,R000127,normalized_doi,10.70179/rvbfak07,retain_as_linked_duplicate_exclude_from_screening_count,rule_verified,No fuzzy-only auto-merge was performed.
D001289,R000919,R000130,normalized_doi,10.5194/egusphere-egu22-2145,retain_as_linked_duplicate_exclude_from_screening_count,rule_verified,No fuzzy-only auto-merge was performed.
D001290,R000920,R000131,normalized_doi,10.38007/ijbdit.2020.010102,retain_as_linked_duplicate_exclude_from_screening_count,rule_verified,No fuzzy-only auto-merge was performed.
D001291,R000921,R000690,normalized_doi,10.53564/akademika.v11i2.328,retain_as_linked_duplicate_exclude_from_screening_count,rule_verified,No fuzzy-only auto-merge was performed.
D001292,R000922,R001124,normalized_doi,10.1016/j.energy.2021.121608,retain_as_linked_duplicate_exclude_from_screening_count,rule_verified,No fuzzy-only auto-merge was performed.
D001293,R000923,R001427,normalized_doi,10.3390/wevj11010014,retain_as_linked_duplicate_exclude_from_screening_count,rule_verified,No fuzzy-only auto-merge was performed.
D001294,R000924,R000177,normalized_doi,10.1109/spies63782.2024.10982869,retain_as_linked_duplicate_exclude_from_screening_count,rule_verified,No fuzzy-only auto-merge was performed.
D001295,R000925,R000178,normalized_doi,10.1109/pesgre45664.2020.9070489,retain_as_linked_duplicate_exclude_from_screening_count,rule_verified,No fuzzy-only auto-merge was performed.
D001296,R000926,R000179,normalized_doi,10.1109/isgt-asia.2015.7387135,retain_as_linked_duplicate_exclude_from_screening_count,rule_verified,No fuzzy-only auto-merge was performed.
D001297,R000927,R000180,normalized_doi,10.1109/calcon49167.2020.9106552,retain_as_linked_duplicate_exclude_from_screening_count,rule_verified,No fuzzy-only auto-merge was performed.
D001298,R000928,R000181,normalized_doi,10.2139/ssrn.5045982,retain_as_linked_duplicate_exclude_from_screening_count,rule_verified,No fuzzy-only auto-merge was performed.
D001299,R000929,R000730,normalized_doi,10.21275/sr23901162102,retain_as_linked_duplicate_exclude_from_screening_count,rule_verified,No fuzzy-only auto-merge was performed.
D001300,R000930,R000729,normalized_doi,10.1109/access.2024.3459053,retain_as_linked_duplicate_exclude_from_screening_count,rule_verified,No fuzzy-only auto-merge was performed.
D001301,R000931,R000731,normalized_doi,10.1109/tensymp50017.2020.9231029,retain_as_linked_duplicate_exclude_from_screening_count,rule_verified,No fuzzy-only auto-merge was performed.
D001302,R000932,R000182,normalized_doi,10.3390/wevj14060152,retain_as_linked_duplicate_exclude_from_screening_count,rule_verified,No fuzzy-only auto-merge was performed.
D001303,R000933,R000184,normalized_doi,10.1049/pbtr016e_ch4,retain_as_linked_duplicate_exclude_from_screening_count,rule_verified,No fuzzy-only auto-merge was performed.
D001304,R000934,R001124,normalized_doi,10.1016/j.energy.2021.121608,retain_as_linked_duplicate_exclude_from_screening_count,rule_verified,No fuzzy-only auto-merge was performed.
D001305,R000935,R000179,normalized_doi,10.1109/isgt-asia.2015.7387135,retain_as_linked_duplicate_exclude_from_screening_count,rule_verified,No fuzzy-only auto-merge was performed.
D001306,R000936,R000189,normalized_doi,10.1109/isgteurope56780.2023.10408178,retain_as_linked_duplicate_exclude_from_screening_count,rule_verified,No fuzzy-only auto-merge was performed.
D001307,R000937,R000191,normalized_doi,10.1109/sgai64825.2025.11009806,retain_as_linked_duplicate_exclude_from_screening_count,rule_verified,No fuzzy-only auto-merge was performed.
D001308,R000938,R000178,normalized_doi,10.1109/pesgre45664.2020.9070489,retain_as_linked_duplicate_exclude_from_screening_count,rule_verified,No fuzzy-only auto-merge was performed.
D001309,R000939,R000180,normalized_doi,10.1109/calcon49167.2020.9106552,retain_as_linked_duplicate_exclude_from_screening_count,rule_verified,No fuzzy-only auto-merge was performed.
D001310,R000940,R000740,normalized_doi,10.1109/upec55022.2022.9917791,retain_as_linked_duplicate_exclude_from_screening_count,rule_verified,No fuzzy-only auto-merge was performed.
D001311,R000941,R000187,normalized_doi,10.3390/wevj14010018,retain_as_linked_duplicate_exclude_from_screening_count,rule_verified,No fuzzy-only auto-merge was performed.
D001312,R000942,R000178,normalized_doi,10.1109/pesgre45664.2020.9070489,retain_as_linked_duplicate_exclude_from_screening_count,rule_verified,No fuzzy-only auto-merge was performed.
D001313,R000943,R001124,normalized_doi,10.1016/j.energy.2021.121608,retain_as_linked_duplicate_exclude_from_screening_count,rule_verified,No fuzzy-only auto-merge was performed.
D001314,R000944,R000180,normalized_doi,10.1109/calcon49167.2020.9106552,retain_as_linked_duplicate_exclude_from_screening_count,rule_verified,No fuzzy-only auto-merge was performed.
D001315,R000945,R000195,normalized_doi,10.1007/978-981-10-4250-8_6,retain_as_linked_duplicate_exclude_from_screening_count,rule_verified,No fuzzy-only auto-merge was performed.
D001316,R000946,R000179,normalized_doi,10.1109/isgt-asia.2015.7387135,retain_as_linked_duplicate_exclude_from_screening_count,rule_verified,No fuzzy-only auto-merge was performed.
D001317,R000947,R000197,normalized_doi,10.1016/j.enconman.2016.12.045,retain_as_linked_duplicate_exclude_from_screening_count,rule_verified,No fuzzy-only auto-merge was performed.
D001318,R000948,R000198,normalized_doi,10.1049/pbpo079e_ch2,retain_as_linked_duplicate_exclude_from_screening_count,rule_verified,No fuzzy-only auto-merge was performed.
D001319,R000949,R000200,normalized_doi,10.1109/tpec.2019.8662152,retain_as_linked_duplicate_exclude_from_screening_count,rule_verified,No fuzzy-only auto-merge was performed.
D001320,R000950,R000201,normalized_doi,10.1007/978-981-15-2639-8_7,retain_as_linked_duplicate_exclude_from_screening_count,rule_verified,No fuzzy-only auto-merge was performed.
D001321,R000951,R000205,normalized_doi,10.1109/icrera.2018.8567002,retain_as_linked_duplicate_exclude_from_screening_count,rule_verified,No fuzzy-only auto-merge was performed.
D001322,R000952,R000178,normalized_doi,10.1109/pesgre45664.2020.9070489,retain_as_linked_duplicate_exclude_from_screening_count,rule_verified,No fuzzy-only auto-merge was performed.
D001323,R000953,R001124,normalized_doi,10.1016/j.energy.2021.121608,retain_as_linked_duplicate_exclude_from_screening_count,rule_verified,No fuzzy-only auto-merge was performed.
D001324,R000954,R000198,normalized_doi,10.1049/pbpo079e_ch2,retain_as_linked_duplicate_exclude_from_screening_count,rule_verified,No fuzzy-only auto-merge was performed.
D001325,R000955,R000205,normalized_doi,10.1109/icrera.2018.8567002,retain_as_linked_duplicate_exclude_from_screening_count,rule_verified,No fuzzy-only auto-merge was performed.
D001326,R000956,R000206,normalized_doi,10.1016/j.renene.2024.120760,retain_as_linked_duplicate_exclude_from_screening_count,rule_verified,No fuzzy-only auto-merge was performed.
D001327,R000957,R000207,normalized_doi,10.1016/j.renene.2025.124769,retain_as_linked_duplicate_exclude_from_screening_count,rule_verified,No fuzzy-only auto-merge was performed.
D001328,R000958,R000209,normalized_doi,10.1016/j.renene.2020.07.017,retain_as_linked_duplicate_exclude_from_screening_count,rule_verified,No fuzzy-only auto-merge was performed.
D001329,R000959,R000210,normalized_doi,10.1201/9781003585534-12,retain_as_linked_duplicate_exclude_from_screening_count,rule_verified,No fuzzy-only auto-merge was performed.
D001330,R000960,R000211,normalized_doi,10.1007/s12667-022-00548-x,retain_as_linked_duplicate_exclude_from_screening_count,rule_verified,No fuzzy-only auto-merge was performed.
D001331,R000962,R001124,normalized_doi,10.1016/j.energy.2021.121608,retain_as_linked_duplicate_exclude_from_screening_count,rule_verified,No fuzzy-only auto-merge was performed.
D001332,R000963,R001914,normalized_doi,10.1109/tsg.2016.2603502,retain_as_linked_duplicate_exclude_from_screening_count,rule_verified,No fuzzy-only auto-merge was performed.
D001333,R000964,R000178,normalized_doi,10.1109/pesgre45664.2020.9070489,retain_as_linked_duplicate_exclude_from_screening_count,rule_verified,No fuzzy-only auto-merge was performed.
D001334,R000965,R000179,normalized_doi,10.1109/isgt-asia.2015.7387135,retain_as_linked_duplicate_exclude_from_screening_count,rule_verified,No fuzzy-only auto-merge was performed.
D001335,R000966,R000180,normalized_doi,10.1109/calcon49167.2020.9106552,retain_as_linked_duplicate_exclude_from_screening_count,rule_verified,No fuzzy-only auto-merge was performed.
D001336,R000967,R000218,normalized_doi,10.2174/9789815324877125010010,retain_as_linked_duplicate_exclude_from_screening_count,rule_verified,No fuzzy-only auto-merge was performed.
D001337,R000968,R000201,normalized_doi,10.1007/978-981-15-2639-8_7,retain_as_linked_duplicate_exclude_from_screening_count,rule_verified,No fuzzy-only auto-merge was performed.
D001338,R000969,R000221,normalized_doi,10.1109/isgteurope56780.2023.10407696,retain_as_linked_duplicate_exclude_from_screening_count,rule_verified,No fuzzy-only auto-merge was performed.
D001339,R000970,R000761,normalized_doi,10.21203/rs.3.rs-1685933/v1,retain_as_linked_duplicate_exclude_from_screening_count,rule_verified,No fuzzy-only auto-merge was performed.
D001340,R000971,R000184,normalized_doi,10.1049/pbtr016e_ch4,retain_as_linked_duplicate_exclude_from_screening_count,rule_verified,No fuzzy-only auto-merge was performed.
