search_record_id,title,publication_year,doi_normalized,stable_url,oa_url,query_ids,manual_review_reason
R000022,Building energy flexibility analysis: case studies and demonstration,2023,10.1016/b978-0-323-99588-7.00001-8,https://doi.org/10.1016/b978-0-323-99588-7.00001-8,,QFIELD_BLDG_demand_response_peak_management|QFIELD_BLDG_frequency_response_regulation|QFIELD_BLDG_local_energy_sharing_distribution_support|QFIELD_BLDG_renewable_energy_integration|QFIELD_BLDG_resilience_emergency_operation|QPR_BLDG_demand_response_peak_management|QSA_BLDG_demand_response_peak_management,"Full-text eligibility, project duplication, multi-asset role and source locators require human verification."
R000024,Smart grids and building energy flexibility,2023,10.1016/b978-0-323-99588-7.00010-9,https://doi.org/10.1016/b978-0-323-99588-7.00010-9,,QFIELD_BLDG_demand_response_peak_management|QFIELD_BLDG_frequency_response_regulation|QFIELD_BLDG_local_energy_sharing_distribution_support|QFIELD_BLDG_renewable_energy_integration|QFIELD_BLDG_resilience_emergency_operation|QPAIR_BS_BLDG_demand_response_peak_management|QPAIR_DC_BLDG_demand_response_peak_management|QPAIR_EV_BLDG_demand_response_peak_management|QPR_BLDG_demand_response_peak_management|QPR_BLDG_frequency_response_regulation|QPR_BLDG_local_energy_sharing_distribution_support|QPR_BLDG_renewable_energy_integration|QPR_BLDG_resilience_emergency_operation|QSA_BLDG_demand_response_peak_management|QSA_BLDG_frequency_response_regulation|QSA_BLDG_local_energy_sharing_distribution_support|QSA_BLDG_renewable_energy_integration|QSA_BLDG_resilience_emergency_operation,"Full-text eligibility, project duplication, multi-asset role and source locators require human verification."
R000026,Building energy flexibility: modeling and optimization,2023,10.1016/b978-0-323-99588-7.00002-x,https://doi.org/10.1016/b978-0-323-99588-7.00002-x,,QFIELD_BLDG_demand_response_peak_management|QFIELD_BLDG_local_energy_sharing_distribution_support|QFIELD_BLDG_resilience_emergency_operation|QPAIR_BS_BLDG_demand_response_peak_management|QPAIR_BS_BLDG_local_energy_sharing_distribution_support|QPAIR_DC_BLDG_demand_response_peak_management|QPAIR_EV_BLDG_demand_response_peak_management|QPR_BLDG_demand_response_peak_management|QPR_BLDG_local_energy_sharing_distribution_support|QPR_BLDG_resilience_emergency_operation|QSA_BLDG_demand_response_peak_management|QSA_BLDG_local_energy_sharing_distribution_support|QSA_BLDG_resilience_emergency_operation,"Full-text eligibility, project duplication, multi-asset role and source locators require human verification."
R000027,Heat pumps for building energy flexibility,2023,10.1016/b978-0-323-99588-7.00005-5,https://doi.org/10.1016/b978-0-323-99588-7.00005-5,,QFIELD_BLDG_demand_response_peak_management|QPAIR_BS_BLDG_demand_response_peak_management|QPR_BLDG_demand_response_peak_management|QSA_BLDG_demand_response_peak_management|QSA_BLDG_local_energy_sharing_distribution_support|QSA_BLDG_resilience_emergency_operation,"Full-text eligibility, project duplication, multi-asset role and source locators require human verification."
R000028,Thermal energy storage for enhanced building energy flexibility,2023,10.1016/b978-0-323-99588-7.00004-3,https://doi.org/10.1016/b978-0-323-99588-7.00004-3,,QFIELD_BLDG_demand_response_peak_management|QFIELD_BLDG_local_energy_sharing_distribution_support|QPAIR_BS_BLDG_demand_response_peak_management|QPR_BLDG_demand_response_peak_management|QPR_BLDG_local_energy_sharing_distribution_support|QPR_BLDG_resilience_emergency_operation|QSA_BLDG_demand_response_peak_management|QSA_BLDG_local_energy_sharing_distribution_support|QSA_BLDG_resilience_emergency_operation,"Full-text eligibility, project duplication, multi-asset role and source locators require human verification."
R000029,Building Energy Flexibility and Demand Management,2023,10.1016/c2021-0-02510-4,https://doi.org/10.1016/c2021-0-02510-4,,QFIELD_BLDG_demand_response_peak_management|QPAIR_BS_BLDG_demand_response_peak_management|QPR_BLDG_demand_response_peak_management|QSA_BLDG_demand_response_peak_management,"Full-text eligibility, project duplication, multi-asset role and source locators require human verification."
R000030,"Building energy flexibility: definitions, sources, indicators, and quantification methods",2023,10.1016/b978-0-323-99588-7.00003-1,https://doi.org/10.1016/b978-0-323-99588-7.00003-1,,QFIELD_BLDG_demand_response_peak_management|QPAIR_BS_BLDG_demand_response_peak_management|QPR_BLDG_demand_response_peak_management|QSA_BLDG_demand_response_peak_management,"Full-text eligibility, project duplication, multi-asset role and source locators require human verification."
R000031,An Interoperable Building Energy Management System with IEEE1888 Open Protocol for Peak-Load Shaving,2019,10.1109/isgt-asia.2019.8881571,https://doi.org/10.1109/isgt-asia.2019.8881571,,QFIELD_BLDG_demand_response_peak_management|QPAIR_EV_BLDG_demand_response_peak_management|QPR_BLDG_demand_response_peak_management|QSA_BLDG_demand_response_peak_management,"Full-text eligibility, project duplication, multi-asset role and source locators require human verification."
R000036,Occupant-driven end use load models for demand response and flexibility service participation of residential grid-interactive buildings,2024,10.1016/j.jobe.2024.110406,https://doi.org/10.1016/j.jobe.2024.110406,,QFIELD_BLDG_frequency_response_regulation|QFIELD_BLDG_resilience_emergency_operation,"Full-text eligibility, project duplication, multi-asset role and source locators require human verification."
R000037,An Improved Fast Demand Response Strategy of Building Hvac System With Low Cost Measurement Sensors for Smart Grid Applications,2020,10.46855/energy-proceedings-3450,https://doi.org/10.46855/energy-proceedings-3450,,QFIELD_BLDG_frequency_response_regulation|QPAIR_BS_BLDG_frequency_response_regulation|QPR_BLDG_frequency_response_regulation|QSA_BLDG_frequency_response_regulation,"Full-text eligibility, project duplication, multi-asset role and source locators require human verification."
R000038,A hierarchical optimal control strategy for continuous demand response of building HVAC systems to provide frequency regulation service to smart power grids,2021,10.1016/j.energy.2021.120741,https://doi.org/10.1016/j.energy.2021.120741,,QFIELD_BLDG_frequency_response_regulation|QPAIR_BS_BLDG_frequency_response_regulation|QPR_BLDG_frequency_response_regulation|QSA_BLDG_frequency_response_regulation,"Full-text eligibility, project duplication, multi-asset role and source locators require human verification."
R000040,Experimental Evaluation of Frequency Regulation From Commercial Building HVAC Systems,2015,10.1109/tsg.2014.2381596,https://doi.org/10.1109/tsg.2014.2381596,http://ieeexplore.ieee.org/ielaam/5165411/7042857/7001102-aam.pdf,QFIELD_BLDG_frequency_response_regulation|QPR_BLDG_frequency_response_regulation|QSA_BLDG_frequency_response_regulation,"Full-text eligibility, project duplication, multi-asset role and source locators require human verification."
R000045,A Simplified Functional Hybrid Operation Mode for Grid-Interactive Building Energy Management,2022,10.1109/pesgre52268.2022.9715880,https://doi.org/10.1109/pesgre52268.2022.9715880,,QFIELD_BLDG_local_energy_sharing_distribution_support|QFIELD_BLDG_renewable_energy_integration|QFIELD_BLDG_resilience_emergency_operation|QPAIR_BS_BLDG_local_energy_sharing_distribution_support|QPAIR_EV_BLDG_renewable_energy_integration|QPR_BLDG_local_energy_sharing_distribution_support|QPR_BLDG_renewable_energy_integration|QPR_BLDG_resilience_emergency_operation|QSA_BLDG_local_energy_sharing_distribution_support|QSA_BLDG_renewable_energy_integration|QSA_BLDG_resilience_emergency_operation,"Full-text eligibility, project duplication, multi-asset role and source locators require human verification."
R000060,Renewable energy for enhanced building energy flexibility,2023,10.1016/b978-0-323-99588-7.00011-0,https://doi.org/10.1016/b978-0-323-99588-7.00011-0,,QFIELD_BLDG_renewable_energy_integration|QPR_BLDG_renewable_energy_integration|QSA_BLDG_renewable_energy_integration,"Full-text eligibility, project duplication, multi-asset role and source locators require human verification."
R000071,Operation Flexibility of Building Energy Systems with Thermal Storages,2015,10.26868/25222708.2015.2582,https://doi.org/10.26868/25222708.2015.2582,,QFIELD_BLDG_resilience_emergency_operation|QPR_BLDG_resilience_emergency_operation|QSA_BLDG_resilience_emergency_operation,"Full-text eligibility, project duplication, multi-asset role and source locators require human verification."
R000076,Multi-objective optimization model of micro-grid access to 5G base station under the background of China’s carbon peak shaving and carbon neutrality targets,2022,10.3389/fenrg.2022.1032993,https://doi.org/10.3389/fenrg.2022.1032993,,QFIELD_BS_demand_response_peak_management,"Full-text eligibility, project duplication, multi-asset role and source locators require human verification."
R000078,A Proposed Approach to Relay-Base Station Link Design for 5G Radio Access Network,2025,10.33103/uot.ijccce.25.1.5,https://doi.org/10.33103/uot.ijccce.25.1.5,,QFIELD_BS_demand_response_peak_management|QFIELD_BS_resilience_emergency_operation,"Full-text eligibility, project duplication, multi-asset role and source locators require human verification."
R000080,Enhanced Grid Stability and Demand-Side Optimization through Deep Neural Network-Controlled Vehicle-to-Grid (V2G) Peak Shaving and Load Shifting,2025,10.11159/eee25.138,https://doi.org/10.11159/eee25.138,,QFIELD_BS_demand_response_peak_management|QFIELD_EV_demand_response_peak_management|QPAIR_BS_EV_demand_response_peak_management,"Full-text eligibility, project duplication, multi-asset role and source locators require human verification."
R000082,5G‐NR Radio Interface – Operations on the Frequency Bands,2021,10.1002/9781119851288.ch5,https://doi.org/10.1002/9781119851288.ch5,https://onlinelibrary.wiley.com/doi/pdf/10.1002/9781119851288.ch5,QFIELD_BS_frequency_response_regulation|QPR_BS_frequency_response_regulation|QSA_BS_frequency_response_regulation,"Full-text eligibility, project duplication, multi-asset role and source locators require human verification."
R000084,Radio Frequency Electromagnetic Field Measurements in a Commercial 5G Network,2021,10.1109/5gwf52925.2021.00055,https://doi.org/10.1109/5gwf52925.2021.00055,,QFIELD_BS_frequency_response_regulation,"Full-text eligibility, project duplication, multi-asset role and source locators require human verification."
R000086,Perspective Chapter: Integration of Fiberoptic and Radio Frequency Channels for Hybrid 5G MIMO Network,2025,10.5772/intechopen.1002523,https://doi.org/10.5772/intechopen.1002523,,QFIELD_BS_frequency_response_regulation|QPR_BS_frequency_response_regulation|QSA_BS_frequency_response_regulation,"Full-text eligibility, project duplication, multi-asset role and source locators require human verification."
R000087,Simple and Fast Modelling of Radio Frequency Passives in View of Beyond-5G and 6G Applications – Case Study of an RF-MEMS Multi-State Network Described by an Equivalent Lumped Element Network,2024,10.21203/rs.3.rs-4382069/v1,https://doi.org/10.21203/rs.3.rs-4382069/v1,,QFIELD_BS_frequency_response_regulation,"Full-text eligibility, project duplication, multi-asset role and source locators require human verification."
R000088,Improving radio frequency resource management in a segmented 5G Radio Access Network,2026,10.31673/2786-8362.2026.018042,https://doi.org/10.31673/2786-8362.2026.018042,,QFIELD_BS_frequency_response_regulation,"Full-text eligibility, project duplication, multi-asset role and source locators require human verification."
R000090,Evaluation of adjacent channel interference from land-earth station in motion to 5G radio access network in the Ka-frequency band,2021,10.1016/j.heliyon.2021.e07412,https://doi.org/10.1016/j.heliyon.2021.e07412,,QFIELD_BS_frequency_response_regulation,"Full-text eligibility, project duplication, multi-asset role and source locators require human verification."
R000091,Integrated Control Strategy for 5g Base Station Frequency Regulation Considering Spatio-Temporal Variations in Communication Load,2024,10.2139/ssrn.4803484,https://doi.org/10.2139/ssrn.4803484,,QFIELD_BS_frequency_response_regulation,"Full-text eligibility, project duplication, multi-asset role and source locators require human verification."
R000093,Resource Sharing Strategy based on Hierarchical Game in Virtual Power Plant with 5G Base Station,2023,10.1109/iccsie55183.2023.10175216,https://doi.org/10.1109/iccsie55183.2023.10175216,,QFIELD_BS_local_energy_sharing_distribution_support,"Full-text eligibility, project duplication, multi-asset role and source locators require human verification."
R000095,Efficient virtual power plant management strategy and Leontief-game pricing mechanism towards real-time economic dispatch support: A case study of large-scale 5G base stations,2024,10.1016/j.apenergy.2024.122650,https://doi.org/10.1016/j.apenergy.2024.122650,,QFIELD_BS_local_energy_sharing_distribution_support,"Full-text eligibility, project duplication, multi-asset role and source locators require human verification."
R000097,Data-Driven Coordinated Optimization Strategy for 5G Base Station-Based Virtual Power Plants and Distribution Networks,2025,10.1109/ieses66335.2025.11359847,https://doi.org/10.1109/ieses66335.2025.11359847,,QFIELD_BS_local_energy_sharing_distribution_support,"Full-text eligibility, project duplication, multi-asset role and source locators require human verification."
R000103,Cooperative Planning of Distributed Renewable Energy Assisted 5G Base Station With Battery Swapping System,2021,10.1109/access.2021.3108041,https://doi.org/10.1109/access.2021.3108041,,QFIELD_BS_renewable_energy_integration,"Full-text eligibility, project duplication, multi-asset role and source locators require human verification."
R000106,AI-Driven Optimization of Renewable Energy Systems: Enhancing Grid Efficiency and Smart Mobility Through 5G and 6G Network Integration,2025,10.2139/ssrn.5205082,https://doi.org/10.2139/ssrn.5205082,,QFIELD_BS_renewable_energy_integration,"Full-text eligibility, project duplication, multi-asset role and source locators require human verification."
R000107,AI-Driven Optimization of Renewable Energy Systems: Enhancing Grid Efficiency and Smart Mobility Through 5G and 6G Network Integration,2025,10.2139/ssrn.5205158,https://doi.org/10.2139/ssrn.5205158,,QFIELD_BS_renewable_energy_integration,"Full-text eligibility, project duplication, multi-asset role and source locators require human verification."
R000108,AI-Driven Optimization of Renewable Energy Systems: Enhancing Grid Efficiency and Smart Mobility Through 5G and 6G Network Integration,2025,10.2139/ssrn.5205133,https://doi.org/10.2139/ssrn.5205133,,QFIELD_BS_renewable_energy_integration,"Full-text eligibility, project duplication, multi-asset role and source locators require human verification."
R000111,Renewable energy assisted traffic aware cellular base station energy cooperation,2021,10.32920/14639622,https://doi.org/10.32920/14639622,,QFIELD_BS_renewable_energy_integration,"Full-text eligibility, project duplication, multi-asset role and source locators require human verification."
R000124,Efficient Peak Shaving in a Data Center by Joint Optimization of Task Assignment and Energy Storage Management,2016,10.1109/cloud.2016.0020,https://doi.org/10.1109/cloud.2016.0020,,QFIELD_DC_demand_response_peak_management|QPAIR_DC_BS_demand_response_peak_management|QPAIR_DC_EV_demand_response_peak_management|QPR_DC_demand_response_peak_management|QSA_DC_demand_response_peak_management,"Full-text eligibility, project duplication, multi-asset role and source locators require human verification."
R000151,Data-Driven Load-Forecast-Aided Microgrid for AI Data Center,2025,10.36227/techrxiv.176300486.61825852/v1,https://doi.org/10.36227/techrxiv.176300486.61825852/v1,,QFIELD_DC_local_energy_sharing_distribution_support,"Full-text eligibility, project duplication, multi-asset role and source locators require human verification."
R000155,Harmonization between Renewable Energy and Cloud Computing towards Green Computing A Case Study: Data Center at The University Of Jordan,2021,10.1109/irec51415.2021.9427865,https://doi.org/10.1109/irec51415.2021.9427865,,QFIELD_DC_renewable_energy_integration|QPR_DC_renewable_energy_integration|QSA_DC_renewable_energy_integration,"Full-text eligibility, project duplication, multi-asset role and source locators require human verification."
R000160,Low-Carbon Optimization of Data Center Multi-Energy Systems with Liquid-Based Carbon Capture and Renewable Energy Integration,2025,10.2139/ssrn.5357694,https://doi.org/10.2139/ssrn.5357694,,QFIELD_DC_renewable_energy_integration|QPAIR_DC_BS_renewable_energy_integration|QPR_DC_renewable_energy_integration|QSA_DC_renewable_energy_integration,"Full-text eligibility, project duplication, multi-asset role and source locators require human verification."
R000174,"Peak Shaving for Electric Vehicle Charging Infrastructure—A Case Study in a Parking Garage in Uppsala, Sweden",2022,10.3390/wevj13080152,https://doi.org/10.3390/wevj13080152,,QFIELD_EV_demand_response_peak_management,"Full-text eligibility, project duplication, multi-asset role and source locators require human verification."
R000175,Cost-Optimal Aggregated Electric Vehicle Flexibility for Demand Response Market Participation by Workplace Electric Vehicle Charging Aggregators,2024,10.3390/en17071745,https://doi.org/10.3390/en17071745,,QFIELD_EV_demand_response_peak_management,"Full-text eligibility, project duplication, multi-asset role and source locators require human verification."
R000177,Vehicle-to-Grid and Grid-to-Vehicle Scheduling Based on Load Leveling and Peak Shaving,2024,10.1109/spies63782.2024.10982869,https://doi.org/10.1109/spies63782.2024.10982869,,QFIELD_EV_demand_response_peak_management|QPR_EV_demand_response_peak_management|QSA_EV_demand_response_peak_management,"Full-text eligibility, project duplication, multi-asset role and source locators require human verification."
R000178,Charging Scheduling of Electric Vehicle incorporating Grid-to-Vehicle (G2V) and Vehicle-to-Grid (V2G) technology in Smart-Grid,2020,10.1109/pesgre45664.2020.9070489,https://doi.org/10.1109/pesgre45664.2020.9070489,,QFIELD_EV_demand_response_peak_management|QFIELD_EV_local_energy_sharing_distribution_support|QFIELD_EV_renewable_energy_integration|QFIELD_EV_resilience_emergency_operation|QPAIR_BS_EV_local_energy_sharing_distribution_support|QPAIR_BS_EV_renewable_energy_integration|QPR_EV_demand_response_peak_management|QPR_EV_frequency_response_regulation|QPR_EV_local_energy_sharing_distribution_support|QPR_EV_renewable_energy_integration|QPR_EV_resilience_emergency_operation|QSA_EV_demand_response_peak_management|QSA_EV_frequency_response_regulation|QSA_EV_local_energy_sharing_distribution_support|QSA_EV_renewable_energy_integration|QSA_EV_resilience_emergency_operation,"Full-text eligibility, project duplication, multi-asset role and source locators require human verification."
R000180,Charging Scheduling of Electric Vehicles (EV) in Probabilistic Scenario considering Grid-to-Vehicle (G2V) and Vehicle-to-Grid (V2G),2020,10.1109/calcon49167.2020.9106552,https://doi.org/10.1109/calcon49167.2020.9106552,,QFIELD_EV_demand_response_peak_management|QFIELD_EV_local_energy_sharing_distribution_support|QFIELD_EV_resilience_emergency_operation|QPR_EV_demand_response_peak_management|QPR_EV_frequency_response_regulation|QPR_EV_local_energy_sharing_distribution_support|QPR_EV_resilience_emergency_operation|QSA_EV_demand_response_peak_management|QSA_EV_frequency_response_regulation|QSA_EV_local_energy_sharing_distribution_support|QSA_EV_resilience_emergency_operation,"Full-text eligibility, project duplication, multi-asset role and source locators require human verification."
R000181,A Novel Optimal Charging Strategy of Aggregated Electric Vehicle Aggregators for Peak Load Shaving Service with Seasonal Load Variance in Smart Grids,2024,10.2139/ssrn.5045982,https://doi.org/10.2139/ssrn.5045982,,QFIELD_EV_demand_response_peak_management|QPR_EV_demand_response_peak_management|QSA_EV_demand_response_peak_management,"Full-text eligibility, project duplication, multi-asset role and source locators require human verification."
R000182,Optimal Electric Vehicle Fleet Charging Management with a Frequency Regulation Service,2023,10.3390/wevj14060152,https://doi.org/10.3390/wevj14060152,,QFIELD_EV_frequency_response_regulation|QPAIR_BS_EV_frequency_response_regulation|QPR_EV_frequency_response_regulation|QSA_EV_frequency_response_regulation,"Full-text eligibility, project duplication, multi-asset role and source locators require human verification."
R000184,Multi-criteria optimization of electric vehicle fleet charging and discharging schedule for secondary frequency control,2019,10.1049/pbtr016e_ch4,https://doi.org/10.1049/pbtr016e_ch4,,QFIELD_EV_frequency_response_regulation|QPAIR_BS_EV_demand_response_peak_management|QPAIR_BS_EV_frequency_response_regulation|QPAIR_BS_EV_local_energy_sharing_distribution_support|QPAIR_BS_EV_renewable_energy_integration|QPAIR_BS_EV_resilience_emergency_operation|QPAIR_DC_EV_frequency_response_regulation|QPAIR_EV_BLDG_frequency_response_regulation|QPR_EV_frequency_response_regulation|QPR_EV_resilience_emergency_operation|QSA_EV_frequency_response_regulation|QSA_EV_resilience_emergency_operation,"Full-text eligibility, project duplication, multi-asset role and source locators require human verification."
R000186,Incremental Profitability Evaluation of Vehicle-to-Grid-Enabled Automated Frequency Restoration Reserve Services for Semi-Public Charging Infrastructure: A Case Study in Belgium,2023,10.3390/wevj14120339,https://doi.org/10.3390/wevj14120339,,QFIELD_EV_frequency_response_regulation,"Full-text eligibility, project duplication, multi-asset role and source locators require human verification."
R000187,Profitability Evaluation of Vehicle-to-Grid-Enabled Frequency Containment Reserve Services into the Business Models of the Core Participants of Electric Vehicle Charging Business Ecosystem,2023,10.3390/wevj14010018,https://doi.org/10.3390/wevj14010018,,QFIELD_EV_frequency_response_regulation|QPR_EV_frequency_response_regulation|QSA_EV_frequency_response_regulation,"Full-text eligibility, project duplication, multi-asset role and source locators require human verification."
R000189,Design of Adaptive Control Scheme for Provision of Frequency Regulation Service from Electric Vehicle Fleet,2023,10.1109/isgteurope56780.2023.10408178,https://doi.org/10.1109/isgteurope56780.2023.10408178,,QFIELD_EV_frequency_response_regulation|QPAIR_BS_EV_frequency_response_regulation|QPR_EV_frequency_response_regulation|QSA_EV_frequency_response_regulation,"Full-text eligibility, project duplication, multi-asset role and source locators require human verification."
R000190,Quantum-driven frequency stability in Indian prospect smart grid with electric vehicle charging station integration and real-time hardware validation,2026,10.1038/s41598-025-32156-x,https://doi.org/10.1038/s41598-025-32156-x,https://www.nature.com/articles/s41598-025-32156-x.pdf,QFIELD_EV_frequency_response_regulation,"Full-text eligibility, project duplication, multi-asset role and source locators require human verification."
R000191,Optimal Operation Strategy of Electric Vehicle Battery Charging and Swapping Stations for Frequency Response Service,2025,10.1109/sgai64825.2025.11009806,https://doi.org/10.1109/sgai64825.2025.11009806,,QFIELD_EV_frequency_response_regulation|QPR_EV_frequency_response_regulation|QSA_EV_frequency_response_regulation,"Full-text eligibility, project duplication, multi-asset role and source locators require human verification."
R000195,Massive Electric Vehicle Charging Involving Renewable Energy,2018,10.1007/978-981-10-4250-8_6,https://doi.org/10.1007/978-981-10-4250-8_6,,QFIELD_EV_local_energy_sharing_distribution_support|QPAIR_BS_EV_demand_response_peak_management|QPAIR_BS_EV_local_energy_sharing_distribution_support|QPAIR_BS_EV_renewable_energy_integration|QPAIR_BS_EV_resilience_emergency_operation|QPAIR_DC_EV_local_energy_sharing_distribution_support|QPR_EV_local_energy_sharing_distribution_support|QSA_EV_local_energy_sharing_distribution_support,"Full-text eligibility, project duplication, multi-asset role and source locators require human verification."
R000197,Novel wind powered electric vehicle charging station with vehicle-to-grid (V2G) connection capability,2017,10.1016/j.enconman.2016.12.045,https://doi.org/10.1016/j.enconman.2016.12.045,,QFIELD_EV_local_energy_sharing_distribution_support|QPAIR_BS_EV_demand_response_peak_management|QPAIR_BS_EV_local_energy_sharing_distribution_support|QPR_EV_local_energy_sharing_distribution_support|QSA_EV_local_energy_sharing_distribution_support,"Full-text eligibility, project duplication, multi-asset role and source locators require human verification."
R000198,Impact of EV and V2G on the Smart Grid and Renewable Energy Systems,2015,10.1049/pbpo079e_ch2,https://doi.org/10.1049/pbpo079e_ch2,,QFIELD_EV_local_energy_sharing_distribution_support|QFIELD_EV_renewable_energy_integration|QPR_EV_local_energy_sharing_distribution_support|QPR_EV_renewable_energy_integration|QSA_EV_local_energy_sharing_distribution_support|QSA_EV_renewable_energy_integration,"Full-text eligibility, project duplication, multi-asset role and source locators require human verification."
R000199,Reactive–Active Power Coordination Control of Grid-Forming V2G Charging Stations for Distribution Network Voltage Regulation,2026,10.3390/wevj17050252,https://doi.org/10.3390/wevj17050252,,QFIELD_EV_local_energy_sharing_distribution_support|QPAIR_BS_EV_frequency_response_regulation|QPAIR_BS_EV_local_energy_sharing_distribution_support|QPAIR_BS_EV_resilience_emergency_operation,"Full-text eligibility, project duplication, multi-asset role and source locators require human verification."
R000200,Smart Grid Congestion Caused by Plug-in Electric Vehicle Charging,2019,10.1109/tpec.2019.8662152,https://doi.org/10.1109/tpec.2019.8662152,,QFIELD_EV_local_energy_sharing_distribution_support|QPR_EV_local_energy_sharing_distribution_support|QSA_EV_local_energy_sharing_distribution_support,"Full-text eligibility, project duplication, multi-asset role and source locators require human verification."
R000201,Efficient Vehicle-to-Grid (V2G) Coordination in Smart Grid Under Auction Games,2020,10.1007/978-981-15-2639-8_7,https://doi.org/10.1007/978-981-15-2639-8_7,,QFIELD_EV_local_energy_sharing_distribution_support|QFIELD_EV_resilience_emergency_operation|QPR_EV_local_energy_sharing_distribution_support|QPR_EV_resilience_emergency_operation|QSA_EV_local_energy_sharing_distribution_support|QSA_EV_resilience_emergency_operation,"Full-text eligibility, project duplication, multi-asset role and source locators require human verification."
R000205,Multiobjective optimization of Grid- Photovoltaic- Electric Vehicle Hybrid system in Smart Building with Vehicle-to-Grid (V2G) concept,2018,10.1109/icrera.2018.8567002,https://doi.org/10.1109/icrera.2018.8567002,,QFIELD_EV_renewable_energy_integration|QMA_demand_response_peak_management|QMA_frequency_response_regulation|QMA_local_energy_sharing_distribution_support|QMA_renewable_energy_integration|QMA_resilience_emergency_operation|QPAIR_BS_EV_renewable_energy_integration|QPAIR_EV_BLDG_demand_response_peak_management|QPAIR_EV_BLDG_frequency_response_regulation|QPAIR_EV_BLDG_local_energy_sharing_distribution_support|QPAIR_EV_BLDG_renewable_energy_integration|QPAIR_EV_BLDG_resilience_emergency_operation|QPR_EV_local_energy_sharing_distribution_support|QPR_EV_renewable_energy_integration|QSA_EV_local_energy_sharing_distribution_support|QSA_EV_renewable_energy_integration,"Full-text eligibility, project duplication, multi-asset role and source locators require human verification."
R000206,"Integrated optimization of charging infrastructure, fleet size and vehicle operation in shared autonomous electric vehicle system considering vehicle-to-grid",2024,10.1016/j.renene.2024.120760,https://doi.org/10.1016/j.renene.2024.120760,,QFIELD_EV_renewable_energy_integration|QPAIR_BS_EV_renewable_energy_integration|QPR_EV_renewable_energy_integration|QSA_EV_renewable_energy_integration,"Full-text eligibility, project duplication, multi-asset role and source locators require human verification."
R000207,Artificial intelligence-based adaptive control for vehicle-to-grid and grid-to-vehicle operations in electric vehicle charging stations,2026,10.1016/j.renene.2025.124769,https://doi.org/10.1016/j.renene.2025.124769,,QFIELD_EV_renewable_energy_integration|QPAIR_BS_EV_renewable_energy_integration|QPR_EV_renewable_energy_integration|QSA_EV_renewable_energy_integration,"Full-text eligibility, project duplication, multi-asset role and source locators require human verification."
R000209,Scheduling electric vehicle charging to minimise carbon emissions and wind curtailment,2020,10.1016/j.renene.2020.07.017,https://doi.org/10.1016/j.renene.2020.07.017,,QFIELD_EV_renewable_energy_integration|QPR_EV_renewable_energy_integration|QSA_EV_renewable_energy_integration,"Full-text eligibility, project duplication, multi-asset role and source locators require human verification."
R000210,Comparative Analysis of AC and DC Electric Vehicle Charging Systems with Renewable Energy Integration,2026,10.1201/9781003585534-12,https://doi.org/10.1201/9781003585534-12,,QFIELD_EV_renewable_energy_integration|QPR_EV_renewable_energy_integration|QSA_EV_renewable_energy_integration,"Full-text eligibility, project duplication, multi-asset role and source locators require human verification."
R000211,A smart algorithm to optimally manage the charging strategy of the Home to Vehicle (H2V) and Vehicle to Home (V2H) technologies in an off-grid home powered by renewable sources,2024,10.1007/s12667-022-00548-x,https://doi.org/10.1007/s12667-022-00548-x,https://link.springer.com/content/pdf/10.1007/s12667-022-00548-x.pdf,QFIELD_EV_renewable_energy_integration|QPR_EV_renewable_energy_integration|QSA_EV_renewable_energy_integration,"Full-text eligibility, project duplication, multi-asset role and source locators require human verification."
R000217,Power Management for V2G and V2H Operation Modes in Single-Phase PV/BES/EV Hybrid Energy System,2025,10.3390/wevj16100580,https://doi.org/10.3390/wevj16100580,,QFIELD_EV_resilience_emergency_operation,"Full-text eligibility, project duplication, multi-asset role and source locators require human verification."
R000218,Vehicle-to-Grid (V2G) Battery Charging System for Electric Vehicles,2025,10.2174/9789815324877125010010,https://doi.org/10.2174/9789815324877125010010,,QFIELD_EV_resilience_emergency_operation|QPR_EV_resilience_emergency_operation|QSA_EV_resilience_emergency_operation,"Full-text eligibility, project duplication, multi-asset role and source locators require human verification."
R000221,Reducing Marginal Emissions of an Electric Vehicle Fleet through Smart Charging and Vehicle-to-grid,2023,10.1109/isgteurope56780.2023.10407696,https://doi.org/10.1109/isgteurope56780.2023.10407696,,QFIELD_EV_resilience_emergency_operation|QPR_EV_resilience_emergency_operation|QSA_EV_resilience_emergency_operation,"Full-text eligibility, project duplication, multi-asset role and source locators require human verification."
R000222,Using spatial-temporal flexibility of data center building in energy management of distribution grid coupled with multi-energy hubs and energy storage,2025,10.1016/j.egyr.2025.11.057,https://doi.org/10.1016/j.egyr.2025.11.057,,QMA_demand_response_peak_management|QMA_frequency_response_regulation|QMA_local_energy_sharing_distribution_support|QMA_renewable_energy_integration|QMA_resilience_emergency_operation|QPAIR_DC_BLDG_demand_response_peak_management|QPAIR_DC_BLDG_frequency_response_regulation|QPAIR_DC_BLDG_local_energy_sharing_distribution_support|QPAIR_DC_BLDG_renewable_energy_integration|QPAIR_DC_BLDG_resilience_emergency_operation,"Full-text eligibility, project duplication, multi-asset role and source locators require human verification."
R000223,Multi-agent based electric vehicle charging method for smart grid-smart building energy management,2015,10.1109/ptc.2015.7232774,https://doi.org/10.1109/ptc.2015.7232774,,QMA_demand_response_peak_management|QMA_frequency_response_regulation|QMA_local_energy_sharing_distribution_support|QMA_renewable_energy_integration|QMA_resilience_emergency_operation|QPAIR_EV_BLDG_demand_response_peak_management|QPAIR_EV_BLDG_frequency_response_regulation|QPAIR_EV_BLDG_local_energy_sharing_distribution_support|QPAIR_EV_BLDG_renewable_energy_integration|QPAIR_EV_BLDG_resilience_emergency_operation,"Full-text eligibility, project duplication, multi-asset role and source locators require human verification."
R000226,"Integrated Intelligent Building Energy Management: A Multi-Layer,Framework for Renewable Energy, HVAC Optimization, and Smart,Electrical Network Coordination",2026,10.2139/ssrn.6955743,https://doi.org/10.2139/ssrn.6955743,,QMA_demand_response_peak_management|QMA_frequency_response_regulation|QMA_local_energy_sharing_distribution_support|QMA_renewable_energy_integration|QMA_resilience_emergency_operation|QPAIR_BS_BLDG_frequency_response_regulation|QPAIR_BS_BLDG_local_energy_sharing_distribution_support|QPAIR_BS_BLDG_renewable_energy_integration|QPAIR_BS_BLDG_resilience_emergency_operation|QPAIR_DC_BLDG_renewable_energy_integration|QPAIR_EV_BLDG_renewable_energy_integration,"Full-text eligibility, project duplication, multi-asset role and source locators require human verification."
R000228,Neural network-based model predictive control for residential four-asset energy co-optimization with vehicle-to-home integration and carbon-aware dispatch,2026,10.1080/19401493.2026.2712297,https://doi.org/10.1080/19401493.2026.2712297,https://www.tandfonline.com/doi/pdf/10.1080/19401493.2026.2712297,QMA_demand_response_peak_management|QMA_frequency_response_regulation|QMA_local_energy_sharing_distribution_support|QMA_renewable_energy_integration|QMA_resilience_emergency_operation|QPAIR_BS_BLDG_renewable_energy_integration|QPAIR_BS_EV_renewable_energy_integration|QPAIR_BS_EV_resilience_emergency_operation|QPAIR_EV_BLDG_renewable_energy_integration|QPAIR_EV_BLDG_resilience_emergency_operation,"Full-text eligibility, project duplication, multi-asset role and source locators require human verification."
R000231,Building Peak Load Management With High Resolution Weather Data,2015,10.1115/es2015-49233,https://doi.org/10.1115/es2015-49233,,QMA_demand_response_peak_management|QMA_renewable_energy_integration,"Full-text eligibility, project duplication, multi-asset role and source locators require human verification."
R000239,CGAN-Enhanced Building HVAC Control: A Synthetic Data-Driven Approach for Grid-Responsive Air Conditioning Systems,2025,10.1109/sesg67016.2025.00020,https://doi.org/10.1109/sesg67016.2025.00020,,QMA_frequency_response_regulation|QMA_local_energy_sharing_distribution_support|QMA_resilience_emergency_operation|QPAIR_DC_BLDG_local_energy_sharing_distribution_support,"Full-text eligibility, project duplication, multi-asset role and source locators require human verification."
R000240,Combining data centers with electric vehicle battery swapping stations for grid regulation,2016,10.1109/igbsg.2016.7539453,https://doi.org/10.1109/igbsg.2016.7539453,,QMA_frequency_response_regulation,"Full-text eligibility, project duplication, multi-asset role and source locators require human verification."
R000250,Hierarchical Economic Model Predictive Control Approach for a Building Energy Management System With Scenario-Driven EV Charging,2022,10.1109/tsg.2022.3160390,https://doi.org/10.1109/tsg.2022.3160390,,QMA_local_energy_sharing_distribution_support|QPAIR_EV_BLDG_frequency_response_regulation|QPAIR_EV_BLDG_local_energy_sharing_distribution_support|QPAIR_EV_BLDG_resilience_emergency_operation,"Full-text eligibility, project duplication, multi-asset role and source locators require human verification."
R000255,"Integrated Intelligent Building Energy Management: A Multi-LayerFramework for Renewable Energy, HVAC Optimization, and SmartElectrical Network Coordination",2026,10.2139/ssrn.6993209,https://doi.org/10.2139/ssrn.6993209,,QMA_renewable_energy_integration|QPAIR_BS_BLDG_frequency_response_regulation|QPAIR_BS_BLDG_local_energy_sharing_distribution_support|QPAIR_BS_BLDG_renewable_energy_integration|QPAIR_BS_BLDG_resilience_emergency_operation|QPAIR_DC_BLDG_renewable_energy_integration,"Full-text eligibility, project duplication, multi-asset role and source locators require human verification."
R000280,Optimal energy management of smart building for peak shaving considering multi-energy flexibility measures,2021,10.1016/j.enbuild.2021.110932,https://doi.org/10.1016/j.enbuild.2021.110932,,QPAIR_BS_BLDG_demand_response_peak_management,"Full-text eligibility, project duplication, multi-asset role and source locators require human verification."
R000321,Building Energy Management Systems (BEMS) or Building Automation Control System (BACS),2018,10.1201/9780429464461-3,https://doi.org/10.1201/9780429464461-3,,QPAIR_BS_BLDG_resilience_emergency_operation,"Full-text eligibility, project duplication, multi-asset role and source locators require human verification."
R000322,"Model Predictive Control for Multi-Objective Vehicle-to-Grid Dispatch: Jointly Optimizing Peak Shaving, Renewable Utilization, Battery Degradation, and Economic Revenue in Smart EV Infrastructures",2026,10.20944/preprints202607.2314.v1,https://doi.org/10.20944/preprints202607.2314.v1,,QPAIR_BS_EV_demand_response_peak_management|QPAIR_DC_EV_demand_response_peak_management,"Full-text eligibility, project duplication, multi-asset role and source locators require human verification."
R000327,Optimization of Electric Vehicle Charging Control in a Demand-Side Management Context: A Model Predictive Control Approach,2024,10.3390/app14198736,https://doi.org/10.3390/app14198736,,QPAIR_BS_EV_demand_response_peak_management,"Full-text eligibility, project duplication, multi-asset role and source locators require human verification."
R000328,Advanced Cluster-Based Load Forecasting and Peak Demand Management for Electric Vehicle Charging Networks,2025,10.1109/access.2025.3578875,https://doi.org/10.1109/access.2025.3578875,,QPAIR_BS_EV_demand_response_peak_management,"Full-text eligibility, project duplication, multi-asset role and source locators require human verification."
R000330,Energy Packet Reservation and Optimization System for Electric Vehicle Energy Cost and Charging Station Peak Demand Reduction,2024,10.1109/isgt59692.2024.10454209,https://doi.org/10.1109/isgt59692.2024.10454209,,QPAIR_BS_EV_demand_response_peak_management,"Full-text eligibility, project duplication, multi-asset role and source locators require human verification."
R000333,Optimal Location for Electric Vehicle Fast Charging Station as a Dynamic Load for Frequency Control Using Particle Swarm Optimization Method,2025,10.3390/wevj16070354,https://doi.org/10.3390/wevj16070354,,QPAIR_BS_EV_frequency_response_regulation,"Full-text eligibility, project duplication, multi-asset role and source locators require human verification."
R000335,Frequency Control in Microgrids Based on Fuzzy Coordinated Electric Vehicle Charging Station,2022,10.1002/9781119760597.ch6,https://doi.org/10.1002/9781119760597.ch6,https://onlinelibrary.wiley.com/doi/pdf/10.1002/9781119760597.ch6,QPAIR_BS_EV_frequency_response_regulation,"Full-text eligibility, project duplication, multi-asset role and source locators require human verification."
R000339,Automatic control algorithm for V2G frequency response mode of electric vehicle charging station,2024,10.1088/1742-6596/2876/1/012030,https://doi.org/10.1088/1742-6596/2876/1/012030,https://iopscience.iop.org/article/10.1088/1742-6596/2876/1/012030/pdf,QPAIR_BS_EV_frequency_response_regulation,"Full-text eligibility, project duplication, multi-asset role and source locators require human verification."
R000340,Autonomous frequency regulation control of V2G(Vehicle-to-grid) system,2017,10.1109/ccdc.2017.7978208,https://doi.org/10.1109/ccdc.2017.7978208,,QPAIR_BS_EV_frequency_response_regulation,"Full-text eligibility, project duplication, multi-asset role and source locators require human verification."
R000346,Solar Power Charging of Electric Vehicle Along with the Implementation of Vehicle-To-Grid (V2G) Technology,2022,10.1007/978-981-19-0979-5_30,https://doi.org/10.1007/978-981-19-0979-5_30,,QPAIR_BS_EV_local_energy_sharing_distribution_support|QPAIR_BS_EV_renewable_energy_integration,"Full-text eligibility, project duplication, multi-asset role and source locators require human verification."
R000350,Efficient Voltage Control Management In Distribution Network Using Transactive Energy Based Electric Vehicle Charging and Discharging,2026,10.1109/eprec66546.2026.11412143,https://doi.org/10.1109/eprec66546.2026.11412143,,QPAIR_BS_EV_local_energy_sharing_distribution_support,"Full-text eligibility, project duplication, multi-asset role and source locators require human verification."
R000351,Novel control-based design optimization of smart energy distribution and Management in Vehicle-to-Grid Integrated Microgrid,2026,10.1016/j.apenergy.2025.127047,https://doi.org/10.1016/j.apenergy.2025.127047,,QPAIR_BS_EV_local_energy_sharing_distribution_support,"Full-text eligibility, project duplication, multi-asset role and source locators require human verification."
R000365,Power electronics in a PV-integrated grid-connected electric vehicle charging system for V2G/G2V operation,2024,10.1049/pbpo248e_ch12,https://doi.org/10.1049/pbpo248e_ch12,,QPAIR_BS_EV_resilience_emergency_operation,"Full-text eligibility, project duplication, multi-asset role and source locators require human verification."
R000366,Coordinated Operation of Electric Vehicle Charging Stations (EVCS) and Distributed Power Generation in Grids Using AI Technology,2024,10.1201/9781003311829-7,https://doi.org/10.1201/9781003311829-7,,QPAIR_BS_EV_resilience_emergency_operation,"Full-text eligibility, project duplication, multi-asset role and source locators require human verification."
R000369,Energy Management System for Electric Vehicle Charging Station using Deep Learning and Model Predictive Control,2025,10.1109/icpc2t63847.2025.10958711,https://doi.org/10.1109/icpc2t63847.2025.10958711,,QPAIR_BS_EV_resilience_emergency_operation,"Full-text eligibility, project duplication, multi-asset role and source locators require human verification."
R000401,Data Predictive Control for building energy management,2017,10.23919/acc.2017.7962928,https://doi.org/10.23919/acc.2017.7962928,,QPAIR_DC_BLDG_local_energy_sharing_distribution_support,"Full-text eligibility, project duplication, multi-asset role and source locators require human verification."
R000404,Data-driven predictive control for unlocking building energy flexibility: A review,2021,10.1016/j.rser.2020.110120,https://doi.org/10.1016/j.rser.2020.110120,,QPAIR_DC_BLDG_renewable_energy_integration,"Full-text eligibility, project duplication, multi-asset role and source locators require human verification."
R000405,Data-driven distributionally robust optimization of low-carbon data center energy systems considering multi-task response and renewable energy uncertainty,2025,10.1016/j.jobe.2025.111937,https://doi.org/10.1016/j.jobe.2025.111937,,QPAIR_DC_BLDG_renewable_energy_integration,"Full-text eligibility, project duplication, multi-asset role and source locators require human verification."
R000411,Building information modeling and building automation systems data integration and big data analytics for building energy management,2022,10.4337/9781839105524.00036,https://doi.org/10.4337/9781839105524.00036,,QPAIR_DC_BLDG_renewable_energy_integration,"Full-text eligibility, project duplication, multi-asset role and source locators require human verification."
R000426,Shaving Data Center Power Demand Peaks Through Energy Storage and Workload Shifting Control,2019,10.1109/tcc.2017.2744623,https://doi.org/10.1109/tcc.2017.2744623,,QPAIR_DC_BS_demand_response_peak_management,"Full-text eligibility, project duplication, multi-asset role and source locators require human verification."
R000450,FastTune: Timely and Precise Congestion Control in Data Center Network,2021,10.1109/ispa-bdcloud-socialcom-sustaincom52081.2021.00043,https://doi.org/10.1109/ispa-bdcloud-socialcom-sustaincom52081.2021.00043,,QPAIR_DC_BS_local_energy_sharing_distribution_support,"Full-text eligibility, project duplication, multi-asset role and source locators require human verification."
R000453,Multi-time-scale Hierarchical Coordinated Optimal Scheduling of Data Center Park-Integrated Energy System: Low-Carbon-Economic Synergistic Strategy under High-Proportion Renewable Energy Integration,2025,10.2139/ssrn.5477055,https://doi.org/10.2139/ssrn.5477055,,QPAIR_DC_BS_renewable_energy_integration|QPAIR_DC_EV_renewable_energy_integration,"Full-text eligibility, project duplication, multi-asset role and source locators require human verification."
R000459,Carbon-Aware Cloud Computing: AI-Driven Predictive Modeling and Dynamic Optimization of Data Center Energy Consumption and Emission Reduction Strategies,2025,10.63163/jpehss.v3i3.619,https://doi.org/10.63163/jpehss.v3i3.619,https://journal-of-social-education.org/index.php/Jorunal/article/download/619/643,QPAIR_DC_BS_renewable_energy_integration,"Full-text eligibility, project duplication, multi-asset role and source locators require human verification."
R000487,Physics-Data Fusion Enhanced Virtual Synchronous Generator Control Strategy for Multiple Charging Stations Active Frequency Response,2025,10.3390/wevj16070347,https://doi.org/10.3390/wevj16070347,,QPAIR_DC_EV_frequency_response_regulation,"Full-text eligibility, project duplication, multi-asset role and source locators require human verification."
R000494,A Mamba State-Space Sequence Model for AI-Driven Dynamic Aggregation and Predictive Control of Electric Vehicle Clusters in Vehicle-to-Grid Energy Management,2026,10.3390/electronics15112380,https://doi.org/10.3390/electronics15112380,,QPAIR_DC_EV_local_energy_sharing_distribution_support,"Full-text eligibility, project duplication, multi-asset role and source locators require human verification."
R000506,Data-Driven AI Modeling of Renewable Energy-Based Smart EV Charging Stations Using Historical Weather and Load Data,2026,10.3390/wevj17010037,https://doi.org/10.3390/wevj17010037,,QPAIR_DC_EV_renewable_energy_integration,"Full-text eligibility, project duplication, multi-asset role and source locators require human verification."
R000525,Grid-Interactive Electric Vehicle and Building Coordination Using Coupled Distributed Control,2022,10.23919/acc53348.2022.9867206,https://doi.org/10.23919/acc53348.2022.9867206,,QPAIR_EV_BLDG_demand_response_peak_management|QPAIR_EV_BLDG_frequency_response_regulation|QPAIR_EV_BLDG_local_energy_sharing_distribution_support|QPAIR_EV_BLDG_renewable_energy_integration|QPAIR_EV_BLDG_resilience_emergency_operation,"Full-text eligibility, project duplication, multi-asset role and source locators require human verification."
R000538,Enhancing grid-friendliness in PV building clusters via a coordinated control strategy integrating bidirectional electric vehicle charging,2026,10.1016/j.energy.2026.140752,https://doi.org/10.1016/j.energy.2026.140752,,QPAIR_EV_BLDG_frequency_response_regulation|QPAIR_EV_BLDG_local_energy_sharing_distribution_support|QPAIR_EV_BLDG_renewable_energy_integration|QPAIR_EV_BLDG_resilience_emergency_operation,"Full-text eligibility, project duplication, multi-asset role and source locators require human verification."
R000540,Decentralized Off-grid Vehicle-to-Building (V2B) Operation: A Reinforcement Learning Approach for Optimal Charge-Discharge Control of Energy Storage Systems,2025,10.2139/ssrn.5653568,https://doi.org/10.2139/ssrn.5653568,,QPAIR_EV_BLDG_frequency_response_regulation|QPAIR_EV_BLDG_local_energy_sharing_distribution_support|QPAIR_EV_BLDG_resilience_emergency_operation,"Full-text eligibility, project duplication, multi-asset role and source locators require human verification."
R000591,Optimization of Battery Energy Storage and Building HVAC Systems for Energy Cost Efficiency and Frequency Regulation,2020,10.1109/isgt45199.2020.9087738,https://doi.org/10.1109/isgt45199.2020.9087738,,QPR_BLDG_frequency_response_regulation|QSA_BLDG_frequency_response_regulation,"Full-text eligibility, project duplication, multi-asset role and source locators require human verification."
R000681,Quantifying AI data center flexibility as a resource adequacy asset,2026,10.21203/rs.3.rs-9829457/v1,https://doi.org/10.21203/rs.3.rs-9829457/v1,,QPR_DC_demand_response_peak_management,"Full-text eligibility, project duplication, multi-asset role and source locators require human verification."
R000708,Location selection methodology for data center with renewable energy integration,2025,10.1016/j.renene.2025.123270,https://doi.org/10.1016/j.renene.2025.123270,,QPR_DC_renewable_energy_integration|QSA_DC_renewable_energy_integration,"Full-text eligibility, project duplication, multi-asset role and source locators require human verification."
R000709,Renewable Energy-aware Data Centre Operations for Smart Cities - The DC4Cities Approach,2015,10.5220/0005430600260034,https://doi.org/10.5220/0005430600260034,,QPR_DC_renewable_energy_integration|QSA_DC_renewable_energy_integration,"Full-text eligibility, project duplication, multi-asset role and source locators require human verification."
R000729,Flexibility of Electric Vehicle Charging With Demand Response and Vehicle-to-Grid for Power System Benefit,2024,10.1109/access.2024.3459053,https://doi.org/10.1109/access.2024.3459053,,QPR_EV_demand_response_peak_management|QSA_EV_demand_response_peak_management,"Full-text eligibility, project duplication, multi-asset role and source locators require human verification."
R000730,Investigating the Impact of Electric Vehicle Charging on the Electrical Grid and Understanding Smart Grid Solutions that Can Manage the Variability and Uncertainty of Electric Vehicle Charging Demand,2023,10.21275/sr23901162102,https://doi.org/10.21275/sr23901162102,,QPR_EV_demand_response_peak_management|QSA_EV_demand_response_peak_management,"Full-text eligibility, project duplication, multi-asset role and source locators require human verification."
R000731,Optimization of Electric Vehicle Charging to Shave Peak Load for Integration in Smart Grid,2020,10.1109/tensymp50017.2020.9231029,https://doi.org/10.1109/tensymp50017.2020.9231029,,QPR_EV_demand_response_peak_management|QSA_EV_demand_response_peak_management,"Full-text eligibility, project duplication, multi-asset role and source locators require human verification."
R000740,Optimizing EV cluster contribution for vehicle-to-grid(V2G) frequency regulation,2022,10.1109/upec55022.2022.9917791,https://doi.org/10.1109/upec55022.2022.9917791,,QPR_EV_frequency_response_regulation|QSA_EV_frequency_response_regulation,"Full-text eligibility, project duplication, multi-asset role and source locators require human verification."
R000761,A smart algorithm to optimally manage the charging strategy of the Home to Vehicle (H2V) and Vehicle to Home (V2H) technologies in an off-grid home powered by renewable sources,2022,10.21203/rs.3.rs-1685933/v1,https://doi.org/10.21203/rs.3.rs-1685933/v1,,QPR_EV_renewable_energy_integration|QPR_EV_resilience_emergency_operation|QSA_EV_resilience_emergency_operation,"Full-text eligibility, project duplication, multi-asset role and source locators require human verification."
R000811,"Grid-Interactive Efficient Buildings Technical Report Series: Heating, Ventilation, and Air Conditioning (HVAC); Water Heating; Appliances; and Refrigeration",2019,10.2172/1580209,https://doi.org/10.2172/1580209,,QSA_BLDG_renewable_energy_integration,"Full-text eligibility, project duplication, multi-asset role and source locators require human verification."
R000961,Clean Energy Integration in Electric Mobility: A Novel Approach to Solar-Powered Ev Charging Using Vehicle-to-Grid-Enabled Smart Technology,2024,10.62441/nano-ntp.v20i7.5110,https://doi.org/10.62441/nano-ntp.v20i7.5110,,QSA_EV_renewable_energy_integration,"Full-text eligibility, project duplication, multi-asset role and source locators require human verification."
R000972,Energy consumption prediction by using machine learning for smart building: Case study in Malaysia,2020,10.1016/j.dibe.2020.100037,https://doi.org/10.1016/j.dibe.2020.100037,https://www.sciencedirect.com/science/article/pii/S266616592030034X/pdf,QFIELD_BLDG_demand_response_peak_management|QSA_BLDG_demand_response_peak_management,"Full-text eligibility, project duplication, multi-asset role and source locators require human verification."
R000973,Multi-Objective Optimization Model of Source–Load–Storage Synergetic Dispatch for a Building Energy Management System Based on TOU Price Demand Response,2017,10.1109/tia.2017.2781639,https://doi.org/10.1109/tia.2017.2781639,,QFIELD_BLDG_demand_response_peak_management|QSA_BLDG_demand_response_peak_management,"Full-text eligibility, project duplication, multi-asset role and source locators require human verification."
R000975,Intelligent Residential Energy Management System for Dynamic Demand Response in Smart Buildings,2017,10.1109/jsyst.2017.2647759,https://doi.org/10.1109/jsyst.2017.2647759,,QFIELD_BLDG_demand_response_peak_management|QSA_BLDG_demand_response_peak_management,"Full-text eligibility, project duplication, multi-asset role and source locators require human verification."
R000976,An overview of machine learning applications for smart buildings,2021,10.1016/j.scs.2021.103445,https://doi.org/10.1016/j.scs.2021.103445,https://www.sciencedirect.com/science/article/pii/S2210670721007186/pdf,QFIELD_BLDG_demand_response_peak_management|QFIELD_BLDG_frequency_response_regulation|QFIELD_BLDG_local_energy_sharing_distribution_support|QFIELD_BLDG_resilience_emergency_operation|QMA_resilience_emergency_operation|QPR_BLDG_demand_response_peak_management|QPR_BLDG_frequency_response_regulation|QPR_BLDG_local_energy_sharing_distribution_support|QPR_BLDG_resilience_emergency_operation|QSA_BLDG_frequency_response_regulation|QSA_BLDG_resilience_emergency_operation,"Full-text eligibility, project duplication, multi-asset role and source locators require human verification."
R000978,Artificial Intelligence Evolution in Smart Buildings for Energy Efficiency,2021,10.3390/app11020763,https://doi.org/10.3390/app11020763,https://www.mdpi.com/2076-3417/11/2/763/pdf?version=1611030454,QFIELD_BLDG_demand_response_peak_management|QFIELD_BLDG_local_energy_sharing_distribution_support|QFIELD_BLDG_renewable_energy_integration|QFIELD_BLDG_resilience_emergency_operation|QPR_BLDG_renewable_energy_integration|QPR_BLDG_resilience_emergency_operation|QSA_BLDG_local_energy_sharing_distribution_support|QSA_BLDG_renewable_energy_integration|QSA_BLDG_resilience_emergency_operation,"Full-text eligibility, project duplication, multi-asset role and source locators require human verification."
R000979,"A review of strategies for building energy management system: Model predictive control, demand side management, optimization, and fault detect & diagnosis",2020,10.1016/j.jobe.2020.101692,https://doi.org/10.1016/j.jobe.2020.101692,https://uvadoc.uva.es/bitstream/10324/64608/4/pre1-s2.0-S2352710220310627-main.pdf,QFIELD_BLDG_demand_response_peak_management|QFIELD_BLDG_frequency_response_regulation|QFIELD_BLDG_local_energy_sharing_distribution_support|QPAIR_EV_BLDG_demand_response_peak_management|QPAIR_EV_BLDG_frequency_response_regulation|QPAIR_EV_BLDG_local_energy_sharing_distribution_support|QPR_BLDG_demand_response_peak_management|QPR_BLDG_frequency_response_regulation|QPR_BLDG_local_energy_sharing_distribution_support|QSA_BLDG_demand_response_peak_management|QSA_BLDG_frequency_response_regulation|QSA_BLDG_local_energy_sharing_distribution_support,"Full-text eligibility, project duplication, multi-asset role and source locators require human verification."
R000986,Grid-Interactive Efficient Buildings Technical Report Series: Overview of Research Challenges and Gaps,2019,10.2172/1577966,https://doi.org/10.2172/1577966,https://www.osti.gov/servlets/purl/1577966,QFIELD_BLDG_frequency_response_regulation|QFIELD_BLDG_renewable_energy_integration|QFIELD_BLDG_resilience_emergency_operation|QPAIR_EV_BLDG_frequency_response_regulation|QPAIR_EV_BLDG_renewable_energy_integration|QPAIR_EV_BLDG_resilience_emergency_operation|QPR_BLDG_frequency_response_regulation|QPR_BLDG_renewable_energy_integration|QPR_BLDG_resilience_emergency_operation|QSA_BLDG_frequency_response_regulation|QSA_BLDG_renewable_energy_integration|QSA_BLDG_resilience_emergency_operation,"Full-text eligibility, project duplication, multi-asset role and source locators require human verification."
R000988,Extended Utilization of Electric Vehicles and their Re-used Batteries to Support the Building Energy Management System,2015,10.1016/j.egypro.2015.07.226,https://doi.org/10.1016/j.egypro.2015.07.226,https://www.sciencedirect.com/science/article/pii/S1876610215009947/pdf,QFIELD_BLDG_frequency_response_regulation|QPAIR_EV_BLDG_frequency_response_regulation|QSA_BLDG_frequency_response_regulation,"Full-text eligibility, project duplication, multi-asset role and source locators require human verification."
R000989,An Advanced IoT-based System for Intelligent Energy Management in Buildings,2018,10.3390/s18020610,https://doi.org/10.3390/s18020610,https://www.mdpi.com/1424-8220/18/2/610/pdf?version=1519294815,QFIELD_BLDG_frequency_response_regulation,"Full-text eligibility, project duplication, multi-asset role and source locators require human verification."
R000990,Ten questions concerning integrating smart buildings into the smart grid,2016,10.1016/j.buildenv.2016.08.022,https://doi.org/10.1016/j.buildenv.2016.08.022,https://lirias.kuleuven.be/handle/123456789/551005,QFIELD_BLDG_frequency_response_regulation|QFIELD_BLDG_renewable_energy_integration|QSA_BLDG_frequency_response_regulation|QSA_BLDG_renewable_energy_integration,"Full-text eligibility, project duplication, multi-asset role and source locators require human verification."
R000991,Optimal control of demand flexibility under real-time pricing for heating systems in buildings: A real-life demonstration,2020,10.1016/j.apenergy.2020.114671,https://doi.org/10.1016/j.apenergy.2020.114671,https://www.sciencedirect.com/science/article/pii/S0306261920301835/pdf,QFIELD_BLDG_frequency_response_regulation,"Full-text eligibility, project duplication, multi-asset role and source locators require human verification."
R000998,A systematic literature review on the use of artificial intelligence in energy self-management in smart buildings,2021,10.1016/j.rser.2021.111530,https://doi.org/10.1016/j.rser.2021.111530,https://www.sciencedirect.com/science/article/pii/S136403212100808X/pdf,QFIELD_BLDG_local_energy_sharing_distribution_support|QFIELD_BLDG_renewable_energy_integration|QPAIR_EV_BLDG_renewable_energy_integration|QPR_BLDG_local_energy_sharing_distribution_support|QPR_BLDG_renewable_energy_integration|QSA_BLDG_local_energy_sharing_distribution_support|QSA_BLDG_renewable_energy_integration,"Full-text eligibility, project duplication, multi-asset role and source locators require human verification."
R000999,Optimal operation of an energy management system for a grid-connected smart building considering photovoltaics’ uncertainty and stochastic electric vehicles’ driving schedule,2017,10.1016/j.apenergy.2017.07.035,https://doi.org/10.1016/j.apenergy.2017.07.035,,QFIELD_BLDG_local_energy_sharing_distribution_support,"Full-text eligibility, project duplication, multi-asset role and source locators require human verification."
R001000,A taxonomy of machine learning applications for virtual power plants and home/building energy management systems,2022,10.1016/j.autcon.2022.104174,https://doi.org/10.1016/j.autcon.2022.104174,https://doi.org/10.1016/j.autcon.2022.104174,QFIELD_BLDG_local_energy_sharing_distribution_support|QMA_renewable_energy_integration|QPAIR_BS_BLDG_frequency_response_regulation|QPAIR_BS_BLDG_local_energy_sharing_distribution_support|QPAIR_BS_BLDG_renewable_energy_integration|QSA_BLDG_local_energy_sharing_distribution_support,"Full-text eligibility, project duplication, multi-asset role and source locators require human verification."
R001007,Adaptive-predictive control strategy for HVAC systems in smart buildings – A review,2020,10.1016/j.scs.2020.102480,https://doi.org/10.1016/j.scs.2020.102480,https://www.sciencedirect.com/science/article/pii/S2210670720307009/pdf,QFIELD_BLDG_renewable_energy_integration|QPR_BLDG_renewable_energy_integration|QSA_BLDG_renewable_energy_integration,"Full-text eligibility, project duplication, multi-asset role and source locators require human verification."
R001008,Systematic Review Analysis on Smart Building: Challenges and Opportunities,2022,10.3390/su14053009,https://doi.org/10.3390/su14053009,https://www.mdpi.com/2071-1050/14/5/3009/pdf?version=1646631139,QFIELD_BLDG_renewable_energy_integration|QFIELD_BLDG_resilience_emergency_operation|QPR_BLDG_renewable_energy_integration|QPR_BLDG_resilience_emergency_operation|QSA_BLDG_renewable_energy_integration|QSA_BLDG_resilience_emergency_operation,"Full-text eligibility, project duplication, multi-asset role and source locators require human verification."
R001028,"Towards 6G wireless communication networks: vision, enabling technologies, and new paradigm shifts",2020,10.1007/s11432-020-2955-6,https://doi.org/10.1007/s11432-020-2955-6,https://link.springer.com/content/pdf/10.1007/s11432-020-2955-6.pdf,QFIELD_BS_demand_response_peak_management|QFIELD_BS_resilience_emergency_operation|QPAIR_DC_BS_demand_response_peak_management|QPAIR_DC_BS_resilience_emergency_operation|QPR_BS_demand_response_peak_management|QPR_BS_resilience_emergency_operation|QSA_BS_demand_response_peak_management|QSA_BS_resilience_emergency_operation,"Full-text eligibility, project duplication, multi-asset role and source locators require human verification."
R001034,Integrated Sensing and Communication Signals Toward 5G-A and 6G: A Survey,2023,10.1109/jiot.2023.3235618,https://doi.org/10.1109/jiot.2023.3235618,https://arxiv.org/pdf/2301.03857,QFIELD_BS_frequency_response_regulation|QPR_BS_demand_response_peak_management|QPR_BS_frequency_response_regulation|QSA_BS_frequency_response_regulation,"Full-text eligibility, project duplication, multi-asset role and source locators require human verification."
R001040,"Reconfigurable, Intelligent, and Sustainable Wireless Environments for 6G Smart Connectivity",2021,10.1109/mcom.001.2100070,https://vbn.aau.dk/da/publications/74ecb814-f115-42a3-bc32-6c749cede2b3,http://arxiv.org/pdf/2110.07547,QFIELD_BS_frequency_response_regulation|QSA_BS_frequency_response_regulation,"Full-text eligibility, project duplication, multi-asset role and source locators require human verification."
R001041,Frequency Regulation Service Provision for Virtual Power Plants Through 5G RAN Slicing,2022,10.1109/tsg.2022.3177765,https://doi.org/10.1109/tsg.2022.3177765,,QFIELD_BS_frequency_response_regulation|QFIELD_BS_local_energy_sharing_distribution_support|QSA_BS_frequency_response_regulation|QSA_BS_local_energy_sharing_distribution_support,"Full-text eligibility, project duplication, multi-asset role and source locators require human verification."
R001047,Data-driven energy management of virtual power plants: A review,2024,10.1016/j.adapen.2024.100170,https://doi.org/10.1016/j.adapen.2024.100170,https://doi.org/10.1016/j.adapen.2024.100170,QFIELD_BS_local_energy_sharing_distribution_support|QFIELD_DC_local_energy_sharing_distribution_support|QPR_BS_local_energy_sharing_distribution_support|QPR_DC_local_energy_sharing_distribution_support|QSA_BS_local_energy_sharing_distribution_support|QSA_DC_local_energy_sharing_distribution_support,"Full-text eligibility, project duplication, multi-asset role and source locators require human verification."
R001070,Modeling and Analysis of Cellular Networks Using Stochastic Geometry: A Tutorial,2016,10.1109/comst.2016.2624939,https://doi.org/10.1109/comst.2016.2624939,https://arxiv.org/pdf/1604.03689,QFIELD_BS_resilience_emergency_operation,"Full-text eligibility, project duplication, multi-asset role and source locators require human verification."
R001085,Potential of data centers for fast frequency response services in synchronously isolated power systems,2021,10.1016/j.rser.2021.111547,https://doi.org/10.1016/j.rser.2021.111547,https://www.sciencedirect.com/science/article/am/pii/S136403212100825X?via%3Dihub,QFIELD_DC_frequency_response_regulation|QPAIR_DC_EV_frequency_response_regulation|QPR_DC_frequency_response_regulation|QSA_DC_frequency_response_regulation,"Full-text eligibility, project duplication, multi-asset role and source locators require human verification."
R001086,Frequency regulation service provision in data center with computational flexibility,2019,10.1016/j.apenergy.2019.05.107,https://doi.org/10.1016/j.apenergy.2019.05.107,https://www.osti.gov/biblio/1692233,QFIELD_DC_frequency_response_regulation|QSA_DC_frequency_response_regulation,"Full-text eligibility, project duplication, multi-asset role and source locators require human verification."
R001087,Assessments of data centers for provision of frequency regulation,2020,10.1016/j.apenergy.2020.115621,https://doi.org/10.1016/j.apenergy.2020.115621,https://www.sciencedirect.com/science/article/am/pii/S0306261920311247,QFIELD_DC_frequency_response_regulation|QSA_DC_frequency_response_regulation,"Full-text eligibility, project duplication, multi-asset role and source locators require human verification."
R001090,Data centres as a source of flexibility for power systems,2025,10.1016/j.egyr.2025.03.020,https://doi.org/10.1016/j.egyr.2025.03.020,https://doi.org/10.1016/j.egyr.2025.03.020,QFIELD_DC_frequency_response_regulation|QFIELD_DC_renewable_energy_integration,"Full-text eligibility, project duplication, multi-asset role and source locators require human verification."
R001091,"Fast frequency response from a UPS system of a data center, background, and pilot results",2019,10.1109/eem.2019.8916344,https://doi.org/10.1109/eem.2019.8916344,,QFIELD_DC_frequency_response_regulation,"Full-text eligibility, project duplication, multi-asset role and source locators require human verification."
R001105,Carbon awareness oriented data center location and configuration: An integrated optimization method,2023,10.1016/j.energy.2023.127744,https://doi.org/10.1016/j.energy.2023.127744,,QFIELD_DC_renewable_energy_integration|QSA_DC_renewable_energy_integration,"Full-text eligibility, project duplication, multi-asset role and source locators require human verification."
R001106,Carbon-Aware Load Balance Control of Data Centers With Renewable Generations,2022,10.1109/tcc.2022.3150391,https://doi.org/10.1109/tcc.2022.3150391,,QFIELD_DC_renewable_energy_integration,"Full-text eligibility, project duplication, multi-asset role and source locators require human verification."
R001107,An energy and carbon-aware algorithm for renewable energy usage maximization in distributed cloud data centers,2022,10.1016/j.jpdc.2022.04.001,https://doi.org/10.1016/j.jpdc.2022.04.001,https://www.sciencedirect.com/science/article/pii/S074373152200079X/pdf,QFIELD_DC_renewable_energy_integration|QSA_DC_renewable_energy_integration,"Full-text eligibility, project duplication, multi-asset role and source locators require human verification."
R001122,Promises and Challenges of Next-Generation “Beyond Li-ion” Batteries for Electric Vehicles and Grid Decarbonization,2020,10.1021/acs.chemrev.0c00767,https://doi.org/10.1021/acs.chemrev.0c00767,https://www.osti.gov/servlets/purl/1828155,QFIELD_EV_demand_response_peak_management|QFIELD_EV_frequency_response_regulation|QPAIR_BS_EV_demand_response_peak_management|QPAIR_BS_EV_frequency_response_regulation|QPR_EV_demand_response_peak_management|QPR_EV_frequency_response_regulation|QSA_EV_demand_response_peak_management|QSA_EV_frequency_response_regulation,"Full-text eligibility, project duplication, multi-asset role and source locators require human verification."
R001124,Combined vehicle to building (V2B) and vehicle to home (V2H) strategy to increase electric vehicle market share,2021,10.1016/j.energy.2021.121608,https://doi.org/10.1016/j.energy.2021.121608,https://www.sciencedirect.com/science/article/pii/S0360544221018569/pdf,QFIELD_EV_demand_response_peak_management|QFIELD_EV_frequency_response_regulation|QFIELD_EV_local_energy_sharing_distribution_support|QFIELD_EV_renewable_energy_integration|QFIELD_EV_resilience_emergency_operation|QPAIR_BS_EV_renewable_energy_integration|QPAIR_EV_BLDG_frequency_response_regulation|QPAIR_EV_BLDG_local_energy_sharing_distribution_support|QPAIR_EV_BLDG_renewable_energy_integration|QPAIR_EV_BLDG_resilience_emergency_operation|QPR_EV_demand_response_peak_management|QPR_EV_frequency_response_regulation|QPR_EV_local_energy_sharing_distribution_support|QPR_EV_renewable_energy_integration|QPR_EV_resilience_emergency_operation|QSA_EV_demand_response_peak_management|QSA_EV_frequency_response_regulation|QSA_EV_local_energy_sharing_distribution_support|QSA_EV_renewable_energy_integration|QSA_EV_resilience_emergency_operation,"Full-text eligibility, project duplication, multi-asset role and source locators require human verification."
R001125,Utilization of Electric Vehicles for Vehicle-to-Grid Services: Progress and Perspectives,2022,10.3390/en15020589,https://doi.org/10.3390/en15020589,https://www.mdpi.com/1996-1073/15/2/589/pdf?version=1642156271,QFIELD_EV_demand_response_peak_management|QFIELD_EV_frequency_response_regulation|QFIELD_EV_local_energy_sharing_distribution_support|QFIELD_EV_renewable_energy_integration|QMA_demand_response_peak_management|QMA_frequency_response_regulation|QMA_local_energy_sharing_distribution_support|QMA_renewable_energy_integration|QPAIR_DC_EV_demand_response_peak_management|QPAIR_DC_EV_frequency_response_regulation|QPAIR_DC_EV_local_energy_sharing_distribution_support|QPAIR_DC_EV_renewable_energy_integration|QPR_DC_frequency_response_regulation|QPR_EV_demand_response_peak_management|QPR_EV_frequency_response_regulation|QPR_EV_local_energy_sharing_distribution_support|QPR_EV_renewable_energy_integration|QSA_EV_demand_response_peak_management|QSA_EV_frequency_response_regulation|QSA_EV_local_energy_sharing_distribution_support|QSA_EV_renewable_energy_integration,"Full-text eligibility, project duplication, multi-asset role and source locators require human verification."
R001126,A Review on Electric Vehicles: Technologies and Challenges,2021,10.3390/smartcities4010022,https://doi.org/10.3390/smartcities4010022,https://www.mdpi.com/2624-6511/4/1/22/pdf?version=1615800939,QFIELD_EV_demand_response_peak_management|QFIELD_EV_local_energy_sharing_distribution_support|QPR_EV_demand_response_peak_management|QPR_EV_local_energy_sharing_distribution_support|QSA_EV_demand_response_peak_management|QSA_EV_local_energy_sharing_distribution_support,"Full-text eligibility, project duplication, multi-asset role and source locators require human verification."
R001127,Balancing Power Demand Through EV Mobility in Vehicle-to-Grid Mobile Energy Networks,2015,10.1109/tii.2015.2494884,https://doi.org/10.1109/tii.2015.2494884,,QFIELD_EV_demand_response_peak_management,"Full-text eligibility, project duplication, multi-asset role and source locators require human verification."
R001128,"Integrated PV Charging of EV Fleet Based on Energy Prices, V2G, and Offer of Reserves",2017,10.1109/tsg.2017.2763683,https://doi.org/10.1109/tsg.2017.2763683,http://resolver.tudelft.nl/uuid:91939ff6-acb6-4377-9bd0-abba2db3a224,QFIELD_EV_demand_response_peak_management|QFIELD_EV_frequency_response_regulation|QFIELD_EV_local_energy_sharing_distribution_support|QFIELD_EV_renewable_energy_integration|QPR_EV_frequency_response_regulation|QPR_EV_local_energy_sharing_distribution_support|QPR_EV_renewable_energy_integration|QSA_EV_demand_response_peak_management|QSA_EV_frequency_response_regulation|QSA_EV_local_energy_sharing_distribution_support|QSA_EV_renewable_energy_integration,"Full-text eligibility, project duplication, multi-asset role and source locators require human verification."
R001130,Peak shaving and valley filling of power consumption profile in non-residential buildings using an electric vehicle parking lot,2018,10.1016/j.energy.2018.01.128,https://doi.org/10.1016/j.energy.2018.01.128,,QFIELD_EV_demand_response_peak_management,"Full-text eligibility, project duplication, multi-asset role and source locators require human verification."
R001137,Capacity Estimation for Vehicle-to-Grid Frequency Regulation Services With Smart Charging Mechanism,2015,10.1109/tsg.2015.2436901,https://doi.org/10.1109/tsg.2015.2436901,https://arxiv.org/pdf/1410.1282,QFIELD_EV_frequency_response_regulation|QPR_EV_frequency_response_regulation|QSA_EV_frequency_response_regulation,"Full-text eligibility, project duplication, multi-asset role and source locators require human verification."
R001139,Vehicle-to-Grid Aggregator to Support Power Grid and Reduce Electric Vehicle Charging Cost,2019,10.1109/access.2019.2958664,https://doi.org/10.1109/access.2019.2958664,https://ieeexplore.ieee.org/ielx7/6287639/8600701/08930487.pdf,QFIELD_EV_frequency_response_regulation|QFIELD_EV_local_energy_sharing_distribution_support|QPAIR_BS_EV_demand_response_peak_management|QPAIR_BS_EV_frequency_response_regulation|QPAIR_BS_EV_local_energy_sharing_distribution_support|QSA_EV_local_energy_sharing_distribution_support,"Full-text eligibility, project duplication, multi-asset role and source locators require human verification."
R001141,"Integrating a hydrogen fuel cell electric vehicle with vehicle-to-grid technology, photovoltaic power and a residential building",2018,10.1016/j.apenergy.2018.02.038,https://doi.org/10.1016/j.apenergy.2018.02.038,https://ars.els-cdn.com/content/image/1-s2.0-S0306261918301636-fx1_lrg.jpg,QFIELD_EV_frequency_response_regulation|QFIELD_EV_local_energy_sharing_distribution_support|QSA_EV_local_energy_sharing_distribution_support,"Full-text eligibility, project duplication, multi-asset role and source locators require human verification."
R001142,Smart charging of electric vehicles with photovoltaic power and vehicle-to-grid technology in a microgrid; a case study,2015,10.1016/j.apenergy.2015.04.092,https://doi.org/10.1016/j.apenergy.2015.04.092,https://dspace.library.uu.nl/handle/1874/314720,QFIELD_EV_local_energy_sharing_distribution_support|QSA_EV_local_energy_sharing_distribution_support,"Full-text eligibility, project duplication, multi-asset role and source locators require human verification."
R001151,"Integrating electric vehicles as virtual power plants: A comprehensive review on vehicle-to-grid (V2G) concepts, interface topologies, marketing and future prospects",2022,10.1016/j.est.2022.105579,https://doi.org/10.1016/j.est.2022.105579,,QFIELD_EV_local_energy_sharing_distribution_support|QPR_EV_local_energy_sharing_distribution_support,"Full-text eligibility, project duplication, multi-asset role and source locators require human verification."
R001155,Strategic network expansion planning with electric vehicle smart charging concepts as investment options,2021,10.1016/j.adapen.2021.100077,https://doi.org/10.1016/j.adapen.2021.100077,https://www.sciencedirect.com/science/article/pii/S266679242100069X/pdf,QFIELD_EV_renewable_energy_integration|QPR_EV_renewable_energy_integration|QSA_EV_renewable_energy_integration,"Full-text eligibility, project duplication, multi-asset role and source locators require human verification."
R001156,"Reaping the Benefits of Smart Electric Vehicle Charging and Vehicle-to-Grid Technologies: Regulatory, Policy and Technical Aspects",2022,10.1109/access.2022.3217525,https://doi.org/10.1109/access.2022.3217525,https://ieeexplore.ieee.org/ielx7/6287639/6514899/09931106.pdf,QFIELD_EV_renewable_energy_integration|QFIELD_EV_resilience_emergency_operation|QPR_EV_renewable_energy_integration|QSA_EV_renewable_energy_integration,"Full-text eligibility, project duplication, multi-asset role and source locators require human verification."
R001157,Electric vehicle charging choices: Modelling and implications for smart charging services,2017,10.1016/j.trc.2017.05.006,https://doi.org/10.1016/j.trc.2017.05.006,https://www.sciencedirect.com/science/article/pii/S0968090X17301365/pdf,QFIELD_EV_renewable_energy_integration|QPR_EV_renewable_energy_integration|QSA_EV_renewable_energy_integration,"Full-text eligibility, project duplication, multi-asset role and source locators require human verification."
R001158,Factors influencing consumer acceptance of vehicle-to-grid by electric vehicle drivers in the Netherlands,2021,10.1016/j.tbs.2020.12.008,https://doi.org/10.1016/j.tbs.2020.12.008,https://www.sciencedirect.com/science/article/pii/S2214367X20302519/pdf,QFIELD_EV_renewable_energy_integration|QPR_EV_renewable_energy_integration|QSA_EV_renewable_energy_integration,"Full-text eligibility, project duplication, multi-asset role and source locators require human verification."
R001159,"Electric Vehicles: V2G for Rapid, Safe, and Green EV Penetration",2022,10.3390/en15030803,https://doi.org/10.3390/en15030803,https://www.mdpi.com/1996-1073/15/3/803/pdf?version=1643527253,QFIELD_EV_renewable_energy_integration|QPAIR_BS_EV_demand_response_peak_management|QPAIR_BS_EV_frequency_response_regulation|QPAIR_BS_EV_local_energy_sharing_distribution_support|QPAIR_BS_EV_renewable_energy_integration|QPAIR_BS_EV_resilience_emergency_operation|QPR_EV_renewable_energy_integration|QSA_EV_renewable_energy_integration,"Full-text eligibility, project duplication, multi-asset role and source locators require human verification."
R001160,Energy management and optimization of vehicle-to-grid systems for wind power integration,2020,10.17775/cseejpes.2020.01610,https://doi.org/10.17775/cseejpes.2020.01610,https://doi.org/10.17775/cseejpes.2020.01610,QFIELD_EV_renewable_energy_integration|QMA_renewable_energy_integration|QMA_resilience_emergency_operation,"Full-text eligibility, project duplication, multi-asset role and source locators require human verification."
R001164,Reliability Evaluation of Distribution Systems Including Vehicle-to-Home and Vehicle-to-Grid,2015,10.1109/tpwrs.2015.2396524,https://doi.org/10.1109/tpwrs.2015.2396524,,QFIELD_EV_resilience_emergency_operation|QSA_EV_resilience_emergency_operation,"Full-text eligibility, project duplication, multi-asset role and source locators require human verification."
R001166,A State of the Art Review of Electric Vehicle to Grid (V2G) technology,2019,10.1088/1757-899x/561/1/012103,https://doi.org/10.1088/1757-899x/561/1/012103,https://iopscience.iop.org/article/10.1088/1757-899X/561/1/012103/pdf,QFIELD_EV_resilience_emergency_operation|QPR_EV_resilience_emergency_operation|QSA_EV_resilience_emergency_operation,"Full-text eligibility, project duplication, multi-asset role and source locators require human verification."
R001168,The neglected social dimensions to a vehicle-to-grid (V2G) transition: a critical and systematic review,2017,10.1088/1748-9326/aa9c6d,https://doi.org/10.1088/1748-9326/aa9c6d,https://iopscience.iop.org/article/10.1088/1748-9326/aa9c6d/pdf,QFIELD_EV_resilience_emergency_operation|QPR_EV_resilience_emergency_operation|QSA_EV_resilience_emergency_operation,"Full-text eligibility, project duplication, multi-asset role and source locators require human verification."
R001169,Virtual Synchronous Machine-Based Control of a Single-Phase Bi-Directional Battery Charger for Providing Vehicle-to-Grid Services,2016,10.1109/tia.2016.2550588,https://doi.org/10.1109/tia.2016.2550588,https://ntnuopen.ntnu.no/ntnu-xmlui/bitstream/11250/2489636/1/Suul2016vsm-b.pdf,QFIELD_EV_resilience_emergency_operation,"Full-text eligibility, project duplication, multi-asset role and source locators require human verification."
R001170,Promoting Vehicle to Grid (V2G) in the Nordic region: Expert advice on policy mechanisms for accelerated diffusion,2018,10.1016/j.enpol.2018.02.024,https://doi.org/10.1016/j.enpol.2018.02.024,https://www.sciencedirect.com/science/article/pii/S0301421518300995/pdf,QFIELD_EV_resilience_emergency_operation,"Full-text eligibility, project duplication, multi-asset role and source locators require human verification."
R001171,Reinforcement learning for electric vehicle applications in power systems:A critical review,2022,10.1016/j.rser.2022.113052,https://doi.org/10.1016/j.rser.2022.113052,https://doi.org/10.1016/j.rser.2022.113052,QFIELD_EV_resilience_emergency_operation|QMA_demand_response_peak_management|QMA_frequency_response_regulation|QMA_resilience_emergency_operation|QPR_EV_resilience_emergency_operation,"Full-text eligibility, project duplication, multi-asset role and source locators require human verification."
R001174,The Future Promise of Vehicle-to-Grid (V2G) Integration: A Sociotechnical Review and Research Agenda,2017,10.1146/annurev-environ-030117-020220,https://doi.org/10.1146/annurev-environ-030117-020220,https://doi.org/10.1146/annurev-environ-030117-020220,QMA_demand_response_peak_management|QMA_frequency_response_regulation|QMA_local_energy_sharing_distribution_support,"Full-text eligibility, project duplication, multi-asset role and source locators require human verification."
R001176,Optimal Coordination of Electric Vehicles for Virtual Power Plants With Dynamic Communication Spectrum Allocation,2020,10.1109/tii.2020.2986883,https://doi.org/10.1109/tii.2020.2986883,http://ira.lib.polyu.edu.hk/bitstream/10397/93393/1/Chan_Optimal_Coordination_Electric.pdf,QMA_demand_response_peak_management|QMA_frequency_response_regulation|QMA_local_energy_sharing_distribution_support|QPAIR_BS_EV_local_energy_sharing_distribution_support,"Full-text eligibility, project duplication, multi-asset role and source locators require human verification."
R001178,A comprehensive analysis of Vehicle to Grid (V2G) systems and scholarly literature on the application of such systems,2020,10.1016/j.ref.2020.10.001,https://doi.org/10.1016/j.ref.2020.10.001,https://www.sciencedirect.com/science/article/pii/S1755008420300533,QMA_demand_response_peak_management|QMA_frequency_response_regulation|QPAIR_EV_BLDG_demand_response_peak_management|QPAIR_EV_BLDG_frequency_response_regulation|QPAIR_EV_BLDG_local_energy_sharing_distribution_support,"Full-text eligibility, project duplication, multi-asset role and source locators require human verification."
R001181,Integrated energy management of a smart community with electric vehicle charging using scenario based stochastic model predictive control,2022,10.1016/j.enbuild.2022.111916,https://doi.org/10.1016/j.enbuild.2022.111916,,QMA_demand_response_peak_management,"Full-text eligibility, project duplication, multi-asset role and source locators require human verification."
R001189,Integration of Electric Vehicles in the Distribution Network: A Review of PV Based Electric Vehicle Modelling,2020,10.3390/en13174541,https://doi.org/10.3390/en13174541,https://www.mdpi.com/1996-1073/13/17/4541/pdf?version=1599029517,QMA_frequency_response_regulation|QMA_resilience_emergency_operation,"Full-text eligibility, project duplication, multi-asset role and source locators require human verification."
R001197,Electric Vehicle Virtual Power Plant Dilemma: Grid Balancing Versus Customer Mobility,2018,10.1111/poms.12876,https://doi.org/10.1111/poms.12876,https://onlinelibrary.wiley.com/doi/pdfdirect/10.1111/poms.12876,QMA_local_energy_sharing_distribution_support|QMA_renewable_energy_integration,"Full-text eligibility, project duplication, multi-asset role and source locators require human verification."
R001198,Electric Vehicle Fleet Integration in a Virtual Power Plant With Large-Scale Wind Power,2020,10.1109/tia.2020.2993529,https://doi.org/10.1109/tia.2020.2993529,,QMA_local_energy_sharing_distribution_support,"Full-text eligibility, project duplication, multi-asset role and source locators require human verification."
R001206,Coordinated Control Strategy and Validation of Vehicle-to-Grid for Frequency Control,2021,10.3390/en14092530,https://doi.org/10.3390/en14092530,https://www.mdpi.com/1996-1073/14/9/2530/pdf?version=1619760840,QMA_renewable_energy_integration|QMA_resilience_emergency_operation,"Full-text eligibility, project duplication, multi-asset role and source locators require human verification."
R001208,"Demand side management of electric vehicles in smart grids: A survey on strategies, challenges, modeling, and optimization",2022,10.1016/j.egyr.2022.09.023,https://doi.org/10.1016/j.egyr.2022.09.023,https://www.sciencedirect.com/science/article/pii/S2352484722017462/pdf,QMA_renewable_energy_integration|QPAIR_BS_EV_frequency_response_regulation|QPAIR_BS_EV_renewable_energy_integration|QPAIR_EV_BLDG_frequency_response_regulation|QPAIR_EV_BLDG_renewable_energy_integration,"Full-text eligibility, project duplication, multi-asset role and source locators require human verification."
R001210,"Charging and Discharging of Electric Vehicles in Power Systems: An Updated and Detailed Review of Methods, Control Structures, Objectives, and Optimization Methodologies",2022,10.3390/su14042137,https://doi.org/10.3390/su14042137,https://www.mdpi.com/2071-1050/14/4/2137/pdf?version=1644758136,QMA_renewable_energy_integration,"Full-text eligibility, project duplication, multi-asset role and source locators require human verification."
R001216,Power System Integration of Electric Vehicles: A Review on Impacts and Contributions to the Smart Grid,2024,10.3390/app14062246,https://doi.org/10.3390/app14062246,https://www.mdpi.com/2076-3417/14/6/2246/pdf?version=1709808212,QMA_resilience_emergency_operation,"Full-text eligibility, project duplication, multi-asset role and source locators require human verification."
R001220,Resource Efficient Vehicle-to-Grid (V2G) Communication Systems for Electric Vehicle Enabled Microgrids,2020,10.1109/tits.2020.3023899,https://doi.org/10.1109/tits.2020.3023899,https://myresearchspace.uws.ac.uk/ws/files/52988270/2020_09_08_Umoren_et_al_Resource_accepted.pdf,QMA_resilience_emergency_operation|QPAIR_BS_EV_resilience_emergency_operation,"Full-text eligibility, project duplication, multi-asset role and source locators require human verification."
R001228,A Survey on 5G Networks for the Internet of Things: Communication Technologies and Challenges,2017,10.1109/access.2017.2779844,https://doi.org/10.1109/access.2017.2779844,https://doi.org/10.1109/access.2017.2779844,QPAIR_BS_BLDG_demand_response_peak_management,"Full-text eligibility, project duplication, multi-asset role and source locators require human verification."
R001229,Field demonstration and implementation analysis of model predictive control in an office HVAC system,2022,10.1016/j.apenergy.2022.119104,https://doi.org/10.1016/j.apenergy.2022.119104,https://www.sciencedirect.com/science/article/pii/S0306261922004895/pdf,QPAIR_BS_BLDG_demand_response_peak_management|QPAIR_DC_BLDG_demand_response_peak_management,"Full-text eligibility, project duplication, multi-asset role and source locators require human verification."
R001234,White Paper on Broadband Connectivity in 6G,2020,10.48550/arxiv.2004.14247,https://e-space.mmu.ac.uk/628795/1/isbn9789526226798v.pdf,https://arxiv.org/pdf/2004.14247,QPAIR_BS_BLDG_frequency_response_regulation|QPAIR_DC_BS_frequency_response_regulation,"Full-text eligibility, project duplication, multi-asset role and source locators require human verification."
R001235,"The Role of ML, AI and 5G Technology in Smart Energy and Smart Building Management",2022,10.3390/electronics11233960,https://doi.org/10.3390/electronics11233960,https://www.mdpi.com/2079-9292/11/23/3960/pdf?version=1669857730,QPAIR_BS_BLDG_frequency_response_regulation,"Full-text eligibility, project duplication, multi-asset role and source locators require human verification."
R001238,Comprehensive Review of Building Energy Management Models: Grid-Interactive Efficient Building Perspective,2024,10.3390/en17194794,https://doi.org/10.3390/en17194794,https://www.mdpi.com/1996-1073/17/19/4794/pdf?version=1727264398,QFIELD_BLDG_frequency_response_regulation|QFIELD_BLDG_local_energy_sharing_distribution_support|QFIELD_BLDG_resilience_emergency_operation|QPAIR_BS_BLDG_frequency_response_regulation|QPAIR_BS_BLDG_renewable_energy_integration|QPR_BLDG_frequency_response_regulation|QPR_BLDG_local_energy_sharing_distribution_support|QPR_BLDG_renewable_energy_integration|QPR_BLDG_resilience_emergency_operation|QSA_BLDG_frequency_response_regulation|QSA_BLDG_local_energy_sharing_distribution_support|QSA_BLDG_renewable_energy_integration|QSA_BLDG_resilience_emergency_operation,"Full-text eligibility, project duplication, multi-asset role and source locators require human verification."
R001240,Distributed Stochastic Scheduling of Massive Backup Batteries in Cellular Networks for Operational Reserve and Frequency Support Ancillary Services,2024,10.35833/mpce.2023.000414,https://doi.org/10.35833/mpce.2023.000414,https://ieeexplore.ieee.org/ielx7/8685265/10478434/10304597.pdf,QPAIR_BS_BLDG_frequency_response_regulation,"Full-text eligibility, project duplication, multi-asset role and source locators require human verification."
R001241,Demand Response and Smart Buildings,2017,10.1145/3009972,https://doi.org/10.1145/3009972,https://www.osti.gov/servlets/purl/1493877,QPAIR_BS_BLDG_frequency_response_regulation|QPAIR_BS_BLDG_renewable_energy_integration,"Full-text eligibility, project duplication, multi-asset role and source locators require human verification."
R001245,A comprehensive review of Building Energy Management Systems (BEMS) for Improved Efficiency,2024,10.30574/wjarr.2024.21.3.0746,https://doi.org/10.30574/wjarr.2024.21.3.0746,https://wjarr.com/sites/default/files/WJARR-2024-0746.pdf,QPAIR_BS_BLDG_local_energy_sharing_distribution_support,"Full-text eligibility, project duplication, multi-asset role and source locators require human verification."
R001247,"Virtual Power Plant Operational Strategies: Models, Markets, Optimization, Challenges, and Opportunities",2022,10.3390/su141912486,https://doi.org/10.3390/su141912486,https://www.mdpi.com/2071-1050/14/19/12486/pdf?version=1665309317,QPAIR_BS_BLDG_local_energy_sharing_distribution_support,"Full-text eligibility, project duplication, multi-asset role and source locators require human verification."
R001250,Virtual power plant for energy management: Science mapping approach,2023,10.1016/j.heliyon.2023.e19962,https://doi.org/10.1016/j.heliyon.2023.e19962,https://doi.org/10.1016/j.heliyon.2023.e19962,QPAIR_BS_BLDG_local_energy_sharing_distribution_support,"Full-text eligibility, project duplication, multi-asset role and source locators require human verification."
R001254,A Fuzzy-Based Building Energy Management System for Energy Efficiency,2018,10.3390/buildings8020014,https://doi.org/10.3390/buildings8020014,https://www.mdpi.com/2075-5309/8/2/14/pdf?version=1516863320,QPAIR_BS_BLDG_renewable_energy_integration,"Full-text eligibility, project duplication, multi-asset role and source locators require human verification."
R001255,The Role of 6G Technologies in Advancing Smart City Applications: Opportunities and Challenges,2024,10.3390/su16167039,https://doi.org/10.3390/su16167039,https://www.mdpi.com/2071-1050/16/16/7039/pdf?version=1723805357,QPAIR_BS_BLDG_renewable_energy_integration|QPAIR_DC_BS_renewable_energy_integration,"Full-text eligibility, project duplication, multi-asset role and source locators require human verification."
R001257,Data Aggregation in Massive Machine Type Communication: Challenges and Solutions,2019,10.1109/access.2019.2906880,https://doi.org/10.1109/access.2019.2906880,https://ieeexplore.ieee.org/ielx7/6287639/8600701/08678907.pdf,QPAIR_BS_BLDG_renewable_energy_integration|QPAIR_DC_BS_renewable_energy_integration,"Full-text eligibility, project duplication, multi-asset role and source locators require human verification."
R001259,Key Factors Affecting Smart Building Integration into Smart City: Technological Aspects,2023,10.3390/smartcities6040085,https://doi.org/10.3390/smartcities6040085,https://www.mdpi.com/2624-6511/6/4/85/pdf?version=1690786093,QPAIR_BS_BLDG_renewable_energy_integration,"Full-text eligibility, project duplication, multi-asset role and source locators require human verification."
R001260,Overview of the Optimal Smart Energy Coordination for Microgrid Applications,2019,10.1109/access.2019.2951459,https://doi.org/10.1109/access.2019.2951459,https://ieeexplore.ieee.org/ielx7/6287639/8600701/08890855.pdf,QPAIR_BS_BLDG_renewable_energy_integration|QPAIR_DC_BLDG_local_energy_sharing_distribution_support|QPAIR_DC_BLDG_renewable_energy_integration|QPAIR_DC_BLDG_resilience_emergency_operation|QPAIR_DC_BS_local_energy_sharing_distribution_support,"Full-text eligibility, project duplication, multi-asset role and source locators require human verification."
R001261,"CityLearn v2: energy-flexible, resilient, occupant-centric, and carbon-aware management of grid-interactive communities",2024,10.1080/19401493.2024.2418813,https://doi.org/10.1080/19401493.2024.2418813,https://arxiv.org/pdf/2405.03848,QPAIR_BS_BLDG_renewable_energy_integration,"Full-text eligibility, project duplication, multi-asset role and source locators require human verification."
R001271,"IoT—A Promising Solution to Energy Management in Smart Buildings: A Systematic Review, Applications, Barriers, and Future Scope",2024,10.3390/buildings14113446,https://doi.org/10.3390/buildings14113446,https://www.mdpi.com/2075-5309/14/11/3446/pdf?version=1730272628,QPAIR_BS_BLDG_resilience_emergency_operation|QPAIR_DC_BLDG_local_energy_sharing_distribution_support|QPAIR_DC_BLDG_resilience_emergency_operation,"Full-text eligibility, project duplication, multi-asset role and source locators require human verification."
R001277,A Review on Communication Standards and Charging Topologies of V2G and V2H Operation Strategies,2019,10.3390/en12193748,https://doi.org/10.3390/en12193748,https://www.mdpi.com/1996-1073/12/19/3748/pdf?version=1570533172,QPAIR_BS_EV_demand_response_peak_management|QPAIR_BS_EV_frequency_response_regulation|QPAIR_BS_EV_local_energy_sharing_distribution_support,"Full-text eligibility, project duplication, multi-asset role and source locators require human verification."
R001279,Inductive Wireless Power Transfer Charging for Electric Vehicles–A Review,2021,10.1109/access.2021.3116678,https://doi.org/10.1109/access.2021.3116678,https://ieeexplore.ieee.org/ielx7/6287639/6514899/09552904.pdf,QPAIR_BS_EV_demand_response_peak_management|QPAIR_BS_EV_local_energy_sharing_distribution_support|QPAIR_BS_EV_resilience_emergency_operation,"Full-text eligibility, project duplication, multi-asset role and source locators require human verification."
R001280,"Review of Electric Vehicle Charging Technologies, Standards, Architectures, and Converter Configurations",2023,10.1109/access.2023.3267164,https://doi.org/10.1109/access.2023.3267164,https://ieeexplore.ieee.org/ielx7/6287639/6514899/10102467.pdf,QPAIR_BS_EV_demand_response_peak_management|QPAIR_BS_EV_frequency_response_regulation|QPAIR_BS_EV_local_energy_sharing_distribution_support|QPAIR_BS_EV_resilience_emergency_operation|QPAIR_DC_EV_demand_response_peak_management|QPAIR_DC_EV_frequency_response_regulation|QPAIR_DC_EV_local_energy_sharing_distribution_support|QPAIR_DC_EV_resilience_emergency_operation|QPR_DC_frequency_response_regulation,"Full-text eligibility, project duplication, multi-asset role and source locators require human verification."
R001281,Distributed Noncooperative MPC for Energy Scheduling of Charging and Trading Electric Vehicles in Energy Communities,2023,10.1109/tcst.2023.3291549,https://doi.org/10.1109/tcst.2023.3291549,https://ieeexplore.ieee.org/ielx7/87/4389040/10184502.pdf,QPAIR_BS_EV_demand_response_peak_management|QPAIR_BS_EV_frequency_response_regulation|QPAIR_BS_EV_resilience_emergency_operation,"Full-text eligibility, project duplication, multi-asset role and source locators require human verification."
R001306,Impact of electric vehicles on smart grid and future predictions: a survey,2022,10.1080/02286203.2022.2148180,https://doi.org/10.1080/02286203.2022.2148180,https://repository.up.ac.za/bitstream/2263/95396/1/Ismail_Impact_2023.pdf,QPAIR_BS_EV_renewable_energy_integration,"Full-text eligibility, project duplication, multi-asset role and source locators require human verification."
R001307,Cybersecurity of Smart Electric Vehicle Charging: A Power Grid Perspective,2020,10.1109/access.2020.3041074,https://doi.org/10.1109/access.2020.3041074,https://ieeexplore.ieee.org/ielx7/6287639/6514899/09272723.pdf,QPAIR_BS_EV_renewable_energy_integration|QPAIR_EV_BLDG_resilience_emergency_operation,"Full-text eligibility, project duplication, multi-asset role and source locators require human verification."
R001308,A Comprehensive Data Analysis of Electric Vehicle User Behaviors Toward Unlocking Vehicle-to-Grid Potential,2023,10.1109/access.2023.3240102,https://doi.org/10.1109/access.2023.3240102,https://ieeexplore.ieee.org/ielx7/6287639/10005208/10026264.pdf,QPAIR_BS_EV_renewable_energy_integration|QPAIR_DC_EV_renewable_energy_integration,"Full-text eligibility, project duplication, multi-asset role and source locators require human verification."
R001309,Impact of plug-in electric vehicles on grid integration with distributed energy resources: A review,2023,10.3389/fenrg.2022.1099890,https://doi.org/10.3389/fenrg.2022.1099890,https://www.frontiersin.org/articles/10.3389/fenrg.2022.1099890/pdf,QPAIR_BS_EV_renewable_energy_integration,"Full-text eligibility, project duplication, multi-asset role and source locators require human verification."
R001310,Beyond the State of the Art of Electric Vehicles: A Fact-Based Paper of the Current and Prospective Electric Vehicle Technologies,2021,10.3390/wevj12010020,https://doi.org/10.3390/wevj12010020,https://www.mdpi.com/2032-6653/12/1/20/pdf?version=1612402843,QPAIR_BS_EV_renewable_energy_integration,"Full-text eligibility, project duplication, multi-asset role and source locators require human verification."
R001311,On the Mobile Communication Requirements for the Demand-Side Management of Electric Vehicles,2018,10.3390/en11051220,https://doi.org/10.3390/en11051220,https://www.mdpi.com/1996-1073/11/5/1220/pdf?version=1526448530,QPAIR_BS_EV_renewable_energy_integration,"Full-text eligibility, project duplication, multi-asset role and source locators require human verification."
R001326,Building Energy Management With Reinforcement Learning and Model Predictive Control: A Survey,2022,10.1109/access.2022.3156581,https://doi.org/10.1109/access.2022.3156581,https://ieeexplore.ieee.org/ielx7/6287639/9668973/09727169.pdf,QPAIR_DC_BLDG_demand_response_peak_management|QPAIR_DC_BLDG_local_energy_sharing_distribution_support|QPAIR_DC_BLDG_renewable_energy_integration|QPAIR_DC_EV_renewable_energy_integration|QPAIR_EV_BLDG_renewable_energy_integration,"Full-text eligibility, project duplication, multi-asset role and source locators require human verification."
R001327,"Distributed model predictive control for coordinated, grid-interactive buildings",2022,10.1016/j.apenergy.2022.118612,https://doi.org/10.1016/j.apenergy.2022.118612,https://www.sciencedirect.com/science/article/pii/S0306261922000861/pdf,QPAIR_DC_BLDG_demand_response_peak_management|QPAIR_DC_BLDG_frequency_response_regulation|QPAIR_DC_BLDG_local_energy_sharing_distribution_support,"Full-text eligibility, project duplication, multi-asset role and source locators require human verification."
R001328,Reinforcement learning for whole-building HVAC control and demand response,2020,10.1016/j.egyai.2020.100020,https://doi.org/10.1016/j.egyai.2020.100020,https://www.sciencedirect.com/science/article/pii/S2666546820300203/pdf,QPAIR_DC_BLDG_demand_response_peak_management,"Full-text eligibility, project duplication, multi-asset role and source locators require human verification."
R001336,Review and Evaluation of Reinforcement Learning Frameworks on Smart Grid Applications,2023,10.3390/en16145326,https://doi.org/10.3390/en16145326,https://www.mdpi.com/1996-1073/16/14/5326/pdf?version=1689153776,QPAIR_DC_BLDG_frequency_response_regulation,"Full-text eligibility, project duplication, multi-asset role and source locators require human verification."
R001337,Proactive Demand Participation of Smart Buildings in Smart Grid,2015,10.1109/tc.2015.2495244,https://doi.org/10.1109/tc.2015.2495244,https://escholarship.org/content/qt1cp1m4nx/qt1cp1m4nx.pdf?t=opue3e,QPAIR_DC_BLDG_frequency_response_regulation|QPAIR_DC_BLDG_renewable_energy_integration,"Full-text eligibility, project duplication, multi-asset role and source locators require human verification."
R001339,Commercial building HVAC demand flexibility with model predictive control: Field demonstration and literature insights,2025,10.1016/j.enbuild.2025.116097,https://doi.org/10.1016/j.enbuild.2025.116097,https://doi.org/10.1016/j.enbuild.2025.116097,QPAIR_DC_BLDG_frequency_response_regulation,"Full-text eligibility, project duplication, multi-asset role and source locators require human verification."
R001340,A Novel Thermal Energy Storage System in Smart Building Based on Phase Change Material,2018,10.1109/tsg.2018.2812160,https://doi.org/10.1109/tsg.2018.2812160,https://vbn.aau.dk/ws/files/306348423/A_Novel_Thermal_Energy_Storage_System_in_Smart_Building_Based_on_Phase_Change_Material.pdf,QPAIR_DC_BLDG_frequency_response_regulation,"Full-text eligibility, project duplication, multi-asset role and source locators require human verification."
R001344,Intelligent energy management based on SCADA system in a real Microgrid for smart building applications,2021,10.1016/j.renene.2021.03.008,https://doi.org/10.1016/j.renene.2021.03.008,https://www.sciencedirect.com/science/article/pii/S0960148121003566/pdf,QPAIR_DC_BLDG_local_energy_sharing_distribution_support|QPAIR_DC_BLDG_resilience_emergency_operation|QSA_BLDG_local_energy_sharing_distribution_support|QSA_BLDG_resilience_emergency_operation,"Full-text eligibility, project duplication, multi-asset role and source locators require human verification."
R001348,Next-Generation Shipboard DC Power System: Introduction Smart Grid and dc Microgrid Technologies into Maritime Electrical Netowrks,2016,10.1109/mele.2016.2544203,https://doi.org/10.1109/mele.2016.2544203,https://arts.units.it/bitstream/11368/2886512/4/2886512_07480937xplore-PostPrint.pdf,QPAIR_DC_BLDG_local_energy_sharing_distribution_support,"Full-text eligibility, project duplication, multi-asset role and source locators require human verification."
R001355,Data-Driven Technologies for Energy Optimization in Smart Buildings: A Scoping Review,2025,10.3390/en18020290,https://doi.org/10.3390/en18020290,https://www.mdpi.com/1996-1073/18/2/290/pdf?version=1736516217,QPAIR_DC_BLDG_renewable_energy_integration|QPAIR_DC_BLDG_resilience_emergency_operation,"Full-text eligibility, project duplication, multi-asset role and source locators require human verification."
R001357,Enhancing Energy Efficiency and Building Performance through BEMS-BIM Integration,2023,10.3390/en16176327,https://doi.org/10.3390/en16176327,https://www.mdpi.com/1996-1073/16/17/6327/pdf?version=1693475837,QPAIR_DC_BLDG_renewable_energy_integration,"Full-text eligibility, project duplication, multi-asset role and source locators require human verification."
R001359,Assessment of Carbon-Aware Flexibility Measures From Data Centres Using Machine Learning,2022,10.1109/tia.2022.3213637,https://doi.org/10.1109/tia.2022.3213637,https://ieeexplore.ieee.org/ielx7/28/10021929/09916120.pdf,QPAIR_DC_BLDG_renewable_energy_integration,"Full-text eligibility, project duplication, multi-asset role and source locators require human verification."
R001363,Implementation of predictive control in a commercial building energy management system using neural networks,2017,10.1016/j.enbuild.2017.06.027,https://doi.org/10.1016/j.enbuild.2017.06.027,https://www.sciencedirect.com/science/article/pii/S0378778817300907,QPAIR_DC_BLDG_resilience_emergency_operation|QSA_BLDG_resilience_emergency_operation,"Full-text eligibility, project duplication, multi-asset role and source locators require human verification."
R001368,Enhancing energy management in grid-interactive buildings: A comparison among cooperative and coordinated architectures,2022,10.1016/j.apenergy.2021.118497,https://doi.org/10.1016/j.apenergy.2021.118497,https://www.sciencedirect.com/science/article/pii/S0306261921017128/pdf,QPAIR_DC_BLDG_resilience_emergency_operation,"Full-text eligibility, project duplication, multi-asset role and source locators require human verification."
R001395,Integrating Artificial Intelligence Internet of Things and 5G for Next-Generation Smartgrid: A Survey of Trends Challenges and Prospect,2022,10.1109/access.2022.3140595,https://doi.org/10.1109/access.2022.3140595,https://ieeexplore.ieee.org/ielx7/6287639/9668973/09672084.pdf,QPAIR_DC_BS_local_energy_sharing_distribution_support,"Full-text eligibility, project duplication, multi-asset role and source locators require human verification."
R001400,Optimal Energy Trading With Demand Responses in Cloud Computing Enabled Virtual Power Plant in Smart Grids,2021,10.1109/tcc.2021.3118563,https://doi.org/10.1109/tcc.2021.3118563,https://ieeexplore.ieee.org/ielx7/6245519/9729899/09563207.pdf,QPAIR_DC_BS_local_energy_sharing_distribution_support,"Full-text eligibility, project duplication, multi-asset role and source locators require human verification."
R001409,Energy Efficient Throughput Aware Traffic Load Balancing in Green Cellular Networks,2021,10.1109/access.2021.3091499,https://doi.org/10.1109/access.2021.3091499,https://ieeexplore.ieee.org/ielx7/6287639/9312710/09462078.pdf,QPAIR_DC_BS_renewable_energy_integration,"Full-text eligibility, project duplication, multi-asset role and source locators require human verification."
R001418,A Survey on Beyond 5G Network With the Advent of 6G: Architecture and Emerging Technologies,2020,10.1109/access.2020.3031234,https://doi.org/10.1109/access.2020.3031234,https://ieeexplore.ieee.org/ielx7/6287639/9312710/09224777.pdf,QPAIR_DC_BS_resilience_emergency_operation,"Full-text eligibility, project duplication, multi-asset role and source locators require human verification."
R001421,Empowering the 6G Cellular Architecture With Open RAN,2023,10.1109/jsac.2023.3334610,https://doi.org/10.1109/jsac.2023.3334610,https://arxiv.org/pdf/2312.02746,QPAIR_DC_BS_resilience_emergency_operation,"Full-text eligibility, project duplication, multi-asset role and source locators require human verification."
R001427,"V2B/V2G on Energy Cost and Battery Degradation under Different Driving Scenarios, Peak Shaving, and Frequency Regulations",2020,10.3390/wevj11010014,https://doi.org/10.3390/wevj11010014,https://www.mdpi.com/2032-6653/11/1/14/pdf?version=1585219753,QFIELD_EV_demand_response_peak_management|QFIELD_EV_frequency_response_regulation|QPAIR_DC_EV_demand_response_peak_management|QPAIR_DC_EV_frequency_response_regulation|QPR_EV_demand_response_peak_management|QSA_EV_demand_response_peak_management,"Full-text eligibility, project duplication, multi-asset role and source locators require human verification."
R001431,Flexibility of electric vehicles and space heating in net zero energy houses: an optimal control model with thermal dynamics and battery degradation,2017,10.1016/j.apenergy.2017.01.005,https://doi.org/10.1016/j.apenergy.2017.01.005,https://research.aalto.fi/files/10759349/salpakari_et_al_post_print.pdf,QPAIR_DC_EV_demand_response_peak_management|QPAIR_DC_EV_frequency_response_regulation|QPAIR_DC_EV_renewable_energy_integration|QPAIR_DC_EV_resilience_emergency_operation|QPAIR_EV_BLDG_resilience_emergency_operation,"Full-text eligibility, project duplication, multi-asset role and source locators require human verification."
R001439,"DC-DC Converter Topologies for Electric Vehicles, Plug-in Hybrid Electric Vehicles and Fast Charging Stations: State of the Art and Future Trends",2019,10.3390/en12081569,https://doi.org/10.3390/en12081569,https://www.mdpi.com/1996-1073/12/8/1569/pdf?version=1556183598,QPAIR_DC_EV_frequency_response_regulation,"Full-text eligibility, project duplication, multi-asset role and source locators require human verification."
R001449,AEBIS: AI-Enabled Blockchain-Based Electric Vehicle Integration System for Power Management in Smart Grid Platform,2020,10.1109/access.2020.3044612,https://doi.org/10.1109/access.2020.3044612,https://ieeexplore.ieee.org/ielx7/6287639/6514899/09293294.pdf,QPAIR_DC_EV_local_energy_sharing_distribution_support,"Full-text eligibility, project duplication, multi-asset role and source locators require human verification."
R001450,Optimal Sizing and Energy Management of Microgrids with Vehicle-to-Grid Technology: A Critical Review and Future Trends,2021,10.3390/en14144166,https://doi.org/10.3390/en14144166,https://www.mdpi.com/1996-1073/14/14/4166/pdf?version=1626072239,QPAIR_DC_EV_local_energy_sharing_distribution_support|QPAIR_DC_EV_resilience_emergency_operation,"Full-text eligibility, project duplication, multi-asset role and source locators require human verification."
R001460,A Dynamic Optimal Scheduling Strategy for Multi-Charging Scenarios of Plug-in-Electric Vehicles Over a Smart Grid,2023,10.1109/access.2023.3258859,https://doi.org/10.1109/access.2023.3258859,https://ieeexplore.ieee.org/ielx7/6287639/6514899/10075617.pdf,QPAIR_DC_EV_renewable_energy_integration,"Full-text eligibility, project duplication, multi-asset role and source locators require human verification."
R001461,A Review of Current Research Trends in Power-Electronic Innovations in Cyber–Physical Systems,2021,10.1109/jestpe.2021.3051876,https://doi.org/10.1109/jestpe.2021.3051876,https://vbn.aau.dk/ws/files/475866332/A_Review_of_Current_Research_Trends_in_Power_Electronic_Innovations_in_Cyber_Physical_Systems.pdf,QPAIR_DC_EV_renewable_energy_integration,"Full-text eligibility, project duplication, multi-asset role and source locators require human verification."
R001465,Power System Resilience: The Role of Electric Vehicles and Social Disparities in Mitigating the US Power Outages,2024,10.1007/s40866-024-00204-6,https://doi.org/10.1007/s40866-024-00204-6,https://link.springer.com/content/pdf/10.1007/s40866-024-00204-6.pdf,QPAIR_DC_EV_resilience_emergency_operation,"Full-text eligibility, project duplication, multi-asset role and source locators require human verification."
R001471,Grid Integration of Electric Vehicles for Economic Benefits: A Review,2021,10.35833/mpce.2019.000326,https://doi.org/10.35833/mpce.2019.000326,https://ieeexplore.ieee.org/ielx7/8685265/9334117/09195102.pdf,QPAIR_DC_EV_resilience_emergency_operation,"Full-text eligibility, project duplication, multi-asset role and source locators require human verification."
R001475,An interval-based nested optimization framework for deriving flexibility from smart buildings and electric vehicle fleets in the TSO-DSO coordination,2023,10.1016/j.apenergy.2023.121062,https://doi.org/10.1016/j.apenergy.2023.121062,,QPAIR_EV_BLDG_demand_response_peak_management,"Full-text eligibility, project duplication, multi-asset role and source locators require human verification."
R001478,On-Line Building Energy Optimization Using Deep Reinforcement Learning,2018,10.1109/tsg.2018.2834219,https://doi.org/10.1109/tsg.2018.2834219,https://pure.tue.nl/ws/files/135618891/1707.05878.pdf,QPAIR_EV_BLDG_demand_response_peak_management|QPAIR_EV_BLDG_local_energy_sharing_distribution_support|QPAIR_EV_BLDG_renewable_energy_integration|QSA_BLDG_renewable_energy_integration,"Full-text eligibility, project duplication, multi-asset role and source locators require human verification."
R001480,Connected electric vehicles for flexible vehicle-to-grid (V2G) services,2017,10.1109/icoin.2017.7899469,https://doi.org/10.1109/icoin.2017.7899469,,QPAIR_EV_BLDG_demand_response_peak_management,"Full-text eligibility, project duplication, multi-asset role and source locators require human verification."
R001486,"Coordinated Operation of a Neighborhood of Smart Households Comprising Electric Vehicles, Energy Storage and Distributed Generation",2016,10.1109/tsg.2015.2512501,https://doi.org/10.1109/tsg.2015.2512501,https://pure.tue.nl/ws/files/40393625/07377098.pdf,QPAIR_EV_BLDG_frequency_response_regulation|QPAIR_EV_BLDG_local_energy_sharing_distribution_support|QPAIR_EV_BLDG_renewable_energy_integration|QPAIR_EV_BLDG_resilience_emergency_operation,"Full-text eligibility, project duplication, multi-asset role and source locators require human verification."
R001489,"Delivering Energy from PEV batteries: V2G, V2B and V2H approaches",2017,10.24084/repqj13.247,https://doi.org/10.24084/repqj13.247,https://doi.org/10.24084/repqj13.247,QPAIR_EV_BLDG_frequency_response_regulation|QPAIR_EV_BLDG_resilience_emergency_operation,"Full-text eligibility, project duplication, multi-asset role and source locators require human verification."
R001506,Electric Vehicle Charge–Discharge Management for Utilization of Photovoltaic by Coordination Between Home and Grid Energy Management Systems,2018,10.1109/tsg.2018.2820026,https://doi.org/10.1109/tsg.2018.2820026,https://ieeexplore.ieee.org/ielx7/5165411/8694132/08326541.pdf,QPAIR_EV_BLDG_renewable_energy_integration,"Full-text eligibility, project duplication, multi-asset role and source locators require human verification."
R001529,Automated Demand Response for Smart Buildings and Microgrids: The State of the Practice and Research Challenges,2016,10.1109/jproc.2016.2520639,https://doi.org/10.1109/jproc.2016.2520639,,QPR_BLDG_demand_response_peak_management|QPR_BLDG_local_energy_sharing_distribution_support|QSA_BLDG_demand_response_peak_management|QSA_BLDG_local_energy_sharing_distribution_support,"Full-text eligibility, project duplication, multi-asset role and source locators require human verification."
R001578,UAV Communications for 5G and Beyond: Recent Advances and Future Trends,2018,10.1109/jiot.2018.2887086,https://doi.org/10.1109/jiot.2018.2887086,https://arxiv.org/pdf/1901.06637,QPR_BS_demand_response_peak_management|QSA_BS_demand_response_peak_management,"Full-text eligibility, project duplication, multi-asset role and source locators require human verification."
R001609,From 5G to 6G Networks: A Survey on AI-Based Jamming and Interference Detection and Mitigation,2024,10.1109/ojcoms.2024.3416808,https://doi.org/10.1109/ojcoms.2024.3416808,https://doi.org/10.1109/ojcoms.2024.3416808,QPR_BS_renewable_energy_integration,"Full-text eligibility, project duplication, multi-asset role and source locators require human verification."
R001621,A Survey of the Functional Splits Proposed for 5G Mobile Crosshaul Networks,2018,10.1109/comst.2018.2868805,https://doi.org/10.1109/comst.2018.2868805,https://ieeexplore.ieee.org/ielx7/9739/8649699/08479363.pdf,QPR_BS_resilience_emergency_operation,"Full-text eligibility, project duplication, multi-asset role and source locators require human verification."
R001650,Intelligent Manufacturing in the Context of Industry 4.0: A Review,2017,10.1016/j.eng.2017.05.015,https://doi.org/10.1016/j.eng.2017.05.015,https://www.sciencedirect.com/science/article/pii/S2095809917307130/pdf,QPR_DC_local_energy_sharing_distribution_support|QPR_DC_resilience_emergency_operation,"Full-text eligibility, project duplication, multi-asset role and source locators require human verification."
R001668,A survey of high-performance computing scaling challenges,2015,10.1177/1094342015597083,https://doi.org/10.1177/1094342015597083,,QPR_DC_resilience_emergency_operation,"Full-text eligibility, project duplication, multi-asset role and source locators require human verification."
R001680,Active integration of electric vehicles into distribution grids: Barriers and frameworks for flexibility services,2021,10.1016/j.rser.2021.111060,https://doi.org/10.1016/j.rser.2021.111060,https://hal.science/hal-03415647,QPR_EV_demand_response_peak_management|QPR_EV_local_energy_sharing_distribution_support|QSA_EV_demand_response_peak_management|QSA_EV_local_energy_sharing_distribution_support,"Full-text eligibility, project duplication, multi-asset role and source locators require human verification."
R001681,A review on barrier and challenges of electric vehicle in India and vehicle to grid optimisation,2021,10.1016/j.treng.2021.100057,https://doi.org/10.1016/j.treng.2021.100057,https://www.sciencedirect.com/science/article/pii/S2666691X21000130/pdf,QPR_EV_demand_response_peak_management|QPR_EV_local_energy_sharing_distribution_support,"Full-text eligibility, project duplication, multi-asset role and source locators require human verification."
R001684,Integration of electric vehicles in smart grid: A review on vehicle to grid technologies and optimization techniques,2015,10.1016/j.rser.2015.09.012,https://doi.org/10.1016/j.rser.2015.09.012,,QPR_EV_frequency_response_regulation|QSA_EV_frequency_response_regulation,"Full-text eligibility, project duplication, multi-asset role and source locators require human verification."
R001688,Smart Charging for Electric Vehicles: A Survey From the Algorithmic Perspective,2016,10.1109/comst.2016.2518628,https://doi.org/10.1109/comst.2016.2518628,,QPR_EV_frequency_response_regulation,"Full-text eligibility, project duplication, multi-asset role and source locators require human verification."
R001697,"Electric vehicles integration and vehicle-to-grid operation in active distribution grids: A comprehensive review on power architectures, grid connection standards and typical applications",2022,10.1016/j.rser.2022.112812,https://doi.org/10.1016/j.rser.2022.112812,,QPR_EV_local_energy_sharing_distribution_support|QSA_EV_local_energy_sharing_distribution_support,"Full-text eligibility, project duplication, multi-asset role and source locators require human verification."
R001720,Overview of batteries and battery management for electric vehicles,2022,10.1016/j.egyr.2022.03.016,https://doi.org/10.1016/j.egyr.2022.03.016,https://doi.org/10.1016/j.egyr.2022.03.016,QPR_EV_resilience_emergency_operation,"Full-text eligibility, project duplication, multi-asset role and source locators require human verification."
R001721,Optimal location of electric vehicle charging station and its impact on distribution network: A review,2022,10.1016/j.egyr.2022.01.180,https://doi.org/10.1016/j.egyr.2022.01.180,https://www.sciencedirect.com/science/article/pii/S2352484722001809/pdf,QPR_EV_resilience_emergency_operation,"Full-text eligibility, project duplication, multi-asset role and source locators require human verification."
R001730,A Framework for Incorporating Demand Response of Smart Buildings Into the Integrated Heat and Electricity Energy System,2017,10.1109/tie.2017.2784393,https://doi.org/10.1109/tie.2017.2784393,,QSA_BLDG_demand_response_peak_management,"Full-text eligibility, project duplication, multi-asset role and source locators require human verification."
R001739,Using a Transactive Energy Framework: Providing Grid Services from Smart Buildings,2016,10.1109/mele.2016.2614181,https://doi.org/10.1109/mele.2016.2614181,,QSA_BLDG_frequency_response_regulation,"Full-text eligibility, project duplication, multi-asset role and source locators require human verification."
R001801,Reinforcement Learning for Slicing in a 5G Flexible RAN,2019,10.1109/jlt.2019.2924345,https://doi.org/10.1109/jlt.2019.2924345,https://research.chalmers.se/publication/512936/file/512936_Fulltext.pdf,QSA_BS_local_energy_sharing_distribution_support,"Full-text eligibility, project duplication, multi-asset role and source locators require human verification."
R001802,Aerial Base Station Deployment in 6G Cellular Networks Using Tethered Drones: The Mobility and Endurance Tradeoff,2020,10.1109/mvt.2020.3017885,https://doi.org/10.1109/mvt.2020.3017885,,QSA_BS_renewable_energy_integration,"Full-text eligibility, project duplication, multi-asset role and source locators require human verification."
R001807,Component and parameterised power model for cloud radio access network,2016,10.1049/iet-com.2015.0752,https://doi.org/10.1049/iet-com.2015.0752,,QSA_BS_renewable_energy_integration,"Full-text eligibility, project duplication, multi-asset role and source locators require human verification."
R001808,RETRACTED: Artificial intelligence‐based novel scheme for location area planning in cellular networks,2020,10.1111/coin.12371,https://doi.org/10.1111/coin.12371,,QSA_BS_renewable_energy_integration,"Full-text eligibility, project duplication, multi-asset role and source locators require human verification."
R001815,Efficient 3-D placement of an aerial base station in next generation cellular networks,2016,10.1109/icc.2016.7510820,https://doi.org/10.1109/icc.2016.7510820,,QSA_BS_resilience_emergency_operation,"Full-text eligibility, project duplication, multi-asset role and source locators require human verification."
R001827,A New Frontier of Printed Electronics: Flexible Hybrid Electronics,2019,10.1002/adma.201905279,https://doi.org/10.1002/adma.201905279,,QSA_DC_demand_response_peak_management,"Full-text eligibility, project duplication, multi-asset role and source locators require human verification."
R001849,Distributed Real-Time Energy Management in Data Center Microgrids,2016,10.1109/tsg.2016.2640453,https://doi.org/10.1109/tsg.2016.2640453,,QSA_DC_local_energy_sharing_distribution_support,"Full-text eligibility, project duplication, multi-asset role and source locators require human verification."
R001853,Mitigating Curtailment and Carbon Emissions through Load Migration between Data Centers,2020,10.1016/j.joule.2020.08.001,https://doi.org/10.1016/j.joule.2020.08.001,https://www.sciencedirect.com/science/article/am/pii/S2542435120303470?via%3Dihub,QSA_DC_renewable_energy_integration,"Full-text eligibility, project duplication, multi-asset role and source locators require human verification."
R001854,Carbon-Aware Electricity Cost Minimization for Sustainable Data Centers,2017,10.1109/tsusc.2017.2711925,https://doi.org/10.1109/tsusc.2017.2711925,,QSA_DC_renewable_energy_integration,"Full-text eligibility, project duplication, multi-asset role and source locators require human verification."
R001858,Application of robust optimized spatiotemporal load management of data centers for renewable curtailment mitigation,2024,10.1016/j.rser.2024.114793,https://doi.org/10.1016/j.rser.2024.114793,,QSA_DC_renewable_energy_integration,"Full-text eligibility, project duplication, multi-asset role and source locators require human verification."
R001867,A Software Defined Fog Node Based Distributed Blockchain Cloud Architecture for IoT,2017,10.1109/access.2017.2757955,https://doi.org/10.1109/access.2017.2757955,https://doi.org/10.1109/access.2017.2757955,QSA_DC_resilience_emergency_operation,"Full-text eligibility, project duplication, multi-asset role and source locators require human verification."
R001869,Data centre water consumption,2021,10.1038/s41545-021-00101-w,https://doi.org/10.1038/s41545-021-00101-w,https://www.nature.com/articles/s41545-021-00101-w.pdf,QSA_DC_resilience_emergency_operation,"Full-text eligibility, project duplication, multi-asset role and source locators require human verification."
R001871,Opportunities for Nonvolatile Memory Systems in Extreme-Scale High-Performance Computing,2015,10.1109/mcse.2015.4,https://doi.org/10.1109/mcse.2015.4,https://www.osti.gov/biblio/1331077,QSA_DC_resilience_emergency_operation,"Full-text eligibility, project duplication, multi-asset role and source locators require human verification."
R001878,A cost-benefit analysis of V2G electric vehicles supporting peak shaving in Shanghai,2019,10.1016/j.epsr.2019.106058,https://doi.org/10.1016/j.epsr.2019.106058,,QSA_EV_demand_response_peak_management,"Full-text eligibility, project duplication, multi-asset role and source locators require human verification."
R001889,Evaluation of Achievable Vehicle-to-Grid Capacity Using Aggregate PEV Model,2016,10.1109/tpwrs.2016.2561296,https://doi.org/10.1109/tpwrs.2016.2561296,,QSA_EV_frequency_response_regulation,"Full-text eligibility, project duplication, multi-asset role and source locators require human verification."
R001891,Electric Vehicle into the Grid: Charging Methodologies Aimed at Providing Ancillary Services Considering Battery Degradation,2019,10.3390/en12122443,https://doi.org/10.3390/en12122443,https://doi.org/10.3390/en12122443,QSA_EV_frequency_response_regulation,"Full-text eligibility, project duplication, multi-asset role and source locators require human verification."
R001906,"Smart Grid, V2G and Renewable Integration",2020,10.1007/978-981-15-9251-5_10,https://doi.org/10.1007/978-981-15-9251-5_10,,QSA_EV_renewable_energy_integration,"Full-text eligibility, project duplication, multi-asset role and source locators require human verification."
R001911,Reduced grid operating costs and renewable energy curtailment with electric vehicle charge management,2019,10.1016/j.enpol.2019.111051,https://doi.org/10.1016/j.enpol.2019.111051,https://doi.org/10.1016/j.enpol.2019.111051,QSA_EV_renewable_energy_integration,"Full-text eligibility, project duplication, multi-asset role and source locators require human verification."
R001914,Plug-In Electric Vehicle to Home (V2H) Operation Under a Grid Outage,2016,10.1109/tsg.2016.2603502,https://doi.org/10.1109/tsg.2016.2603502,,QFIELD_EV_resilience_emergency_operation|QPR_EV_resilience_emergency_operation|QSA_EV_resilience_emergency_operation,"Full-text eligibility, project duplication, multi-asset role and source locators require human verification."
R001916,Operation Modes for the Electric Vehicle in Smart Grids and Smart Homes: Present and Proposed Modes,2015,10.1109/tvt.2015.2481005,https://doi.org/10.1109/tvt.2015.2481005,http://hdl.handle.net/1822/41771,QSA_EV_resilience_emergency_operation,"Full-text eligibility, project duplication, multi-asset role and source locators require human verification."
