search_run_id,query_id,query_family,source_database,exact_query,request_url_redacted,searched_at_utc,date_start,date_end,filters,sort_order,page_or_cursor,returned_count,total_count,execution_limit,capped_or_truncated,http_status,retry_count,raw_response_path,raw_response_sha256,software_version_or_commit,notes
RUN_20260831_EVIDENCE_MAP_01,QREPO_SEEDS,repository_seeds,repository,Inventory all pre-existing repository PDF/DOCX source files,not_applicable,2026-08-31T14:29:37Z,2015-01-01,2026-08-31,repository presence is not inclusion,repository_path ascending,not_applicable,21,21,21,no,not_applicable,0,not_applicable,not_applicable,0.1.0,Local immutable source inventory.
RUN_20260831_EVIDENCE_MAP_01,QFIELD_BLDG_demand_response_peak_management,field_and_operational_evidence,crossref,"(""smart building"" OR ""active building"" OR ""grid-interactive building"" OR ""grid-interactive efficient building"" OR ""building energy management system"" OR BEMS OR ""HVAC flexibility"" OR ""building thermal flexibility"") AND (""demand response"" OR ""peak management"" OR ""peak shaving"" OR ""load shifting"" OR flexibility) AND (field OR pilot OR demonstration OR experiment OR ""hardware-in-the-loop"" OR HIL OR ""real-world data"" OR ""market participation"" OR ""case study"")",https://api.crossref.org/works?query.bibliographic=%28%22smart+building%22+OR+%22active+building%22+OR+%22grid-interactive+building%22+OR+%22grid-interactive+efficient+building%22+OR+%22building+energy+management+system%22+OR+BEMS+OR+%22HVAC+flexibility%22+OR+%22building+thermal+flexibility%22%29+AND+%28%22demand+response%22+OR+%22peak+management%22+OR+%22peak+shaving%22+OR+%22load+shifting%22+OR+flexibility%29+AND+%28field+OR+pilot+OR+demonstration+OR+experiment+OR+%22hardware-in-the-loop%22+OR+HIL+OR+%22real-world+data%22+OR+%22market+participation%22+OR+%22case+study%22%29&filter=from-pub-date%3A2015-01-01%2Cuntil-pub-date%3A2026-08-31&rows=10&sort=relevance&order=desc,2026-08-31T14:29:39Z,2015-01-01,2026-08-31,publication date 2015-01-01 through 2026-08-31,relevance descending,page 1,10,53671,10,yes,200,0,data/raw_metadata/crossref/QFIELD_BLDG_demand_response_peak_management.json,0682bb978ad8b5d6f3df7c7af1a4c45998d6409e6559ba49f6e9075816cf6942,0.1.0,Bounded reproducible metadata discovery for this evidence-map run; all enabled query families are executed and truncation is disclosed.
RUN_20260831_EVIDENCE_MAP_01,QFIELD_BLDG_frequency_response_regulation,field_and_operational_evidence,crossref,"(""smart building"" OR ""active building"" OR ""grid-interactive building"" OR ""grid-interactive efficient building"" OR ""building energy management system"" OR BEMS OR ""HVAC flexibility"" OR ""building thermal flexibility"") AND (""frequency response"" OR ""frequency regulation"" OR ""fast frequency response"" OR ""ancillary service"" OR reserve) AND (field OR pilot OR demonstration OR experiment OR ""hardware-in-the-loop"" OR HIL OR ""real-world data"" OR ""market participation"" OR ""case study"")",https://api.crossref.org/works?query.bibliographic=%28%22smart+building%22+OR+%22active+building%22+OR+%22grid-interactive+building%22+OR+%22grid-interactive+efficient+building%22+OR+%22building+energy+management+system%22+OR+BEMS+OR+%22HVAC+flexibility%22+OR+%22building+thermal+flexibility%22%29+AND+%28%22frequency+response%22+OR+%22frequency+regulation%22+OR+%22fast+frequency+response%22+OR+%22ancillary+service%22+OR+reserve%29+AND+%28field+OR+pilot+OR+demonstration+OR+experiment+OR+%22hardware-in-the-loop%22+OR+HIL+OR+%22real-world+data%22+OR+%22market+participation%22+OR+%22case+study%22%29&filter=from-pub-date%3A2015-01-01%2Cuntil-pub-date%3A2026-08-31&rows=10&sort=relevance&order=desc,2026-08-31T14:29:39Z,2015-01-01,2026-08-31,publication date 2015-01-01 through 2026-08-31,relevance descending,page 1,10,12782,10,yes,200,0,data/raw_metadata/crossref/QFIELD_BLDG_frequency_response_regulation.json,680e0763882a5a960c1eaa2126456d6b6e74e615c4fe09a8305678cb13eb82a8,0.1.0,Bounded reproducible metadata discovery for this evidence-map run; all enabled query families are executed and truncation is disclosed.
RUN_20260831_EVIDENCE_MAP_01,QFIELD_BLDG_local_energy_sharing_distribution_support,field_and_operational_evidence,crossref,"(""smart building"" OR ""active building"" OR ""grid-interactive building"" OR ""grid-interactive efficient building"" OR ""building energy management system"" OR BEMS OR ""HVAC flexibility"" OR ""building thermal flexibility"") AND (""local energy sharing"" OR ""distribution grid"" OR ""voltage support"" OR ""congestion management"" OR microgrid OR ""virtual power plant"" OR VPP) AND (field OR pilot OR demonstration OR experiment OR ""hardware-in-the-loop"" OR HIL OR ""real-world data"" OR ""market participation"" OR ""case study"")",https://api.crossref.org/works?query.bibliographic=%28%22smart+building%22+OR+%22active+building%22+OR+%22grid-interactive+building%22+OR+%22grid-interactive+efficient+building%22+OR+%22building+energy+management+system%22+OR+BEMS+OR+%22HVAC+flexibility%22+OR+%22building+thermal+flexibility%22%29+AND+%28%22local+energy+sharing%22+OR+%22distribution+grid%22+OR+%22voltage+support%22+OR+%22congestion+management%22+OR+microgrid+OR+%22virtual+power+plant%22+OR+VPP%29+AND+%28field+OR+pilot+OR+demonstration+OR+experiment+OR+%22hardware-in-the-loop%22+OR+HIL+OR+%22real-world+data%22+OR+%22market+participation%22+OR+%22case+study%22%29&filter=from-pub-date%3A2015-01-01%2Cuntil-pub-date%3A2026-08-31&rows=10&sort=relevance&order=desc,2026-08-31T14:29:40Z,2015-01-01,2026-08-31,publication date 2015-01-01 through 2026-08-31,relevance descending,page 1,10,30173,10,yes,200,0,data/raw_metadata/crossref/QFIELD_BLDG_local_energy_sharing_distribution_support.json,b793174e1076f2b809b5dbb98aa5a0173eb78cc2406f3c8ad9ed0094fa872982,0.1.0,Bounded reproducible metadata discovery for this evidence-map run; all enabled query families are executed and truncation is disclosed.
RUN_20260831_EVIDENCE_MAP_01,QFIELD_BLDG_renewable_energy_integration,field_and_operational_evidence,crossref,"(""smart building"" OR ""active building"" OR ""grid-interactive building"" OR ""grid-interactive efficient building"" OR ""building energy management system"" OR BEMS OR ""HVAC flexibility"" OR ""building thermal flexibility"") AND (""renewable integration"" OR ""renewable energy matching"" OR curtailment OR ""carbon-aware"" OR ""clean energy matching"") AND (field OR pilot OR demonstration OR experiment OR ""hardware-in-the-loop"" OR HIL OR ""real-world data"" OR ""market participation"" OR ""case study"")",https://api.crossref.org/works?query.bibliographic=%28%22smart+building%22+OR+%22active+building%22+OR+%22grid-interactive+building%22+OR+%22grid-interactive+efficient+building%22+OR+%22building+energy+management+system%22+OR+BEMS+OR+%22HVAC+flexibility%22+OR+%22building+thermal+flexibility%22%29+AND+%28%22renewable+integration%22+OR+%22renewable+energy+matching%22+OR+curtailment+OR+%22carbon-aware%22+OR+%22clean+energy+matching%22%29+AND+%28field+OR+pilot+OR+demonstration+OR+experiment+OR+%22hardware-in-the-loop%22+OR+HIL+OR+%22real-world+data%22+OR+%22market+participation%22+OR+%22case+study%22%29&filter=from-pub-date%3A2015-01-01%2Cuntil-pub-date%3A2026-08-31&rows=10&sort=relevance&order=desc,2026-08-31T14:29:41Z,2015-01-01,2026-08-31,publication date 2015-01-01 through 2026-08-31,relevance descending,page 1,10,41167,10,yes,200,0,data/raw_metadata/crossref/QFIELD_BLDG_renewable_energy_integration.json,ebd72d2fee5674073f17745e01403a5b395fc3ab7e630e9b9bed8d4d8ba1d416,0.1.0,Bounded reproducible metadata discovery for this evidence-map run; all enabled query families are executed and truncation is disclosed.
RUN_20260831_EVIDENCE_MAP_01,QFIELD_BLDG_resilience_emergency_operation,field_and_operational_evidence,crossref,"(""smart building"" OR ""active building"" OR ""grid-interactive building"" OR ""grid-interactive efficient building"" OR ""building energy management system"" OR BEMS OR ""HVAC flexibility"" OR ""building thermal flexibility"") AND (resilience OR ""emergency operation"" OR ""backup power"" OR outage OR ""critical load"" OR islanding) AND (field OR pilot OR demonstration OR experiment OR ""hardware-in-the-loop"" OR HIL OR ""real-world data"" OR ""market participation"" OR ""case study"")",https://api.crossref.org/works?query.bibliographic=%28%22smart+building%22+OR+%22active+building%22+OR+%22grid-interactive+building%22+OR+%22grid-interactive+efficient+building%22+OR+%22building+energy+management+system%22+OR+BEMS+OR+%22HVAC+flexibility%22+OR+%22building+thermal+flexibility%22%29+AND+%28resilience+OR+%22emergency+operation%22+OR+%22backup+power%22+OR+outage+OR+%22critical+load%22+OR+islanding%29+AND+%28field+OR+pilot+OR+demonstration+OR+experiment+OR+%22hardware-in-the-loop%22+OR+HIL+OR+%22real-world+data%22+OR+%22market+participation%22+OR+%22case+study%22%29&filter=from-pub-date%3A2015-01-01%2Cuntil-pub-date%3A2026-08-31&rows=10&sort=relevance&order=desc,2026-08-31T14:29:42Z,2015-01-01,2026-08-31,publication date 2015-01-01 through 2026-08-31,relevance descending,page 1,10,42642,10,yes,200,0,data/raw_metadata/crossref/QFIELD_BLDG_resilience_emergency_operation.json,0bc1edfef23ca41ce39a670b62b3673283155d99b9272286bcc3aa37d3811c0e,0.1.0,Bounded reproducible metadata discovery for this evidence-map run; all enabled query families are executed and truncation is disclosed.
RUN_20260831_EVIDENCE_MAP_01,QFIELD_BS_demand_response_peak_management,field_and_operational_evidence,crossref,"(""base station"" OR ""radio access network"" OR RAN OR ""telecom tower"" OR ""cellular network"" OR 5G OR ""5G-Advanced"" OR B5G OR ""IMT-2030"" OR 6G) AND (""demand response"" OR ""peak management"" OR ""peak shaving"" OR ""load shifting"" OR flexibility) AND (field OR pilot OR demonstration OR experiment OR ""hardware-in-the-loop"" OR HIL OR ""real-world data"" OR ""market participation"" OR ""case study"")",https://api.crossref.org/works?query.bibliographic=%28%22base+station%22+OR+%22radio+access+network%22+OR+RAN+OR+%22telecom+tower%22+OR+%22cellular+network%22+OR+5G+OR+%225G-Advanced%22+OR+B5G+OR+%22IMT-2030%22+OR+6G%29+AND+%28%22demand+response%22+OR+%22peak+management%22+OR+%22peak+shaving%22+OR+%22load+shifting%22+OR+flexibility%29+AND+%28field+OR+pilot+OR+demonstration+OR+experiment+OR+%22hardware-in-the-loop%22+OR+HIL+OR+%22real-world+data%22+OR+%22market+participation%22+OR+%22case+study%22%29&filter=from-pub-date%3A2015-01-01%2Cuntil-pub-date%3A2026-08-31&rows=10&sort=relevance&order=desc,2026-08-31T14:29:42Z,2015-01-01,2026-08-31,publication date 2015-01-01 through 2026-08-31,relevance descending,page 1,10,65,10,yes,200,0,data/raw_metadata/crossref/QFIELD_BS_demand_response_peak_management.json,240636199c117af38b40289e9dad73f8cde097c4a5ec02f3fc29b3400b6770b9,0.1.0,Bounded reproducible metadata discovery for this evidence-map run; all enabled query families are executed and truncation is disclosed.
RUN_20260831_EVIDENCE_MAP_01,QFIELD_BS_frequency_response_regulation,field_and_operational_evidence,crossref,"(""base station"" OR ""radio access network"" OR RAN OR ""telecom tower"" OR ""cellular network"" OR 5G OR ""5G-Advanced"" OR B5G OR ""IMT-2030"" OR 6G) AND (""frequency response"" OR ""frequency regulation"" OR ""fast frequency response"" OR ""ancillary service"" OR reserve) AND (field OR pilot OR demonstration OR experiment OR ""hardware-in-the-loop"" OR HIL OR ""real-world data"" OR ""market participation"" OR ""case study"")",https://api.crossref.org/works?query.bibliographic=%28%22base+station%22+OR+%22radio+access+network%22+OR+RAN+OR+%22telecom+tower%22+OR+%22cellular+network%22+OR+5G+OR+%225G-Advanced%22+OR+B5G+OR+%22IMT-2030%22+OR+6G%29+AND+%28%22frequency+response%22+OR+%22frequency+regulation%22+OR+%22fast+frequency+response%22+OR+%22ancillary+service%22+OR+reserve%29+AND+%28field+OR+pilot+OR+demonstration+OR+experiment+OR+%22hardware-in-the-loop%22+OR+HIL+OR+%22real-world+data%22+OR+%22market+participation%22+OR+%22case+study%22%29&filter=from-pub-date%3A2015-01-01%2Cuntil-pub-date%3A2026-08-31&rows=10&sort=relevance&order=desc,2026-08-31T14:29:43Z,2015-01-01,2026-08-31,publication date 2015-01-01 through 2026-08-31,relevance descending,page 1,10,255,10,yes,200,0,data/raw_metadata/crossref/QFIELD_BS_frequency_response_regulation.json,7eccde94ce060a0dfbf7271e4bfa9128e606996eeb82af4fd8486f086ad72414,0.1.0,Bounded reproducible metadata discovery for this evidence-map run; all enabled query families are executed and truncation is disclosed.
RUN_20260831_EVIDENCE_MAP_01,QFIELD_BS_local_energy_sharing_distribution_support,field_and_operational_evidence,crossref,"(""base station"" OR ""radio access network"" OR RAN OR ""telecom tower"" OR ""cellular network"" OR 5G OR ""5G-Advanced"" OR B5G OR ""IMT-2030"" OR 6G) AND (""local energy sharing"" OR ""distribution grid"" OR ""voltage support"" OR ""congestion management"" OR microgrid OR ""virtual power plant"" OR VPP) AND (field OR pilot OR demonstration OR experiment OR ""hardware-in-the-loop"" OR HIL OR ""real-world data"" OR ""market participation"" OR ""case study"")",https://api.crossref.org/works?query.bibliographic=%28%22base+station%22+OR+%22radio+access+network%22+OR+RAN+OR+%22telecom+tower%22+OR+%22cellular+network%22+OR+5G+OR+%225G-Advanced%22+OR+B5G+OR+%22IMT-2030%22+OR+6G%29+AND+%28%22local+energy+sharing%22+OR+%22distribution+grid%22+OR+%22voltage+support%22+OR+%22congestion+management%22+OR+microgrid+OR+%22virtual+power+plant%22+OR+VPP%29+AND+%28field+OR+pilot+OR+demonstration+OR+experiment+OR+%22hardware-in-the-loop%22+OR+HIL+OR+%22real-world+data%22+OR+%22market+participation%22+OR+%22case+study%22%29&filter=from-pub-date%3A2015-01-01%2Cuntil-pub-date%3A2026-08-31&rows=10&sort=relevance&order=desc,2026-08-31T14:29:44Z,2015-01-01,2026-08-31,publication date 2015-01-01 through 2026-08-31,relevance descending,page 1,10,59,10,yes,200,0,data/raw_metadata/crossref/QFIELD_BS_local_energy_sharing_distribution_support.json,b1a659dc14e9cfa242ac978f03f7f80ccdde23067220fa2d214d8ab0edc0b63c,0.1.0,Bounded reproducible metadata discovery for this evidence-map run; all enabled query families are executed and truncation is disclosed.
RUN_20260831_EVIDENCE_MAP_01,QFIELD_BS_renewable_energy_integration,field_and_operational_evidence,crossref,"(""base station"" OR ""radio access network"" OR RAN OR ""telecom tower"" OR ""cellular network"" OR 5G OR ""5G-Advanced"" OR B5G OR ""IMT-2030"" OR 6G) AND (""renewable integration"" OR ""renewable energy matching"" OR curtailment OR ""carbon-aware"" OR ""clean energy matching"") AND (field OR pilot OR demonstration OR experiment OR ""hardware-in-the-loop"" OR HIL OR ""real-world data"" OR ""market participation"" OR ""case study"")",https://api.crossref.org/works?query.bibliographic=%28%22base+station%22+OR+%22radio+access+network%22+OR+RAN+OR+%22telecom+tower%22+OR+%22cellular+network%22+OR+5G+OR+%225G-Advanced%22+OR+B5G+OR+%22IMT-2030%22+OR+6G%29+AND+%28%22renewable+integration%22+OR+%22renewable+energy+matching%22+OR+curtailment+OR+%22carbon-aware%22+OR+%22clean+energy+matching%22%29+AND+%28field+OR+pilot+OR+demonstration+OR+experiment+OR+%22hardware-in-the-loop%22+OR+HIL+OR+%22real-world+data%22+OR+%22market+participation%22+OR+%22case+study%22%29&filter=from-pub-date%3A2015-01-01%2Cuntil-pub-date%3A2026-08-31&rows=10&sort=relevance&order=desc,2026-08-31T14:29:44Z,2015-01-01,2026-08-31,publication date 2015-01-01 through 2026-08-31,relevance descending,page 1,10,380,10,yes,200,0,data/raw_metadata/crossref/QFIELD_BS_renewable_energy_integration.json,bac61747f1bca978ea2286b5dc495d79ac8e2f887e4a9022f3136a4968e2640e,0.1.0,Bounded reproducible metadata discovery for this evidence-map run; all enabled query families are executed and truncation is disclosed.
RUN_20260831_EVIDENCE_MAP_01,QFIELD_BS_resilience_emergency_operation,field_and_operational_evidence,crossref,"(""base station"" OR ""radio access network"" OR RAN OR ""telecom tower"" OR ""cellular network"" OR 5G OR ""5G-Advanced"" OR B5G OR ""IMT-2030"" OR 6G) AND (resilience OR ""emergency operation"" OR ""backup power"" OR outage OR ""critical load"" OR islanding) AND (field OR pilot OR demonstration OR experiment OR ""hardware-in-the-loop"" OR HIL OR ""real-world data"" OR ""market participation"" OR ""case study"")",https://api.crossref.org/works?query.bibliographic=%28%22base+station%22+OR+%22radio+access+network%22+OR+RAN+OR+%22telecom+tower%22+OR+%22cellular+network%22+OR+5G+OR+%225G-Advanced%22+OR+B5G+OR+%22IMT-2030%22+OR+6G%29+AND+%28resilience+OR+%22emergency+operation%22+OR+%22backup+power%22+OR+outage+OR+%22critical+load%22+OR+islanding%29+AND+%28field+OR+pilot+OR+demonstration+OR+experiment+OR+%22hardware-in-the-loop%22+OR+HIL+OR+%22real-world+data%22+OR+%22market+participation%22+OR+%22case+study%22%29&filter=from-pub-date%3A2015-01-01%2Cuntil-pub-date%3A2026-08-31&rows=10&sort=relevance&order=desc,2026-08-31T14:29:46Z,2015-01-01,2026-08-31,publication date 2015-01-01 through 2026-08-31,relevance descending,page 1,10,51,10,yes,200,1,data/raw_metadata/crossref/QFIELD_BS_resilience_emergency_operation.json,4763e9be29d681f9e7495e094b49563a70c6eb5d7f9f89c897d4ec6ba0ed9e32,0.1.0,Bounded reproducible metadata discovery for this evidence-map run; all enabled query families are executed and truncation is disclosed.
RUN_20260831_EVIDENCE_MAP_01,QFIELD_DC_demand_response_peak_management,field_and_operational_evidence,crossref,"(""data centre"" OR ""data center"" OR ""AI data centre"" OR ""AI data center"" OR ""cloud computing facility"" OR ""high performance computing"" OR ""edge data centre"" OR ""edge data center"") AND (""demand response"" OR ""peak management"" OR ""peak shaving"" OR ""load shifting"" OR flexibility) AND (field OR pilot OR demonstration OR experiment OR ""hardware-in-the-loop"" OR HIL OR ""real-world data"" OR ""market participation"" OR ""case study"")",https://api.crossref.org/works?query.bibliographic=%28%22data+centre%22+OR+%22data+center%22+OR+%22AI+data+centre%22+OR+%22AI+data+center%22+OR+%22cloud+computing+facility%22+OR+%22high+performance+computing%22+OR+%22edge+data+centre%22+OR+%22edge+data+center%22%29+AND+%28%22demand+response%22+OR+%22peak+management%22+OR+%22peak+shaving%22+OR+%22load+shifting%22+OR+flexibility%29+AND+%28field+OR+pilot+OR+demonstration+OR+experiment+OR+%22hardware-in-the-loop%22+OR+HIL+OR+%22real-world+data%22+OR+%22market+participation%22+OR+%22case+study%22%29&filter=from-pub-date%3A2015-01-01%2Cuntil-pub-date%3A2026-08-31&rows=10&sort=relevance&order=desc,2026-08-31T14:29:47Z,2015-01-01,2026-08-31,publication date 2015-01-01 through 2026-08-31,relevance descending,page 1,10,224548,10,yes,200,0,data/raw_metadata/crossref/QFIELD_DC_demand_response_peak_management.json,e3e3540c05de00496786cc5225eb11afd0c64efa3b79d2ac3ea88f81a4756ea2,0.1.0,Bounded reproducible metadata discovery for this evidence-map run; all enabled query families are executed and truncation is disclosed.
RUN_20260831_EVIDENCE_MAP_01,QFIELD_DC_frequency_response_regulation,field_and_operational_evidence,crossref,"(""data centre"" OR ""data center"" OR ""AI data centre"" OR ""AI data center"" OR ""cloud computing facility"" OR ""high performance computing"" OR ""edge data centre"" OR ""edge data center"") AND (""frequency response"" OR ""frequency regulation"" OR ""fast frequency response"" OR ""ancillary service"" OR reserve) AND (field OR pilot OR demonstration OR experiment OR ""hardware-in-the-loop"" OR HIL OR ""real-world data"" OR ""market participation"" OR ""case study"")",https://api.crossref.org/works?query.bibliographic=%28%22data+centre%22+OR+%22data+center%22+OR+%22AI+data+centre%22+OR+%22AI+data+center%22+OR+%22cloud+computing+facility%22+OR+%22high+performance+computing%22+OR+%22edge+data+centre%22+OR+%22edge+data+center%22%29+AND+%28%22frequency+response%22+OR+%22frequency+regulation%22+OR+%22fast+frequency+response%22+OR+%22ancillary+service%22+OR+reserve%29+AND+%28field+OR+pilot+OR+demonstration+OR+experiment+OR+%22hardware-in-the-loop%22+OR+HIL+OR+%22real-world+data%22+OR+%22market+participation%22+OR+%22case+study%22%29&filter=from-pub-date%3A2015-01-01%2Cuntil-pub-date%3A2026-08-31&rows=10&sort=relevance&order=desc,2026-08-31T14:29:49Z,2015-01-01,2026-08-31,publication date 2015-01-01 through 2026-08-31,relevance descending,page 1,10,233709,10,yes,200,1,data/raw_metadata/crossref/QFIELD_DC_frequency_response_regulation.json,153d4c107f7f5f55bb8e85f8187e48dfe6d23bf45bf6d3c112d73218839bb61e,0.1.0,Bounded reproducible metadata discovery for this evidence-map run; all enabled query families are executed and truncation is disclosed.
RUN_20260831_EVIDENCE_MAP_01,QFIELD_DC_local_energy_sharing_distribution_support,field_and_operational_evidence,crossref,"(""data centre"" OR ""data center"" OR ""AI data centre"" OR ""AI data center"" OR ""cloud computing facility"" OR ""high performance computing"" OR ""edge data centre"" OR ""edge data center"") AND (""local energy sharing"" OR ""distribution grid"" OR ""voltage support"" OR ""congestion management"" OR microgrid OR ""virtual power plant"" OR VPP) AND (field OR pilot OR demonstration OR experiment OR ""hardware-in-the-loop"" OR HIL OR ""real-world data"" OR ""market participation"" OR ""case study"")",https://api.crossref.org/works?query.bibliographic=%28%22data+centre%22+OR+%22data+center%22+OR+%22AI+data+centre%22+OR+%22AI+data+center%22+OR+%22cloud+computing+facility%22+OR+%22high+performance+computing%22+OR+%22edge+data+centre%22+OR+%22edge+data+center%22%29+AND+%28%22local+energy+sharing%22+OR+%22distribution+grid%22+OR+%22voltage+support%22+OR+%22congestion+management%22+OR+microgrid+OR+%22virtual+power+plant%22+OR+VPP%29+AND+%28field+OR+pilot+OR+demonstration+OR+experiment+OR+%22hardware-in-the-loop%22+OR+HIL+OR+%22real-world+data%22+OR+%22market+participation%22+OR+%22case+study%22%29&filter=from-pub-date%3A2015-01-01%2Cuntil-pub-date%3A2026-08-31&rows=10&sort=relevance&order=desc,2026-08-31T14:29:49Z,2015-01-01,2026-08-31,publication date 2015-01-01 through 2026-08-31,relevance descending,page 1,10,97039,10,yes,200,0,data/raw_metadata/crossref/QFIELD_DC_local_energy_sharing_distribution_support.json,a148313c21a9c6970381be0dfdc72a3d78e157e2ecfbab18b67c7630f86d2a6d,0.1.0,Bounded reproducible metadata discovery for this evidence-map run; all enabled query families are executed and truncation is disclosed.
RUN_20260831_EVIDENCE_MAP_01,QFIELD_DC_renewable_energy_integration,field_and_operational_evidence,crossref,"(""data centre"" OR ""data center"" OR ""AI data centre"" OR ""AI data center"" OR ""cloud computing facility"" OR ""high performance computing"" OR ""edge data centre"" OR ""edge data center"") AND (""renewable integration"" OR ""renewable energy matching"" OR curtailment OR ""carbon-aware"" OR ""clean energy matching"") AND (field OR pilot OR demonstration OR experiment OR ""hardware-in-the-loop"" OR HIL OR ""real-world data"" OR ""market participation"" OR ""case study"")",https://api.crossref.org/works?query.bibliographic=%28%22data+centre%22+OR+%22data+center%22+OR+%22AI+data+centre%22+OR+%22AI+data+center%22+OR+%22cloud+computing+facility%22+OR+%22high+performance+computing%22+OR+%22edge+data+centre%22+OR+%22edge+data+center%22%29+AND+%28%22renewable+integration%22+OR+%22renewable+energy+matching%22+OR+curtailment+OR+%22carbon-aware%22+OR+%22clean+energy+matching%22%29+AND+%28field+OR+pilot+OR+demonstration+OR+experiment+OR+%22hardware-in-the-loop%22+OR+HIL+OR+%22real-world+data%22+OR+%22market+participation%22+OR+%22case+study%22%29&filter=from-pub-date%3A2015-01-01%2Cuntil-pub-date%3A2026-08-31&rows=10&sort=relevance&order=desc,2026-08-31T14:29:52Z,2015-01-01,2026-08-31,publication date 2015-01-01 through 2026-08-31,relevance descending,page 1,10,248995,10,yes,200,1,data/raw_metadata/crossref/QFIELD_DC_renewable_energy_integration.json,9c3ecdf4a28b473f04bd79a6049701a31fbc4af977cc115b7e7cd1345e1c58fb,0.1.0,Bounded reproducible metadata discovery for this evidence-map run; all enabled query families are executed and truncation is disclosed.
RUN_20260831_EVIDENCE_MAP_01,QFIELD_DC_resilience_emergency_operation,field_and_operational_evidence,crossref,"(""data centre"" OR ""data center"" OR ""AI data centre"" OR ""AI data center"" OR ""cloud computing facility"" OR ""high performance computing"" OR ""edge data centre"" OR ""edge data center"") AND (resilience OR ""emergency operation"" OR ""backup power"" OR outage OR ""critical load"" OR islanding) AND (field OR pilot OR demonstration OR experiment OR ""hardware-in-the-loop"" OR HIL OR ""real-world data"" OR ""market participation"" OR ""case study"")",https://api.crossref.org/works?query.bibliographic=%28%22data+centre%22+OR+%22data+center%22+OR+%22AI+data+centre%22+OR+%22AI+data+center%22+OR+%22cloud+computing+facility%22+OR+%22high+performance+computing%22+OR+%22edge+data+centre%22+OR+%22edge+data+center%22%29+AND+%28resilience+OR+%22emergency+operation%22+OR+%22backup+power%22+OR+outage+OR+%22critical+load%22+OR+islanding%29+AND+%28field+OR+pilot+OR+demonstration+OR+experiment+OR+%22hardware-in-the-loop%22+OR+HIL+OR+%22real-world+data%22+OR+%22market+participation%22+OR+%22case+study%22%29&filter=from-pub-date%3A2015-01-01%2Cuntil-pub-date%3A2026-08-31&rows=10&sort=relevance&order=desc,2026-08-31T14:29:52Z,2015-01-01,2026-08-31,publication date 2015-01-01 through 2026-08-31,relevance descending,page 1,10,215764,10,yes,200,0,data/raw_metadata/crossref/QFIELD_DC_resilience_emergency_operation.json,b96bfc478b9daae02acffdf8bd6ebc3b2117ba3516ec2f4ecce210af8f6a6ef3,0.1.0,Bounded reproducible metadata discovery for this evidence-map run; all enabled query families are executed and truncation is disclosed.
RUN_20260831_EVIDENCE_MAP_01,QFIELD_EV_demand_response_peak_management,field_and_operational_evidence,crossref,"(""electric vehicle"" OR ""EV fleet"" OR ""smart charging"" OR V1G OR ""vehicle-to-grid"" OR V2G OR ""vehicle-to-building"" OR V2B OR ""vehicle-to-home"" OR V2H) AND (""demand response"" OR ""peak management"" OR ""peak shaving"" OR ""load shifting"" OR flexibility) AND (field OR pilot OR demonstration OR experiment OR ""hardware-in-the-loop"" OR HIL OR ""real-world data"" OR ""market participation"" OR ""case study"")",https://api.crossref.org/works?query.bibliographic=%28%22electric+vehicle%22+OR+%22EV+fleet%22+OR+%22smart+charging%22+OR+V1G+OR+%22vehicle-to-grid%22+OR+V2G+OR+%22vehicle-to-building%22+OR+V2B+OR+%22vehicle-to-home%22+OR+V2H%29+AND+%28%22demand+response%22+OR+%22peak+management%22+OR+%22peak+shaving%22+OR+%22load+shifting%22+OR+flexibility%29+AND+%28field+OR+pilot+OR+demonstration+OR+experiment+OR+%22hardware-in-the-loop%22+OR+HIL+OR+%22real-world+data%22+OR+%22market+participation%22+OR+%22case+study%22%29&filter=from-pub-date%3A2015-01-01%2Cuntil-pub-date%3A2026-08-31&rows=10&sort=relevance&order=desc,2026-08-31T14:29:53Z,2015-01-01,2026-08-31,publication date 2015-01-01 through 2026-08-31,relevance descending,page 1,10,10127,10,yes,200,0,data/raw_metadata/crossref/QFIELD_EV_demand_response_peak_management.json,c2f63ac47b3d7a829b477764ab3d4b718e0564624ff168e55872b19fb2333712,0.1.0,Bounded reproducible metadata discovery for this evidence-map run; all enabled query families are executed and truncation is disclosed.
RUN_20260831_EVIDENCE_MAP_01,QFIELD_EV_frequency_response_regulation,field_and_operational_evidence,crossref,"(""electric vehicle"" OR ""EV fleet"" OR ""smart charging"" OR V1G OR ""vehicle-to-grid"" OR V2G OR ""vehicle-to-building"" OR V2B OR ""vehicle-to-home"" OR V2H) AND (""frequency response"" OR ""frequency regulation"" OR ""fast frequency response"" OR ""ancillary service"" OR reserve) AND (field OR pilot OR demonstration OR experiment OR ""hardware-in-the-loop"" OR HIL OR ""real-world data"" OR ""market participation"" OR ""case study"")",https://api.crossref.org/works?query.bibliographic=%28%22electric+vehicle%22+OR+%22EV+fleet%22+OR+%22smart+charging%22+OR+V1G+OR+%22vehicle-to-grid%22+OR+V2G+OR+%22vehicle-to-building%22+OR+V2B+OR+%22vehicle-to-home%22+OR+V2H%29+AND+%28%22frequency+response%22+OR+%22frequency+regulation%22+OR+%22fast+frequency+response%22+OR+%22ancillary+service%22+OR+reserve%29+AND+%28field+OR+pilot+OR+demonstration+OR+experiment+OR+%22hardware-in-the-loop%22+OR+HIL+OR+%22real-world+data%22+OR+%22market+participation%22+OR+%22case+study%22%29&filter=from-pub-date%3A2015-01-01%2Cuntil-pub-date%3A2026-08-31&rows=10&sort=relevance&order=desc,2026-08-31T14:29:54Z,2015-01-01,2026-08-31,publication date 2015-01-01 through 2026-08-31,relevance descending,page 1,10,3005,10,yes,200,0,data/raw_metadata/crossref/QFIELD_EV_frequency_response_regulation.json,ffbeb6ffa71d83c94f5291ca78b88fcf7b1515c082424447a7751c1b720fad66,0.1.0,Bounded reproducible metadata discovery for this evidence-map run; all enabled query families are executed and truncation is disclosed.
RUN_20260831_EVIDENCE_MAP_01,QFIELD_EV_local_energy_sharing_distribution_support,field_and_operational_evidence,crossref,"(""electric vehicle"" OR ""EV fleet"" OR ""smart charging"" OR V1G OR ""vehicle-to-grid"" OR V2G OR ""vehicle-to-building"" OR V2B OR ""vehicle-to-home"" OR V2H) AND (""local energy sharing"" OR ""distribution grid"" OR ""voltage support"" OR ""congestion management"" OR microgrid OR ""virtual power plant"" OR VPP) AND (field OR pilot OR demonstration OR experiment OR ""hardware-in-the-loop"" OR HIL OR ""real-world data"" OR ""market participation"" OR ""case study"")",https://api.crossref.org/works?query.bibliographic=%28%22electric+vehicle%22+OR+%22EV+fleet%22+OR+%22smart+charging%22+OR+V1G+OR+%22vehicle-to-grid%22+OR+V2G+OR+%22vehicle-to-building%22+OR+V2B+OR+%22vehicle-to-home%22+OR+V2H%29+AND+%28%22local+energy+sharing%22+OR+%22distribution+grid%22+OR+%22voltage+support%22+OR+%22congestion+management%22+OR+microgrid+OR+%22virtual+power+plant%22+OR+VPP%29+AND+%28field+OR+pilot+OR+demonstration+OR+experiment+OR+%22hardware-in-the-loop%22+OR+HIL+OR+%22real-world+data%22+OR+%22market+participation%22+OR+%22case+study%22%29&filter=from-pub-date%3A2015-01-01%2Cuntil-pub-date%3A2026-08-31&rows=10&sort=relevance&order=desc,2026-08-31T14:29:54Z,2015-01-01,2026-08-31,publication date 2015-01-01 through 2026-08-31,relevance descending,page 1,10,8661,10,yes,200,0,data/raw_metadata/crossref/QFIELD_EV_local_energy_sharing_distribution_support.json,a67470a34fa76afc588bf59dd804a65677e74cc49c829255349704e4debeb044,0.1.0,Bounded reproducible metadata discovery for this evidence-map run; all enabled query families are executed and truncation is disclosed.
RUN_20260831_EVIDENCE_MAP_01,QFIELD_EV_renewable_energy_integration,field_and_operational_evidence,crossref,"(""electric vehicle"" OR ""EV fleet"" OR ""smart charging"" OR V1G OR ""vehicle-to-grid"" OR V2G OR ""vehicle-to-building"" OR V2B OR ""vehicle-to-home"" OR V2H) AND (""renewable integration"" OR ""renewable energy matching"" OR curtailment OR ""carbon-aware"" OR ""clean energy matching"") AND (field OR pilot OR demonstration OR experiment OR ""hardware-in-the-loop"" OR HIL OR ""real-world data"" OR ""market participation"" OR ""case study"")",https://api.crossref.org/works?query.bibliographic=%28%22electric+vehicle%22+OR+%22EV+fleet%22+OR+%22smart+charging%22+OR+V1G+OR+%22vehicle-to-grid%22+OR+V2G+OR+%22vehicle-to-building%22+OR+V2B+OR+%22vehicle-to-home%22+OR+V2H%29+AND+%28%22renewable+integration%22+OR+%22renewable+energy+matching%22+OR+curtailment+OR+%22carbon-aware%22+OR+%22clean+energy+matching%22%29+AND+%28field+OR+pilot+OR+demonstration+OR+experiment+OR+%22hardware-in-the-loop%22+OR+HIL+OR+%22real-world+data%22+OR+%22market+participation%22+OR+%22case+study%22%29&filter=from-pub-date%3A2015-01-01%2Cuntil-pub-date%3A2026-08-31&rows=10&sort=relevance&order=desc,2026-08-31T14:29:55Z,2015-01-01,2026-08-31,publication date 2015-01-01 through 2026-08-31,relevance descending,page 1,10,10386,10,yes,200,0,data/raw_metadata/crossref/QFIELD_EV_renewable_energy_integration.json,de3596cab7194174cb56363583a9bfccfd53b87a973bc2ffb167deae2b3fb2dc,0.1.0,Bounded reproducible metadata discovery for this evidence-map run; all enabled query families are executed and truncation is disclosed.
RUN_20260831_EVIDENCE_MAP_01,QFIELD_EV_resilience_emergency_operation,field_and_operational_evidence,crossref,"(""electric vehicle"" OR ""EV fleet"" OR ""smart charging"" OR V1G OR ""vehicle-to-grid"" OR V2G OR ""vehicle-to-building"" OR V2B OR ""vehicle-to-home"" OR V2H) AND (resilience OR ""emergency operation"" OR ""backup power"" OR outage OR ""critical load"" OR islanding) AND (field OR pilot OR demonstration OR experiment OR ""hardware-in-the-loop"" OR HIL OR ""real-world data"" OR ""market participation"" OR ""case study"")",https://api.crossref.org/works?query.bibliographic=%28%22electric+vehicle%22+OR+%22EV+fleet%22+OR+%22smart+charging%22+OR+V1G+OR+%22vehicle-to-grid%22+OR+V2G+OR+%22vehicle-to-building%22+OR+V2B+OR+%22vehicle-to-home%22+OR+V2H%29+AND+%28resilience+OR+%22emergency+operation%22+OR+%22backup+power%22+OR+outage+OR+%22critical+load%22+OR+islanding%29+AND+%28field+OR+pilot+OR+demonstration+OR+experiment+OR+%22hardware-in-the-loop%22+OR+HIL+OR+%22real-world+data%22+OR+%22market+participation%22+OR+%22case+study%22%29&filter=from-pub-date%3A2015-01-01%2Cuntil-pub-date%3A2026-08-31&rows=10&sort=relevance&order=desc,2026-08-31T14:29:55Z,2015-01-01,2026-08-31,publication date 2015-01-01 through 2026-08-31,relevance descending,page 1,10,10991,10,yes,200,0,data/raw_metadata/crossref/QFIELD_EV_resilience_emergency_operation.json,3653785610724778878730f56cada9c843bfb7a120bfd9244087e8dffb7a3bb7,0.1.0,Bounded reproducible metadata discovery for this evidence-map run; all enabled query families are executed and truncation is disclosed.
RUN_20260831_EVIDENCE_MAP_01,QMA_demand_response_peak_management,three_plus_or_broad_multi_asset,crossref,"((""data centre"" OR ""data center"" OR ""AI data centre"" OR ""AI data center"" OR ""cloud computing facility"" OR ""high performance computing"" OR ""edge data centre"" OR ""edge data center"") OR (""base station"" OR ""radio access network"" OR RAN OR ""telecom tower"" OR ""cellular network"" OR 5G OR ""5G-Advanced"" OR B5G OR ""IMT-2030"" OR 6G) OR (""electric vehicle"" OR ""EV fleet"" OR ""smart charging"" OR V1G OR ""vehicle-to-grid"" OR V2G OR ""vehicle-to-building"" OR V2B OR ""vehicle-to-home"" OR V2H) OR (""smart building"" OR ""active building"" OR ""grid-interactive building"" OR ""grid-interactive efficient building"" OR ""building energy management system"" OR BEMS OR ""HVAC flexibility"" OR ""building thermal flexibility"")) AND (""multi-asset"" OR ""cross-sector"" OR ""integrated energy management"" OR ""virtual power plant"") AND (""demand response"" OR ""peak management"" OR ""peak shaving"" OR ""load shifting"" OR flexibility) AND (coordination OR ""coordinated control"" OR ""co-optimization"" OR aggregation OR ""multi-asset"" OR ""integrated energy management"" OR ""distributed control"" OR ""model predictive control"" OR MPC OR ""measurement and verification"")",https://api.crossref.org/works?query.bibliographic=%28%28%22data+centre%22+OR+%22data+center%22+OR+%22AI+data+centre%22+OR+%22AI+data+center%22+OR+%22cloud+computing+facility%22+OR+%22high+performance+computing%22+OR+%22edge+data+centre%22+OR+%22edge+data+center%22%29+OR+%28%22base+station%22+OR+%22radio+access+network%22+OR+RAN+OR+%22telecom+tower%22+OR+%22cellular+network%22+OR+5G+OR+%225G-Advanced%22+OR+B5G+OR+%22IMT-2030%22+OR+6G%29+OR+%28%22electric+vehicle%22+OR+%22EV+fleet%22+OR+%22smart+charging%22+OR+V1G+OR+%22vehicle-to-grid%22+OR+V2G+OR+%22vehicle-to-building%22+OR+V2B+OR+%22vehicle-to-home%22+OR+V2H%29+OR+%28%22smart+building%22+OR+%22active+building%22+OR+%22grid-interactive+building%22+OR+%22grid-interactive+efficient+building%22+OR+%22building+energy+management+system%22+OR+BEMS+OR+%22HVAC+flexibility%22+OR+%22building+thermal+flexibility%22%29%29+AND+%28%22multi-asset%22+OR+%22cross-sector%22+OR+%22integrated+energy+management%22+OR+%22virtual+power+plant%22%29+AND+%28%22demand+response%22+OR+%22peak+management%22+OR+%22peak+shaving%22+OR+%22load+shifting%22+OR+flexibility%29+AND+%28coordination+OR+%22coordinated+control%22+OR+%22co-optimization%22+OR+aggregation+OR+%22multi-asset%22+OR+%22integrated+energy+management%22+OR+%22distributed+control%22+OR+%22model+predictive+control%22+OR+MPC+OR+%22measurement+and+verification%22%29&filter=from-pub-date%3A2015-01-01%2Cuntil-pub-date%3A2026-08-31&rows=10&sort=relevance&order=desc,2026-08-31T14:29:56Z,2015-01-01,2026-08-31,publication date 2015-01-01 through 2026-08-31,relevance descending,page 1,10,468,10,yes,200,0,data/raw_metadata/crossref/QMA_demand_response_peak_management.json,a1bda1e9e2933bb8e4740cfa593ccdd2ccc9e7dd7ec4e86b184f4479f3305b48,0.1.0,Bounded reproducible metadata discovery for this evidence-map run; all enabled query families are executed and truncation is disclosed.
RUN_20260831_EVIDENCE_MAP_01,QMA_frequency_response_regulation,three_plus_or_broad_multi_asset,crossref,"((""data centre"" OR ""data center"" OR ""AI data centre"" OR ""AI data center"" OR ""cloud computing facility"" OR ""high performance computing"" OR ""edge data centre"" OR ""edge data center"") OR (""base station"" OR ""radio access network"" OR RAN OR ""telecom tower"" OR ""cellular network"" OR 5G OR ""5G-Advanced"" OR B5G OR ""IMT-2030"" OR 6G) OR (""electric vehicle"" OR ""EV fleet"" OR ""smart charging"" OR V1G OR ""vehicle-to-grid"" OR V2G OR ""vehicle-to-building"" OR V2B OR ""vehicle-to-home"" OR V2H) OR (""smart building"" OR ""active building"" OR ""grid-interactive building"" OR ""grid-interactive efficient building"" OR ""building energy management system"" OR BEMS OR ""HVAC flexibility"" OR ""building thermal flexibility"")) AND (""multi-asset"" OR ""cross-sector"" OR ""integrated energy management"" OR ""virtual power plant"") AND (""frequency response"" OR ""frequency regulation"" OR ""fast frequency response"" OR ""ancillary service"" OR reserve) AND (coordination OR ""coordinated control"" OR ""co-optimization"" OR aggregation OR ""multi-asset"" OR ""integrated energy management"" OR ""distributed control"" OR ""model predictive control"" OR MPC OR ""measurement and verification"")",https://api.crossref.org/works?query.bibliographic=%28%28%22data+centre%22+OR+%22data+center%22+OR+%22AI+data+centre%22+OR+%22AI+data+center%22+OR+%22cloud+computing+facility%22+OR+%22high+performance+computing%22+OR+%22edge+data+centre%22+OR+%22edge+data+center%22%29+OR+%28%22base+station%22+OR+%22radio+access+network%22+OR+RAN+OR+%22telecom+tower%22+OR+%22cellular+network%22+OR+5G+OR+%225G-Advanced%22+OR+B5G+OR+%22IMT-2030%22+OR+6G%29+OR+%28%22electric+vehicle%22+OR+%22EV+fleet%22+OR+%22smart+charging%22+OR+V1G+OR+%22vehicle-to-grid%22+OR+V2G+OR+%22vehicle-to-building%22+OR+V2B+OR+%22vehicle-to-home%22+OR+V2H%29+OR+%28%22smart+building%22+OR+%22active+building%22+OR+%22grid-interactive+building%22+OR+%22grid-interactive+efficient+building%22+OR+%22building+energy+management+system%22+OR+BEMS+OR+%22HVAC+flexibility%22+OR+%22building+thermal+flexibility%22%29%29+AND+%28%22multi-asset%22+OR+%22cross-sector%22+OR+%22integrated+energy+management%22+OR+%22virtual+power+plant%22%29+AND+%28%22frequency+response%22+OR+%22frequency+regulation%22+OR+%22fast+frequency+response%22+OR+%22ancillary+service%22+OR+reserve%29+AND+%28coordination+OR+%22coordinated+control%22+OR+%22co-optimization%22+OR+aggregation+OR+%22multi-asset%22+OR+%22integrated+energy+management%22+OR+%22distributed+control%22+OR+%22model+predictive+control%22+OR+MPC+OR+%22measurement+and+verification%22%29&filter=from-pub-date%3A2015-01-01%2Cuntil-pub-date%3A2026-08-31&rows=10&sort=relevance&order=desc,2026-08-31T14:29:57Z,2015-01-01,2026-08-31,publication date 2015-01-01 through 2026-08-31,relevance descending,page 1,10,183,10,yes,200,0,data/raw_metadata/crossref/QMA_frequency_response_regulation.json,6c63e6c125e45ea3ccef7aef7aa38fc86a9ab9fb0f8f2c2e3ee11ddd2e68f63e,0.1.0,Bounded reproducible metadata discovery for this evidence-map run; all enabled query families are executed and truncation is disclosed.
RUN_20260831_EVIDENCE_MAP_01,QMA_local_energy_sharing_distribution_support,three_plus_or_broad_multi_asset,crossref,"((""data centre"" OR ""data center"" OR ""AI data centre"" OR ""AI data center"" OR ""cloud computing facility"" OR ""high performance computing"" OR ""edge data centre"" OR ""edge data center"") OR (""base station"" OR ""radio access network"" OR RAN OR ""telecom tower"" OR ""cellular network"" OR 5G OR ""5G-Advanced"" OR B5G OR ""IMT-2030"" OR 6G) OR (""electric vehicle"" OR ""EV fleet"" OR ""smart charging"" OR V1G OR ""vehicle-to-grid"" OR V2G OR ""vehicle-to-building"" OR V2B OR ""vehicle-to-home"" OR V2H) OR (""smart building"" OR ""active building"" OR ""grid-interactive building"" OR ""grid-interactive efficient building"" OR ""building energy management system"" OR BEMS OR ""HVAC flexibility"" OR ""building thermal flexibility"")) AND (""multi-asset"" OR ""cross-sector"" OR ""integrated energy management"" OR ""virtual power plant"") AND (""local energy sharing"" OR ""distribution grid"" OR ""voltage support"" OR ""congestion management"" OR microgrid OR ""virtual power plant"" OR VPP) AND (coordination OR ""coordinated control"" OR ""co-optimization"" OR aggregation OR ""multi-asset"" OR ""integrated energy management"" OR ""distributed control"" OR ""model predictive control"" OR MPC OR ""measurement and verification"")",https://api.crossref.org/works?query.bibliographic=%28%28%22data+centre%22+OR+%22data+center%22+OR+%22AI+data+centre%22+OR+%22AI+data+center%22+OR+%22cloud+computing+facility%22+OR+%22high+performance+computing%22+OR+%22edge+data+centre%22+OR+%22edge+data+center%22%29+OR+%28%22base+station%22+OR+%22radio+access+network%22+OR+RAN+OR+%22telecom+tower%22+OR+%22cellular+network%22+OR+5G+OR+%225G-Advanced%22+OR+B5G+OR+%22IMT-2030%22+OR+6G%29+OR+%28%22electric+vehicle%22+OR+%22EV+fleet%22+OR+%22smart+charging%22+OR+V1G+OR+%22vehicle-to-grid%22+OR+V2G+OR+%22vehicle-to-building%22+OR+V2B+OR+%22vehicle-to-home%22+OR+V2H%29+OR+%28%22smart+building%22+OR+%22active+building%22+OR+%22grid-interactive+building%22+OR+%22grid-interactive+efficient+building%22+OR+%22building+energy+management+system%22+OR+BEMS+OR+%22HVAC+flexibility%22+OR+%22building+thermal+flexibility%22%29%29+AND+%28%22multi-asset%22+OR+%22cross-sector%22+OR+%22integrated+energy+management%22+OR+%22virtual+power+plant%22%29+AND+%28%22local+energy+sharing%22+OR+%22distribution+grid%22+OR+%22voltage+support%22+OR+%22congestion+management%22+OR+microgrid+OR+%22virtual+power+plant%22+OR+VPP%29+AND+%28coordination+OR+%22coordinated+control%22+OR+%22co-optimization%22+OR+aggregation+OR+%22multi-asset%22+OR+%22integrated+energy+management%22+OR+%22distributed+control%22+OR+%22model+predictive+control%22+OR+MPC+OR+%22measurement+and+verification%22%29&filter=from-pub-date%3A2015-01-01%2Cuntil-pub-date%3A2026-08-31&rows=10&sort=relevance&order=desc,2026-08-31T14:29:59Z,2015-01-01,2026-08-31,publication date 2015-01-01 through 2026-08-31,relevance descending,page 1,10,652,10,yes,200,1,data/raw_metadata/crossref/QMA_local_energy_sharing_distribution_support.json,0b5d468e28988a7df55ab261647095d28ae7eca559901e2940e71ae535543ef6,0.1.0,Bounded reproducible metadata discovery for this evidence-map run; all enabled query families are executed and truncation is disclosed.
RUN_20260831_EVIDENCE_MAP_01,QMA_renewable_energy_integration,three_plus_or_broad_multi_asset,crossref,"((""data centre"" OR ""data center"" OR ""AI data centre"" OR ""AI data center"" OR ""cloud computing facility"" OR ""high performance computing"" OR ""edge data centre"" OR ""edge data center"") OR (""base station"" OR ""radio access network"" OR RAN OR ""telecom tower"" OR ""cellular network"" OR 5G OR ""5G-Advanced"" OR B5G OR ""IMT-2030"" OR 6G) OR (""electric vehicle"" OR ""EV fleet"" OR ""smart charging"" OR V1G OR ""vehicle-to-grid"" OR V2G OR ""vehicle-to-building"" OR V2B OR ""vehicle-to-home"" OR V2H) OR (""smart building"" OR ""active building"" OR ""grid-interactive building"" OR ""grid-interactive efficient building"" OR ""building energy management system"" OR BEMS OR ""HVAC flexibility"" OR ""building thermal flexibility"")) AND (""multi-asset"" OR ""cross-sector"" OR ""integrated energy management"" OR ""virtual power plant"") AND (""renewable integration"" OR ""renewable energy matching"" OR curtailment OR ""carbon-aware"" OR ""clean energy matching"") AND (coordination OR ""coordinated control"" OR ""co-optimization"" OR aggregation OR ""multi-asset"" OR ""integrated energy management"" OR ""distributed control"" OR ""model predictive control"" OR MPC OR ""measurement and verification"")",https://api.crossref.org/works?query.bibliographic=%28%28%22data+centre%22+OR+%22data+center%22+OR+%22AI+data+centre%22+OR+%22AI+data+center%22+OR+%22cloud+computing+facility%22+OR+%22high+performance+computing%22+OR+%22edge+data+centre%22+OR+%22edge+data+center%22%29+OR+%28%22base+station%22+OR+%22radio+access+network%22+OR+RAN+OR+%22telecom+tower%22+OR+%22cellular+network%22+OR+5G+OR+%225G-Advanced%22+OR+B5G+OR+%22IMT-2030%22+OR+6G%29+OR+%28%22electric+vehicle%22+OR+%22EV+fleet%22+OR+%22smart+charging%22+OR+V1G+OR+%22vehicle-to-grid%22+OR+V2G+OR+%22vehicle-to-building%22+OR+V2B+OR+%22vehicle-to-home%22+OR+V2H%29+OR+%28%22smart+building%22+OR+%22active+building%22+OR+%22grid-interactive+building%22+OR+%22grid-interactive+efficient+building%22+OR+%22building+energy+management+system%22+OR+BEMS+OR+%22HVAC+flexibility%22+OR+%22building+thermal+flexibility%22%29%29+AND+%28%22multi-asset%22+OR+%22cross-sector%22+OR+%22integrated+energy+management%22+OR+%22virtual+power+plant%22%29+AND+%28%22renewable+integration%22+OR+%22renewable+energy+matching%22+OR+curtailment+OR+%22carbon-aware%22+OR+%22clean+energy+matching%22%29+AND+%28coordination+OR+%22coordinated+control%22+OR+%22co-optimization%22+OR+aggregation+OR+%22multi-asset%22+OR+%22integrated+energy+management%22+OR+%22distributed+control%22+OR+%22model+predictive+control%22+OR+MPC+OR+%22measurement+and+verification%22%29&filter=from-pub-date%3A2015-01-01%2Cuntil-pub-date%3A2026-08-31&rows=10&sort=relevance&order=desc,2026-08-31T14:30:01Z,2015-01-01,2026-08-31,publication date 2015-01-01 through 2026-08-31,relevance descending,page 1,10,647,10,yes,200,0,data/raw_metadata/crossref/QMA_renewable_energy_integration.json,e0c94a1a763e0dc21bf0e47b25d378115f6d9323e3dc810b7f999aafa3fddae5,0.1.0,Bounded reproducible metadata discovery for this evidence-map run; all enabled query families are executed and truncation is disclosed.
RUN_20260831_EVIDENCE_MAP_01,QMA_resilience_emergency_operation,three_plus_or_broad_multi_asset,crossref,"((""data centre"" OR ""data center"" OR ""AI data centre"" OR ""AI data center"" OR ""cloud computing facility"" OR ""high performance computing"" OR ""edge data centre"" OR ""edge data center"") OR (""base station"" OR ""radio access network"" OR RAN OR ""telecom tower"" OR ""cellular network"" OR 5G OR ""5G-Advanced"" OR B5G OR ""IMT-2030"" OR 6G) OR (""electric vehicle"" OR ""EV fleet"" OR ""smart charging"" OR V1G OR ""vehicle-to-grid"" OR V2G OR ""vehicle-to-building"" OR V2B OR ""vehicle-to-home"" OR V2H) OR (""smart building"" OR ""active building"" OR ""grid-interactive building"" OR ""grid-interactive efficient building"" OR ""building energy management system"" OR BEMS OR ""HVAC flexibility"" OR ""building thermal flexibility"")) AND (""multi-asset"" OR ""cross-sector"" OR ""integrated energy management"" OR ""virtual power plant"") AND (resilience OR ""emergency operation"" OR ""backup power"" OR outage OR ""critical load"" OR islanding) AND (coordination OR ""coordinated control"" OR ""co-optimization"" OR aggregation OR ""multi-asset"" OR ""integrated energy management"" OR ""distributed control"" OR ""model predictive control"" OR MPC OR ""measurement and verification"")",https://api.crossref.org/works?query.bibliographic=%28%28%22data+centre%22+OR+%22data+center%22+OR+%22AI+data+centre%22+OR+%22AI+data+center%22+OR+%22cloud+computing+facility%22+OR+%22high+performance+computing%22+OR+%22edge+data+centre%22+OR+%22edge+data+center%22%29+OR+%28%22base+station%22+OR+%22radio+access+network%22+OR+RAN+OR+%22telecom+tower%22+OR+%22cellular+network%22+OR+5G+OR+%225G-Advanced%22+OR+B5G+OR+%22IMT-2030%22+OR+6G%29+OR+%28%22electric+vehicle%22+OR+%22EV+fleet%22+OR+%22smart+charging%22+OR+V1G+OR+%22vehicle-to-grid%22+OR+V2G+OR+%22vehicle-to-building%22+OR+V2B+OR+%22vehicle-to-home%22+OR+V2H%29+OR+%28%22smart+building%22+OR+%22active+building%22+OR+%22grid-interactive+building%22+OR+%22grid-interactive+efficient+building%22+OR+%22building+energy+management+system%22+OR+BEMS+OR+%22HVAC+flexibility%22+OR+%22building+thermal+flexibility%22%29%29+AND+%28%22multi-asset%22+OR+%22cross-sector%22+OR+%22integrated+energy+management%22+OR+%22virtual+power+plant%22%29+AND+%28resilience+OR+%22emergency+operation%22+OR+%22backup+power%22+OR+outage+OR+%22critical+load%22+OR+islanding%29+AND+%28coordination+OR+%22coordinated+control%22+OR+%22co-optimization%22+OR+aggregation+OR+%22multi-asset%22+OR+%22integrated+energy+management%22+OR+%22distributed+control%22+OR+%22model+predictive+control%22+OR+MPC+OR+%22measurement+and+verification%22%29&filter=from-pub-date%3A2015-01-01%2Cuntil-pub-date%3A2026-08-31&rows=10&sort=relevance&order=desc,2026-08-31T14:30:03Z,2015-01-01,2026-08-31,publication date 2015-01-01 through 2026-08-31,relevance descending,page 1,10,378,10,yes,200,0,data/raw_metadata/crossref/QMA_resilience_emergency_operation.json,e2aa6581ae16557b6015ed89626938f74fba16a5fc386e2749bbae0dd850cd53,0.1.0,Bounded reproducible metadata discovery for this evidence-map run; all enabled query families are executed and truncation is disclosed.
RUN_20260831_EVIDENCE_MAP_01,QPAIR_BS_BLDG_demand_response_peak_management,pairwise_multi_asset,crossref,"(""base station"" OR ""radio access network"" OR RAN OR ""telecom tower"" OR ""cellular network"" OR 5G OR ""5G-Advanced"" OR B5G OR ""IMT-2030"" OR 6G) AND (""smart building"" OR ""active building"" OR ""grid-interactive building"" OR ""grid-interactive efficient building"" OR ""building energy management system"" OR BEMS OR ""HVAC flexibility"" OR ""building thermal flexibility"") AND (""demand response"" OR ""peak management"" OR ""peak shaving"" OR ""load shifting"" OR flexibility) AND (coordination OR ""coordinated control"" OR ""co-optimization"" OR aggregation OR ""multi-asset"" OR ""integrated energy management"" OR ""distributed control"" OR ""model predictive control"" OR MPC OR ""measurement and verification"")",https://api.crossref.org/works?query.bibliographic=%28%22base+station%22+OR+%22radio+access+network%22+OR+RAN+OR+%22telecom+tower%22+OR+%22cellular+network%22+OR+5G+OR+%225G-Advanced%22+OR+B5G+OR+%22IMT-2030%22+OR+6G%29+AND+%28%22smart+building%22+OR+%22active+building%22+OR+%22grid-interactive+building%22+OR+%22grid-interactive+efficient+building%22+OR+%22building+energy+management+system%22+OR+BEMS+OR+%22HVAC+flexibility%22+OR+%22building+thermal+flexibility%22%29+AND+%28%22demand+response%22+OR+%22peak+management%22+OR+%22peak+shaving%22+OR+%22load+shifting%22+OR+flexibility%29+AND+%28coordination+OR+%22coordinated+control%22+OR+%22co-optimization%22+OR+aggregation+OR+%22multi-asset%22+OR+%22integrated+energy+management%22+OR+%22distributed+control%22+OR+%22model+predictive+control%22+OR+MPC+OR+%22measurement+and+verification%22%29&filter=from-pub-date%3A2015-01-01%2Cuntil-pub-date%3A2026-08-31&rows=10&sort=relevance&order=desc,2026-08-31T14:30:04Z,2015-01-01,2026-08-31,publication date 2015-01-01 through 2026-08-31,relevance descending,page 1,10,2783,10,yes,200,0,data/raw_metadata/crossref/QPAIR_BS_BLDG_demand_response_peak_management.json,485534c1db08ad479e5330b44ea9385eea61a0924943b716caea2a93a1b9b6de,0.1.0,Bounded reproducible metadata discovery for this evidence-map run; all enabled query families are executed and truncation is disclosed.
RUN_20260831_EVIDENCE_MAP_01,QPAIR_BS_BLDG_frequency_response_regulation,pairwise_multi_asset,crossref,"(""base station"" OR ""radio access network"" OR RAN OR ""telecom tower"" OR ""cellular network"" OR 5G OR ""5G-Advanced"" OR B5G OR ""IMT-2030"" OR 6G) AND (""smart building"" OR ""active building"" OR ""grid-interactive building"" OR ""grid-interactive efficient building"" OR ""building energy management system"" OR BEMS OR ""HVAC flexibility"" OR ""building thermal flexibility"") AND (""frequency response"" OR ""frequency regulation"" OR ""fast frequency response"" OR ""ancillary service"" OR reserve) AND (coordination OR ""coordinated control"" OR ""co-optimization"" OR aggregation OR ""multi-asset"" OR ""integrated energy management"" OR ""distributed control"" OR ""model predictive control"" OR MPC OR ""measurement and verification"")",https://api.crossref.org/works?query.bibliographic=%28%22base+station%22+OR+%22radio+access+network%22+OR+RAN+OR+%22telecom+tower%22+OR+%22cellular+network%22+OR+5G+OR+%225G-Advanced%22+OR+B5G+OR+%22IMT-2030%22+OR+6G%29+AND+%28%22smart+building%22+OR+%22active+building%22+OR+%22grid-interactive+building%22+OR+%22grid-interactive+efficient+building%22+OR+%22building+energy+management+system%22+OR+BEMS+OR+%22HVAC+flexibility%22+OR+%22building+thermal+flexibility%22%29+AND+%28%22frequency+response%22+OR+%22frequency+regulation%22+OR+%22fast+frequency+response%22+OR+%22ancillary+service%22+OR+reserve%29+AND+%28coordination+OR+%22coordinated+control%22+OR+%22co-optimization%22+OR+aggregation+OR+%22multi-asset%22+OR+%22integrated+energy+management%22+OR+%22distributed+control%22+OR+%22model+predictive+control%22+OR+MPC+OR+%22measurement+and+verification%22%29&filter=from-pub-date%3A2015-01-01%2Cuntil-pub-date%3A2026-08-31&rows=10&sort=relevance&order=desc,2026-08-31T14:30:05Z,2015-01-01,2026-08-31,publication date 2015-01-01 through 2026-08-31,relevance descending,page 1,10,2127,10,yes,200,0,data/raw_metadata/crossref/QPAIR_BS_BLDG_frequency_response_regulation.json,cb9394100c347304059f4cf6a18cd45d0ec0020bb7cd46e2a6a529f08be2243e,0.1.0,Bounded reproducible metadata discovery for this evidence-map run; all enabled query families are executed and truncation is disclosed.
RUN_20260831_EVIDENCE_MAP_01,QPAIR_BS_BLDG_local_energy_sharing_distribution_support,pairwise_multi_asset,crossref,"(""base station"" OR ""radio access network"" OR RAN OR ""telecom tower"" OR ""cellular network"" OR 5G OR ""5G-Advanced"" OR B5G OR ""IMT-2030"" OR 6G) AND (""smart building"" OR ""active building"" OR ""grid-interactive building"" OR ""grid-interactive efficient building"" OR ""building energy management system"" OR BEMS OR ""HVAC flexibility"" OR ""building thermal flexibility"") AND (""local energy sharing"" OR ""distribution grid"" OR ""voltage support"" OR ""congestion management"" OR microgrid OR ""virtual power plant"" OR VPP) AND (coordination OR ""coordinated control"" OR ""co-optimization"" OR aggregation OR ""multi-asset"" OR ""integrated energy management"" OR ""distributed control"" OR ""model predictive control"" OR MPC OR ""measurement and verification"")",https://api.crossref.org/works?query.bibliographic=%28%22base+station%22+OR+%22radio+access+network%22+OR+RAN+OR+%22telecom+tower%22+OR+%22cellular+network%22+OR+5G+OR+%225G-Advanced%22+OR+B5G+OR+%22IMT-2030%22+OR+6G%29+AND+%28%22smart+building%22+OR+%22active+building%22+OR+%22grid-interactive+building%22+OR+%22grid-interactive+efficient+building%22+OR+%22building+energy+management+system%22+OR+BEMS+OR+%22HVAC+flexibility%22+OR+%22building+thermal+flexibility%22%29+AND+%28%22local+energy+sharing%22+OR+%22distribution+grid%22+OR+%22voltage+support%22+OR+%22congestion+management%22+OR+microgrid+OR+%22virtual+power+plant%22+OR+VPP%29+AND+%28coordination+OR+%22coordinated+control%22+OR+%22co-optimization%22+OR+aggregation+OR+%22multi-asset%22+OR+%22integrated+energy+management%22+OR+%22distributed+control%22+OR+%22model+predictive+control%22+OR+MPC+OR+%22measurement+and+verification%22%29&filter=from-pub-date%3A2015-01-01%2Cuntil-pub-date%3A2026-08-31&rows=10&sort=relevance&order=desc,2026-08-31T14:30:08Z,2015-01-01,2026-08-31,publication date 2015-01-01 through 2026-08-31,relevance descending,page 1,10,3340,10,yes,200,1,data/raw_metadata/crossref/QPAIR_BS_BLDG_local_energy_sharing_distribution_support.json,67b3c5c334e3ed15ec5fb25eda6decbb41471b959307daa6009d710301bbc173,0.1.0,Bounded reproducible metadata discovery for this evidence-map run; all enabled query families are executed and truncation is disclosed.
RUN_20260831_EVIDENCE_MAP_01,QPAIR_BS_BLDG_renewable_energy_integration,pairwise_multi_asset,crossref,"(""base station"" OR ""radio access network"" OR RAN OR ""telecom tower"" OR ""cellular network"" OR 5G OR ""5G-Advanced"" OR B5G OR ""IMT-2030"" OR 6G) AND (""smart building"" OR ""active building"" OR ""grid-interactive building"" OR ""grid-interactive efficient building"" OR ""building energy management system"" OR BEMS OR ""HVAC flexibility"" OR ""building thermal flexibility"") AND (""renewable integration"" OR ""renewable energy matching"" OR curtailment OR ""carbon-aware"" OR ""clean energy matching"") AND (coordination OR ""coordinated control"" OR ""co-optimization"" OR aggregation OR ""multi-asset"" OR ""integrated energy management"" OR ""distributed control"" OR ""model predictive control"" OR MPC OR ""measurement and verification"")",https://api.crossref.org/works?query.bibliographic=%28%22base+station%22+OR+%22radio+access+network%22+OR+RAN+OR+%22telecom+tower%22+OR+%22cellular+network%22+OR+5G+OR+%225G-Advanced%22+OR+B5G+OR+%22IMT-2030%22+OR+6G%29+AND+%28%22smart+building%22+OR+%22active+building%22+OR+%22grid-interactive+building%22+OR+%22grid-interactive+efficient+building%22+OR+%22building+energy+management+system%22+OR+BEMS+OR+%22HVAC+flexibility%22+OR+%22building+thermal+flexibility%22%29+AND+%28%22renewable+integration%22+OR+%22renewable+energy+matching%22+OR+curtailment+OR+%22carbon-aware%22+OR+%22clean+energy+matching%22%29+AND+%28coordination+OR+%22coordinated+control%22+OR+%22co-optimization%22+OR+aggregation+OR+%22multi-asset%22+OR+%22integrated+energy+management%22+OR+%22distributed+control%22+OR+%22model+predictive+control%22+OR+MPC+OR+%22measurement+and+verification%22%29&filter=from-pub-date%3A2015-01-01%2Cuntil-pub-date%3A2026-08-31&rows=10&sort=relevance&order=desc,2026-08-31T14:30:08Z,2015-01-01,2026-08-31,publication date 2015-01-01 through 2026-08-31,relevance descending,page 1,10,8827,10,yes,200,0,data/raw_metadata/crossref/QPAIR_BS_BLDG_renewable_energy_integration.json,3684f1f4976f4a862a8fac6c3cef393bc7319424ca36aa6c174c5bfbd18d3597,0.1.0,Bounded reproducible metadata discovery for this evidence-map run; all enabled query families are executed and truncation is disclosed.
RUN_20260831_EVIDENCE_MAP_01,QPAIR_BS_BLDG_resilience_emergency_operation,pairwise_multi_asset,crossref,"(""base station"" OR ""radio access network"" OR RAN OR ""telecom tower"" OR ""cellular network"" OR 5G OR ""5G-Advanced"" OR B5G OR ""IMT-2030"" OR 6G) AND (""smart building"" OR ""active building"" OR ""grid-interactive building"" OR ""grid-interactive efficient building"" OR ""building energy management system"" OR BEMS OR ""HVAC flexibility"" OR ""building thermal flexibility"") AND (resilience OR ""emergency operation"" OR ""backup power"" OR outage OR ""critical load"" OR islanding) AND (coordination OR ""coordinated control"" OR ""co-optimization"" OR aggregation OR ""multi-asset"" OR ""integrated energy management"" OR ""distributed control"" OR ""model predictive control"" OR MPC OR ""measurement and verification"")",https://api.crossref.org/works?query.bibliographic=%28%22base+station%22+OR+%22radio+access+network%22+OR+RAN+OR+%22telecom+tower%22+OR+%22cellular+network%22+OR+5G+OR+%225G-Advanced%22+OR+B5G+OR+%22IMT-2030%22+OR+6G%29+AND+%28%22smart+building%22+OR+%22active+building%22+OR+%22grid-interactive+building%22+OR+%22grid-interactive+efficient+building%22+OR+%22building+energy+management+system%22+OR+BEMS+OR+%22HVAC+flexibility%22+OR+%22building+thermal+flexibility%22%29+AND+%28resilience+OR+%22emergency+operation%22+OR+%22backup+power%22+OR+outage+OR+%22critical+load%22+OR+islanding%29+AND+%28coordination+OR+%22coordinated+control%22+OR+%22co-optimization%22+OR+aggregation+OR+%22multi-asset%22+OR+%22integrated+energy+management%22+OR+%22distributed+control%22+OR+%22model+predictive+control%22+OR+MPC+OR+%22measurement+and+verification%22%29&filter=from-pub-date%3A2015-01-01%2Cuntil-pub-date%3A2026-08-31&rows=10&sort=relevance&order=desc,2026-08-31T14:30:11Z,2015-01-01,2026-08-31,publication date 2015-01-01 through 2026-08-31,relevance descending,page 1,10,2153,10,yes,200,1,data/raw_metadata/crossref/QPAIR_BS_BLDG_resilience_emergency_operation.json,66f130c71aeb52cdefad459cc380361779e1bd51f24640c37e3d0a5f9ceb8e7a,0.1.0,Bounded reproducible metadata discovery for this evidence-map run; all enabled query families are executed and truncation is disclosed.
RUN_20260831_EVIDENCE_MAP_01,QPAIR_BS_EV_demand_response_peak_management,pairwise_multi_asset,crossref,"(""base station"" OR ""radio access network"" OR RAN OR ""telecom tower"" OR ""cellular network"" OR 5G OR ""5G-Advanced"" OR B5G OR ""IMT-2030"" OR 6G) AND (""electric vehicle"" OR ""EV fleet"" OR ""smart charging"" OR V1G OR ""vehicle-to-grid"" OR V2G OR ""vehicle-to-building"" OR V2B OR ""vehicle-to-home"" OR V2H) AND (""demand response"" OR ""peak management"" OR ""peak shaving"" OR ""load shifting"" OR flexibility) AND (coordination OR ""coordinated control"" OR ""co-optimization"" OR aggregation OR ""multi-asset"" OR ""integrated energy management"" OR ""distributed control"" OR ""model predictive control"" OR MPC OR ""measurement and verification"")",https://api.crossref.org/works?query.bibliographic=%28%22base+station%22+OR+%22radio+access+network%22+OR+RAN+OR+%22telecom+tower%22+OR+%22cellular+network%22+OR+5G+OR+%225G-Advanced%22+OR+B5G+OR+%22IMT-2030%22+OR+6G%29+AND+%28%22electric+vehicle%22+OR+%22EV+fleet%22+OR+%22smart+charging%22+OR+V1G+OR+%22vehicle-to-grid%22+OR+V2G+OR+%22vehicle-to-building%22+OR+V2B+OR+%22vehicle-to-home%22+OR+V2H%29+AND+%28%22demand+response%22+OR+%22peak+management%22+OR+%22peak+shaving%22+OR+%22load+shifting%22+OR+flexibility%29+AND+%28coordination+OR+%22coordinated+control%22+OR+%22co-optimization%22+OR+aggregation+OR+%22multi-asset%22+OR+%22integrated+energy+management%22+OR+%22distributed+control%22+OR+%22model+predictive+control%22+OR+MPC+OR+%22measurement+and+verification%22%29&filter=from-pub-date%3A2015-01-01%2Cuntil-pub-date%3A2026-08-31&rows=10&sort=relevance&order=desc,2026-08-31T14:30:12Z,2015-01-01,2026-08-31,publication date 2015-01-01 through 2026-08-31,relevance descending,page 1,10,849,10,yes,200,0,data/raw_metadata/crossref/QPAIR_BS_EV_demand_response_peak_management.json,9ec1863a84d86ffd7dbd2a5bdcb0b1c53d8d7f84e8a7fb9391a45b004e340740,0.1.0,Bounded reproducible metadata discovery for this evidence-map run; all enabled query families are executed and truncation is disclosed.
RUN_20260831_EVIDENCE_MAP_01,QPAIR_BS_EV_frequency_response_regulation,pairwise_multi_asset,crossref,"(""base station"" OR ""radio access network"" OR RAN OR ""telecom tower"" OR ""cellular network"" OR 5G OR ""5G-Advanced"" OR B5G OR ""IMT-2030"" OR 6G) AND (""electric vehicle"" OR ""EV fleet"" OR ""smart charging"" OR V1G OR ""vehicle-to-grid"" OR V2G OR ""vehicle-to-building"" OR V2B OR ""vehicle-to-home"" OR V2H) AND (""frequency response"" OR ""frequency regulation"" OR ""fast frequency response"" OR ""ancillary service"" OR reserve) AND (coordination OR ""coordinated control"" OR ""co-optimization"" OR aggregation OR ""multi-asset"" OR ""integrated energy management"" OR ""distributed control"" OR ""model predictive control"" OR MPC OR ""measurement and verification"")",https://api.crossref.org/works?query.bibliographic=%28%22base+station%22+OR+%22radio+access+network%22+OR+RAN+OR+%22telecom+tower%22+OR+%22cellular+network%22+OR+5G+OR+%225G-Advanced%22+OR+B5G+OR+%22IMT-2030%22+OR+6G%29+AND+%28%22electric+vehicle%22+OR+%22EV+fleet%22+OR+%22smart+charging%22+OR+V1G+OR+%22vehicle-to-grid%22+OR+V2G+OR+%22vehicle-to-building%22+OR+V2B+OR+%22vehicle-to-home%22+OR+V2H%29+AND+%28%22frequency+response%22+OR+%22frequency+regulation%22+OR+%22fast+frequency+response%22+OR+%22ancillary+service%22+OR+reserve%29+AND+%28coordination+OR+%22coordinated+control%22+OR+%22co-optimization%22+OR+aggregation+OR+%22multi-asset%22+OR+%22integrated+energy+management%22+OR+%22distributed+control%22+OR+%22model+predictive+control%22+OR+MPC+OR+%22measurement+and+verification%22%29&filter=from-pub-date%3A2015-01-01%2Cuntil-pub-date%3A2026-08-31&rows=10&sort=relevance&order=desc,2026-08-31T14:30:13Z,2015-01-01,2026-08-31,publication date 2015-01-01 through 2026-08-31,relevance descending,page 1,10,795,10,yes,200,0,data/raw_metadata/crossref/QPAIR_BS_EV_frequency_response_regulation.json,df90405386aea4ed4a6c1fde70022dce4c41d9c74283181af33b51e8f2eeca87,0.1.0,Bounded reproducible metadata discovery for this evidence-map run; all enabled query families are executed and truncation is disclosed.
RUN_20260831_EVIDENCE_MAP_01,QPAIR_BS_EV_local_energy_sharing_distribution_support,pairwise_multi_asset,crossref,"(""base station"" OR ""radio access network"" OR RAN OR ""telecom tower"" OR ""cellular network"" OR 5G OR ""5G-Advanced"" OR B5G OR ""IMT-2030"" OR 6G) AND (""electric vehicle"" OR ""EV fleet"" OR ""smart charging"" OR V1G OR ""vehicle-to-grid"" OR V2G OR ""vehicle-to-building"" OR V2B OR ""vehicle-to-home"" OR V2H) AND (""local energy sharing"" OR ""distribution grid"" OR ""voltage support"" OR ""congestion management"" OR microgrid OR ""virtual power plant"" OR VPP) AND (coordination OR ""coordinated control"" OR ""co-optimization"" OR aggregation OR ""multi-asset"" OR ""integrated energy management"" OR ""distributed control"" OR ""model predictive control"" OR MPC OR ""measurement and verification"")",https://api.crossref.org/works?query.bibliographic=%28%22base+station%22+OR+%22radio+access+network%22+OR+RAN+OR+%22telecom+tower%22+OR+%22cellular+network%22+OR+5G+OR+%225G-Advanced%22+OR+B5G+OR+%22IMT-2030%22+OR+6G%29+AND+%28%22electric+vehicle%22+OR+%22EV+fleet%22+OR+%22smart+charging%22+OR+V1G+OR+%22vehicle-to-grid%22+OR+V2G+OR+%22vehicle-to-building%22+OR+V2B+OR+%22vehicle-to-home%22+OR+V2H%29+AND+%28%22local+energy+sharing%22+OR+%22distribution+grid%22+OR+%22voltage+support%22+OR+%22congestion+management%22+OR+microgrid+OR+%22virtual+power+plant%22+OR+VPP%29+AND+%28coordination+OR+%22coordinated+control%22+OR+%22co-optimization%22+OR+aggregation+OR+%22multi-asset%22+OR+%22integrated+energy+management%22+OR+%22distributed+control%22+OR+%22model+predictive+control%22+OR+MPC+OR+%22measurement+and+verification%22%29&filter=from-pub-date%3A2015-01-01%2Cuntil-pub-date%3A2026-08-31&rows=10&sort=relevance&order=desc,2026-08-31T14:30:14Z,2015-01-01,2026-08-31,publication date 2015-01-01 through 2026-08-31,relevance descending,page 1,10,1298,10,yes,200,0,data/raw_metadata/crossref/QPAIR_BS_EV_local_energy_sharing_distribution_support.json,d17aa0971cfe11fcfecb6eb64b297e901a91ec84478e8747baab3f2af9074e4f,0.1.0,Bounded reproducible metadata discovery for this evidence-map run; all enabled query families are executed and truncation is disclosed.
RUN_20260831_EVIDENCE_MAP_01,QPAIR_BS_EV_renewable_energy_integration,pairwise_multi_asset,crossref,"(""base station"" OR ""radio access network"" OR RAN OR ""telecom tower"" OR ""cellular network"" OR 5G OR ""5G-Advanced"" OR B5G OR ""IMT-2030"" OR 6G) AND (""electric vehicle"" OR ""EV fleet"" OR ""smart charging"" OR V1G OR ""vehicle-to-grid"" OR V2G OR ""vehicle-to-building"" OR V2B OR ""vehicle-to-home"" OR V2H) AND (""renewable integration"" OR ""renewable energy matching"" OR curtailment OR ""carbon-aware"" OR ""clean energy matching"") AND (coordination OR ""coordinated control"" OR ""co-optimization"" OR aggregation OR ""multi-asset"" OR ""integrated energy management"" OR ""distributed control"" OR ""model predictive control"" OR MPC OR ""measurement and verification"")",https://api.crossref.org/works?query.bibliographic=%28%22base+station%22+OR+%22radio+access+network%22+OR+RAN+OR+%22telecom+tower%22+OR+%22cellular+network%22+OR+5G+OR+%225G-Advanced%22+OR+B5G+OR+%22IMT-2030%22+OR+6G%29+AND+%28%22electric+vehicle%22+OR+%22EV+fleet%22+OR+%22smart+charging%22+OR+V1G+OR+%22vehicle-to-grid%22+OR+V2G+OR+%22vehicle-to-building%22+OR+V2B+OR+%22vehicle-to-home%22+OR+V2H%29+AND+%28%22renewable+integration%22+OR+%22renewable+energy+matching%22+OR+curtailment+OR+%22carbon-aware%22+OR+%22clean+energy+matching%22%29+AND+%28coordination+OR+%22coordinated+control%22+OR+%22co-optimization%22+OR+aggregation+OR+%22multi-asset%22+OR+%22integrated+energy+management%22+OR+%22distributed+control%22+OR+%22model+predictive+control%22+OR+MPC+OR+%22measurement+and+verification%22%29&filter=from-pub-date%3A2015-01-01%2Cuntil-pub-date%3A2026-08-31&rows=10&sort=relevance&order=desc,2026-08-31T14:30:16Z,2015-01-01,2026-08-31,publication date 2015-01-01 through 2026-08-31,relevance descending,page 1,10,3528,10,yes,200,0,data/raw_metadata/crossref/QPAIR_BS_EV_renewable_energy_integration.json,c916d2a123ab0fd73d2f85f6a894f8057ebc236e4b2248b0d8b4fc30b2d4fee5,0.1.0,Bounded reproducible metadata discovery for this evidence-map run; all enabled query families are executed and truncation is disclosed.
RUN_20260831_EVIDENCE_MAP_01,QPAIR_BS_EV_resilience_emergency_operation,pairwise_multi_asset,crossref,"(""base station"" OR ""radio access network"" OR RAN OR ""telecom tower"" OR ""cellular network"" OR 5G OR ""5G-Advanced"" OR B5G OR ""IMT-2030"" OR 6G) AND (""electric vehicle"" OR ""EV fleet"" OR ""smart charging"" OR V1G OR ""vehicle-to-grid"" OR V2G OR ""vehicle-to-building"" OR V2B OR ""vehicle-to-home"" OR V2H) AND (resilience OR ""emergency operation"" OR ""backup power"" OR outage OR ""critical load"" OR islanding) AND (coordination OR ""coordinated control"" OR ""co-optimization"" OR aggregation OR ""multi-asset"" OR ""integrated energy management"" OR ""distributed control"" OR ""model predictive control"" OR MPC OR ""measurement and verification"")",https://api.crossref.org/works?query.bibliographic=%28%22base+station%22+OR+%22radio+access+network%22+OR+RAN+OR+%22telecom+tower%22+OR+%22cellular+network%22+OR+5G+OR+%225G-Advanced%22+OR+B5G+OR+%22IMT-2030%22+OR+6G%29+AND+%28%22electric+vehicle%22+OR+%22EV+fleet%22+OR+%22smart+charging%22+OR+V1G+OR+%22vehicle-to-grid%22+OR+V2G+OR+%22vehicle-to-building%22+OR+V2B+OR+%22vehicle-to-home%22+OR+V2H%29+AND+%28resilience+OR+%22emergency+operation%22+OR+%22backup+power%22+OR+outage+OR+%22critical+load%22+OR+islanding%29+AND+%28coordination+OR+%22coordinated+control%22+OR+%22co-optimization%22+OR+aggregation+OR+%22multi-asset%22+OR+%22integrated+energy+management%22+OR+%22distributed+control%22+OR+%22model+predictive+control%22+OR+MPC+OR+%22measurement+and+verification%22%29&filter=from-pub-date%3A2015-01-01%2Cuntil-pub-date%3A2026-08-31&rows=10&sort=relevance&order=desc,2026-08-31T14:30:16Z,2015-01-01,2026-08-31,publication date 2015-01-01 through 2026-08-31,relevance descending,page 1,10,755,10,yes,200,0,data/raw_metadata/crossref/QPAIR_BS_EV_resilience_emergency_operation.json,2c91d6eeb7f343a43b4b2c0c1ac727f48981e01393ad176f64191700006d2bc6,0.1.0,Bounded reproducible metadata discovery for this evidence-map run; all enabled query families are executed and truncation is disclosed.
RUN_20260831_EVIDENCE_MAP_01,QPAIR_DC_BLDG_demand_response_peak_management,pairwise_multi_asset,crossref,"(""data centre"" OR ""data center"" OR ""AI data centre"" OR ""AI data center"" OR ""cloud computing facility"" OR ""high performance computing"" OR ""edge data centre"" OR ""edge data center"") AND (""smart building"" OR ""active building"" OR ""grid-interactive building"" OR ""grid-interactive efficient building"" OR ""building energy management system"" OR BEMS OR ""HVAC flexibility"" OR ""building thermal flexibility"") AND (""demand response"" OR ""peak management"" OR ""peak shaving"" OR ""load shifting"" OR flexibility) AND (coordination OR ""coordinated control"" OR ""co-optimization"" OR aggregation OR ""multi-asset"" OR ""integrated energy management"" OR ""distributed control"" OR ""model predictive control"" OR MPC OR ""measurement and verification"")",https://api.crossref.org/works?query.bibliographic=%28%22data+centre%22+OR+%22data+center%22+OR+%22AI+data+centre%22+OR+%22AI+data+center%22+OR+%22cloud+computing+facility%22+OR+%22high+performance+computing%22+OR+%22edge+data+centre%22+OR+%22edge+data+center%22%29+AND+%28%22smart+building%22+OR+%22active+building%22+OR+%22grid-interactive+building%22+OR+%22grid-interactive+efficient+building%22+OR+%22building+energy+management+system%22+OR+BEMS+OR+%22HVAC+flexibility%22+OR+%22building+thermal+flexibility%22%29+AND+%28%22demand+response%22+OR+%22peak+management%22+OR+%22peak+shaving%22+OR+%22load+shifting%22+OR+flexibility%29+AND+%28coordination+OR+%22coordinated+control%22+OR+%22co-optimization%22+OR+aggregation+OR+%22multi-asset%22+OR+%22integrated+energy+management%22+OR+%22distributed+control%22+OR+%22model+predictive+control%22+OR+MPC+OR+%22measurement+and+verification%22%29&filter=from-pub-date%3A2015-01-01%2Cuntil-pub-date%3A2026-08-31&rows=10&sort=relevance&order=desc,2026-08-31T14:30:18Z,2015-01-01,2026-08-31,publication date 2015-01-01 through 2026-08-31,relevance descending,page 1,10,10213,10,yes,200,0,data/raw_metadata/crossref/QPAIR_DC_BLDG_demand_response_peak_management.json,3f83ff056001e4e5fa15fa9e9ec417ce12c00b3c2707952b6340ba69200be8de,0.1.0,Bounded reproducible metadata discovery for this evidence-map run; all enabled query families are executed and truncation is disclosed.
RUN_20260831_EVIDENCE_MAP_01,QPAIR_DC_BLDG_frequency_response_regulation,pairwise_multi_asset,crossref,"(""data centre"" OR ""data center"" OR ""AI data centre"" OR ""AI data center"" OR ""cloud computing facility"" OR ""high performance computing"" OR ""edge data centre"" OR ""edge data center"") AND (""smart building"" OR ""active building"" OR ""grid-interactive building"" OR ""grid-interactive efficient building"" OR ""building energy management system"" OR BEMS OR ""HVAC flexibility"" OR ""building thermal flexibility"") AND (""frequency response"" OR ""frequency regulation"" OR ""fast frequency response"" OR ""ancillary service"" OR reserve) AND (coordination OR ""coordinated control"" OR ""co-optimization"" OR aggregation OR ""multi-asset"" OR ""integrated energy management"" OR ""distributed control"" OR ""model predictive control"" OR MPC OR ""measurement and verification"")",https://api.crossref.org/works?query.bibliographic=%28%22data+centre%22+OR+%22data+center%22+OR+%22AI+data+centre%22+OR+%22AI+data+center%22+OR+%22cloud+computing+facility%22+OR+%22high+performance+computing%22+OR+%22edge+data+centre%22+OR+%22edge+data+center%22%29+AND+%28%22smart+building%22+OR+%22active+building%22+OR+%22grid-interactive+building%22+OR+%22grid-interactive+efficient+building%22+OR+%22building+energy+management+system%22+OR+BEMS+OR+%22HVAC+flexibility%22+OR+%22building+thermal+flexibility%22%29+AND+%28%22frequency+response%22+OR+%22frequency+regulation%22+OR+%22fast+frequency+response%22+OR+%22ancillary+service%22+OR+reserve%29+AND+%28coordination+OR+%22coordinated+control%22+OR+%22co-optimization%22+OR+aggregation+OR+%22multi-asset%22+OR+%22integrated+energy+management%22+OR+%22distributed+control%22+OR+%22model+predictive+control%22+OR+MPC+OR+%22measurement+and+verification%22%29&filter=from-pub-date%3A2015-01-01%2Cuntil-pub-date%3A2026-08-31&rows=10&sort=relevance&order=desc,2026-08-31T14:30:20Z,2015-01-01,2026-08-31,publication date 2015-01-01 through 2026-08-31,relevance descending,page 1,10,9115,10,yes,200,0,data/raw_metadata/crossref/QPAIR_DC_BLDG_frequency_response_regulation.json,38418e48b78b928f65dbce27b7703304ed9e2d94663197726bb9a02af76b5fe6,0.1.0,Bounded reproducible metadata discovery for this evidence-map run; all enabled query families are executed and truncation is disclosed.
RUN_20260831_EVIDENCE_MAP_01,QPAIR_DC_BLDG_local_energy_sharing_distribution_support,pairwise_multi_asset,crossref,"(""data centre"" OR ""data center"" OR ""AI data centre"" OR ""AI data center"" OR ""cloud computing facility"" OR ""high performance computing"" OR ""edge data centre"" OR ""edge data center"") AND (""smart building"" OR ""active building"" OR ""grid-interactive building"" OR ""grid-interactive efficient building"" OR ""building energy management system"" OR BEMS OR ""HVAC flexibility"" OR ""building thermal flexibility"") AND (""local energy sharing"" OR ""distribution grid"" OR ""voltage support"" OR ""congestion management"" OR microgrid OR ""virtual power plant"" OR VPP) AND (coordination OR ""coordinated control"" OR ""co-optimization"" OR aggregation OR ""multi-asset"" OR ""integrated energy management"" OR ""distributed control"" OR ""model predictive control"" OR MPC OR ""measurement and verification"")",https://api.crossref.org/works?query.bibliographic=%28%22data+centre%22+OR+%22data+center%22+OR+%22AI+data+centre%22+OR+%22AI+data+center%22+OR+%22cloud+computing+facility%22+OR+%22high+performance+computing%22+OR+%22edge+data+centre%22+OR+%22edge+data+center%22%29+AND+%28%22smart+building%22+OR+%22active+building%22+OR+%22grid-interactive+building%22+OR+%22grid-interactive+efficient+building%22+OR+%22building+energy+management+system%22+OR+BEMS+OR+%22HVAC+flexibility%22+OR+%22building+thermal+flexibility%22%29+AND+%28%22local+energy+sharing%22+OR+%22distribution+grid%22+OR+%22voltage+support%22+OR+%22congestion+management%22+OR+microgrid+OR+%22virtual+power+plant%22+OR+VPP%29+AND+%28coordination+OR+%22coordinated+control%22+OR+%22co-optimization%22+OR+aggregation+OR+%22multi-asset%22+OR+%22integrated+energy+management%22+OR+%22distributed+control%22+OR+%22model+predictive+control%22+OR+MPC+OR+%22measurement+and+verification%22%29&filter=from-pub-date%3A2015-01-01%2Cuntil-pub-date%3A2026-08-31&rows=10&sort=relevance&order=desc,2026-08-31T14:30:21Z,2015-01-01,2026-08-31,publication date 2015-01-01 through 2026-08-31,relevance descending,page 1,10,8818,10,yes,200,0,data/raw_metadata/crossref/QPAIR_DC_BLDG_local_energy_sharing_distribution_support.json,f0cf14a0753c9996aedb207f2d809349c9ac1e2fe12dbe769084b80bb00450b2,0.1.0,Bounded reproducible metadata discovery for this evidence-map run; all enabled query families are executed and truncation is disclosed.
RUN_20260831_EVIDENCE_MAP_01,QPAIR_DC_BLDG_renewable_energy_integration,pairwise_multi_asset,crossref,"(""data centre"" OR ""data center"" OR ""AI data centre"" OR ""AI data center"" OR ""cloud computing facility"" OR ""high performance computing"" OR ""edge data centre"" OR ""edge data center"") AND (""smart building"" OR ""active building"" OR ""grid-interactive building"" OR ""grid-interactive efficient building"" OR ""building energy management system"" OR BEMS OR ""HVAC flexibility"" OR ""building thermal flexibility"") AND (""renewable integration"" OR ""renewable energy matching"" OR curtailment OR ""carbon-aware"" OR ""clean energy matching"") AND (coordination OR ""coordinated control"" OR ""co-optimization"" OR aggregation OR ""multi-asset"" OR ""integrated energy management"" OR ""distributed control"" OR ""model predictive control"" OR MPC OR ""measurement and verification"")",https://api.crossref.org/works?query.bibliographic=%28%22data+centre%22+OR+%22data+center%22+OR+%22AI+data+centre%22+OR+%22AI+data+center%22+OR+%22cloud+computing+facility%22+OR+%22high+performance+computing%22+OR+%22edge+data+centre%22+OR+%22edge+data+center%22%29+AND+%28%22smart+building%22+OR+%22active+building%22+OR+%22grid-interactive+building%22+OR+%22grid-interactive+efficient+building%22+OR+%22building+energy+management+system%22+OR+BEMS+OR+%22HVAC+flexibility%22+OR+%22building+thermal+flexibility%22%29+AND+%28%22renewable+integration%22+OR+%22renewable+energy+matching%22+OR+curtailment+OR+%22carbon-aware%22+OR+%22clean+energy+matching%22%29+AND+%28coordination+OR+%22coordinated+control%22+OR+%22co-optimization%22+OR+aggregation+OR+%22multi-asset%22+OR+%22integrated+energy+management%22+OR+%22distributed+control%22+OR+%22model+predictive+control%22+OR+MPC+OR+%22measurement+and+verification%22%29&filter=from-pub-date%3A2015-01-01%2Cuntil-pub-date%3A2026-08-31&rows=10&sort=relevance&order=desc,2026-08-31T14:30:23Z,2015-01-01,2026-08-31,publication date 2015-01-01 through 2026-08-31,relevance descending,page 1,10,17061,10,yes,200,0,data/raw_metadata/crossref/QPAIR_DC_BLDG_renewable_energy_integration.json,d05dbf6c94e09435aa9643ab4ef38143991d0749e26d0b110475194cf634bf8b,0.1.0,Bounded reproducible metadata discovery for this evidence-map run; all enabled query families are executed and truncation is disclosed.
RUN_20260831_EVIDENCE_MAP_01,QPAIR_DC_BLDG_resilience_emergency_operation,pairwise_multi_asset,crossref,"(""data centre"" OR ""data center"" OR ""AI data centre"" OR ""AI data center"" OR ""cloud computing facility"" OR ""high performance computing"" OR ""edge data centre"" OR ""edge data center"") AND (""smart building"" OR ""active building"" OR ""grid-interactive building"" OR ""grid-interactive efficient building"" OR ""building energy management system"" OR BEMS OR ""HVAC flexibility"" OR ""building thermal flexibility"") AND (resilience OR ""emergency operation"" OR ""backup power"" OR outage OR ""critical load"" OR islanding) AND (coordination OR ""coordinated control"" OR ""co-optimization"" OR aggregation OR ""multi-asset"" OR ""integrated energy management"" OR ""distributed control"" OR ""model predictive control"" OR MPC OR ""measurement and verification"")",https://api.crossref.org/works?query.bibliographic=%28%22data+centre%22+OR+%22data+center%22+OR+%22AI+data+centre%22+OR+%22AI+data+center%22+OR+%22cloud+computing+facility%22+OR+%22high+performance+computing%22+OR+%22edge+data+centre%22+OR+%22edge+data+center%22%29+AND+%28%22smart+building%22+OR+%22active+building%22+OR+%22grid-interactive+building%22+OR+%22grid-interactive+efficient+building%22+OR+%22building+energy+management+system%22+OR+BEMS+OR+%22HVAC+flexibility%22+OR+%22building+thermal+flexibility%22%29+AND+%28resilience+OR+%22emergency+operation%22+OR+%22backup+power%22+OR+outage+OR+%22critical+load%22+OR+islanding%29+AND+%28coordination+OR+%22coordinated+control%22+OR+%22co-optimization%22+OR+aggregation+OR+%22multi-asset%22+OR+%22integrated+energy+management%22+OR+%22distributed+control%22+OR+%22model+predictive+control%22+OR+MPC+OR+%22measurement+and+verification%22%29&filter=from-pub-date%3A2015-01-01%2Cuntil-pub-date%3A2026-08-31&rows=10&sort=relevance&order=desc,2026-08-31T14:30:24Z,2015-01-01,2026-08-31,publication date 2015-01-01 through 2026-08-31,relevance descending,page 1,10,9198,10,yes,200,0,data/raw_metadata/crossref/QPAIR_DC_BLDG_resilience_emergency_operation.json,2c9f5752a6ea8f724de80598ede3756440ff685293afa761a35ecac96215c353,0.1.0,Bounded reproducible metadata discovery for this evidence-map run; all enabled query families are executed and truncation is disclosed.
RUN_20260831_EVIDENCE_MAP_01,QPAIR_DC_BS_demand_response_peak_management,pairwise_multi_asset,crossref,"(""data centre"" OR ""data center"" OR ""AI data centre"" OR ""AI data center"" OR ""cloud computing facility"" OR ""high performance computing"" OR ""edge data centre"" OR ""edge data center"") AND (""base station"" OR ""radio access network"" OR RAN OR ""telecom tower"" OR ""cellular network"" OR 5G OR ""5G-Advanced"" OR B5G OR ""IMT-2030"" OR 6G) AND (""demand response"" OR ""peak management"" OR ""peak shaving"" OR ""load shifting"" OR flexibility) AND (coordination OR ""coordinated control"" OR ""co-optimization"" OR aggregation OR ""multi-asset"" OR ""integrated energy management"" OR ""distributed control"" OR ""model predictive control"" OR MPC OR ""measurement and verification"")",https://api.crossref.org/works?query.bibliographic=%28%22data+centre%22+OR+%22data+center%22+OR+%22AI+data+centre%22+OR+%22AI+data+center%22+OR+%22cloud+computing+facility%22+OR+%22high+performance+computing%22+OR+%22edge+data+centre%22+OR+%22edge+data+center%22%29+AND+%28%22base+station%22+OR+%22radio+access+network%22+OR+RAN+OR+%22telecom+tower%22+OR+%22cellular+network%22+OR+5G+OR+%225G-Advanced%22+OR+B5G+OR+%22IMT-2030%22+OR+6G%29+AND+%28%22demand+response%22+OR+%22peak+management%22+OR+%22peak+shaving%22+OR+%22load+shifting%22+OR+flexibility%29+AND+%28coordination+OR+%22coordinated+control%22+OR+%22co-optimization%22+OR+aggregation+OR+%22multi-asset%22+OR+%22integrated+energy+management%22+OR+%22distributed+control%22+OR+%22model+predictive+control%22+OR+MPC+OR+%22measurement+and+verification%22%29&filter=from-pub-date%3A2015-01-01%2Cuntil-pub-date%3A2026-08-31&rows=10&sort=relevance&order=desc,2026-08-31T14:30:25Z,2015-01-01,2026-08-31,publication date 2015-01-01 through 2026-08-31,relevance descending,page 1,10,5359,10,yes,200,0,data/raw_metadata/crossref/QPAIR_DC_BS_demand_response_peak_management.json,5e3560cf1c9e13041962bbe92ec8631126f8bcf916070da0730054e879c3c7ff,0.1.0,Bounded reproducible metadata discovery for this evidence-map run; all enabled query families are executed and truncation is disclosed.
RUN_20260831_EVIDENCE_MAP_01,QPAIR_DC_BS_frequency_response_regulation,pairwise_multi_asset,crossref,"(""data centre"" OR ""data center"" OR ""AI data centre"" OR ""AI data center"" OR ""cloud computing facility"" OR ""high performance computing"" OR ""edge data centre"" OR ""edge data center"") AND (""base station"" OR ""radio access network"" OR RAN OR ""telecom tower"" OR ""cellular network"" OR 5G OR ""5G-Advanced"" OR B5G OR ""IMT-2030"" OR 6G) AND (""frequency response"" OR ""frequency regulation"" OR ""fast frequency response"" OR ""ancillary service"" OR reserve) AND (coordination OR ""coordinated control"" OR ""co-optimization"" OR aggregation OR ""multi-asset"" OR ""integrated energy management"" OR ""distributed control"" OR ""model predictive control"" OR MPC OR ""measurement and verification"")",https://api.crossref.org/works?query.bibliographic=%28%22data+centre%22+OR+%22data+center%22+OR+%22AI+data+centre%22+OR+%22AI+data+center%22+OR+%22cloud+computing+facility%22+OR+%22high+performance+computing%22+OR+%22edge+data+centre%22+OR+%22edge+data+center%22%29+AND+%28%22base+station%22+OR+%22radio+access+network%22+OR+RAN+OR+%22telecom+tower%22+OR+%22cellular+network%22+OR+5G+OR+%225G-Advanced%22+OR+B5G+OR+%22IMT-2030%22+OR+6G%29+AND+%28%22frequency+response%22+OR+%22frequency+regulation%22+OR+%22fast+frequency+response%22+OR+%22ancillary+service%22+OR+reserve%29+AND+%28coordination+OR+%22coordinated+control%22+OR+%22co-optimization%22+OR+aggregation+OR+%22multi-asset%22+OR+%22integrated+energy+management%22+OR+%22distributed+control%22+OR+%22model+predictive+control%22+OR+MPC+OR+%22measurement+and+verification%22%29&filter=from-pub-date%3A2015-01-01%2Cuntil-pub-date%3A2026-08-31&rows=10&sort=relevance&order=desc,2026-08-31T14:30:26Z,2015-01-01,2026-08-31,publication date 2015-01-01 through 2026-08-31,relevance descending,page 1,10,5014,10,yes,200,0,data/raw_metadata/crossref/QPAIR_DC_BS_frequency_response_regulation.json,6ca3ee85f73b45fe0b1b4929744f4a96c5590e0ca2dc7d6d7c3f79389164e4ce,0.1.0,Bounded reproducible metadata discovery for this evidence-map run; all enabled query families are executed and truncation is disclosed.
RUN_20260831_EVIDENCE_MAP_01,QPAIR_DC_BS_local_energy_sharing_distribution_support,pairwise_multi_asset,crossref,"(""data centre"" OR ""data center"" OR ""AI data centre"" OR ""AI data center"" OR ""cloud computing facility"" OR ""high performance computing"" OR ""edge data centre"" OR ""edge data center"") AND (""base station"" OR ""radio access network"" OR RAN OR ""telecom tower"" OR ""cellular network"" OR 5G OR ""5G-Advanced"" OR B5G OR ""IMT-2030"" OR 6G) AND (""local energy sharing"" OR ""distribution grid"" OR ""voltage support"" OR ""congestion management"" OR microgrid OR ""virtual power plant"" OR VPP) AND (coordination OR ""coordinated control"" OR ""co-optimization"" OR aggregation OR ""multi-asset"" OR ""integrated energy management"" OR ""distributed control"" OR ""model predictive control"" OR MPC OR ""measurement and verification"")",https://api.crossref.org/works?query.bibliographic=%28%22data+centre%22+OR+%22data+center%22+OR+%22AI+data+centre%22+OR+%22AI+data+center%22+OR+%22cloud+computing+facility%22+OR+%22high+performance+computing%22+OR+%22edge+data+centre%22+OR+%22edge+data+center%22%29+AND+%28%22base+station%22+OR+%22radio+access+network%22+OR+RAN+OR+%22telecom+tower%22+OR+%22cellular+network%22+OR+5G+OR+%225G-Advanced%22+OR+B5G+OR+%22IMT-2030%22+OR+6G%29+AND+%28%22local+energy+sharing%22+OR+%22distribution+grid%22+OR+%22voltage+support%22+OR+%22congestion+management%22+OR+microgrid+OR+%22virtual+power+plant%22+OR+VPP%29+AND+%28coordination+OR+%22coordinated+control%22+OR+%22co-optimization%22+OR+aggregation+OR+%22multi-asset%22+OR+%22integrated+energy+management%22+OR+%22distributed+control%22+OR+%22model+predictive+control%22+OR+MPC+OR+%22measurement+and+verification%22%29&filter=from-pub-date%3A2015-01-01%2Cuntil-pub-date%3A2026-08-31&rows=10&sort=relevance&order=desc,2026-08-31T14:30:27Z,2015-01-01,2026-08-31,publication date 2015-01-01 through 2026-08-31,relevance descending,page 1,10,3228,10,yes,200,0,data/raw_metadata/crossref/QPAIR_DC_BS_local_energy_sharing_distribution_support.json,347ca391a50fd54abf7a2bc808c293c7ae2fcb0b1cd0b7b3668f94f1f08812db,0.1.0,Bounded reproducible metadata discovery for this evidence-map run; all enabled query families are executed and truncation is disclosed.
RUN_20260831_EVIDENCE_MAP_01,QPAIR_DC_BS_renewable_energy_integration,pairwise_multi_asset,crossref,"(""data centre"" OR ""data center"" OR ""AI data centre"" OR ""AI data center"" OR ""cloud computing facility"" OR ""high performance computing"" OR ""edge data centre"" OR ""edge data center"") AND (""base station"" OR ""radio access network"" OR RAN OR ""telecom tower"" OR ""cellular network"" OR 5G OR ""5G-Advanced"" OR B5G OR ""IMT-2030"" OR 6G) AND (""renewable integration"" OR ""renewable energy matching"" OR curtailment OR ""carbon-aware"" OR ""clean energy matching"") AND (coordination OR ""coordinated control"" OR ""co-optimization"" OR aggregation OR ""multi-asset"" OR ""integrated energy management"" OR ""distributed control"" OR ""model predictive control"" OR MPC OR ""measurement and verification"")",https://api.crossref.org/works?query.bibliographic=%28%22data+centre%22+OR+%22data+center%22+OR+%22AI+data+centre%22+OR+%22AI+data+center%22+OR+%22cloud+computing+facility%22+OR+%22high+performance+computing%22+OR+%22edge+data+centre%22+OR+%22edge+data+center%22%29+AND+%28%22base+station%22+OR+%22radio+access+network%22+OR+RAN+OR+%22telecom+tower%22+OR+%22cellular+network%22+OR+5G+OR+%225G-Advanced%22+OR+B5G+OR+%22IMT-2030%22+OR+6G%29+AND+%28%22renewable+integration%22+OR+%22renewable+energy+matching%22+OR+curtailment+OR+%22carbon-aware%22+OR+%22clean+energy+matching%22%29+AND+%28coordination+OR+%22coordinated+control%22+OR+%22co-optimization%22+OR+aggregation+OR+%22multi-asset%22+OR+%22integrated+energy+management%22+OR+%22distributed+control%22+OR+%22model+predictive+control%22+OR+MPC+OR+%22measurement+and+verification%22%29&filter=from-pub-date%3A2015-01-01%2Cuntil-pub-date%3A2026-08-31&rows=10&sort=relevance&order=desc,2026-08-31T14:30:28Z,2015-01-01,2026-08-31,publication date 2015-01-01 through 2026-08-31,relevance descending,page 1,10,8320,10,yes,200,0,data/raw_metadata/crossref/QPAIR_DC_BS_renewable_energy_integration.json,35d940ecbb7cc07dbd9a707602152e142a1aceba7e595ac4366367c19ecb15cf,0.1.0,Bounded reproducible metadata discovery for this evidence-map run; all enabled query families are executed and truncation is disclosed.
RUN_20260831_EVIDENCE_MAP_01,QPAIR_DC_BS_resilience_emergency_operation,pairwise_multi_asset,crossref,"(""data centre"" OR ""data center"" OR ""AI data centre"" OR ""AI data center"" OR ""cloud computing facility"" OR ""high performance computing"" OR ""edge data centre"" OR ""edge data center"") AND (""base station"" OR ""radio access network"" OR RAN OR ""telecom tower"" OR ""cellular network"" OR 5G OR ""5G-Advanced"" OR B5G OR ""IMT-2030"" OR 6G) AND (resilience OR ""emergency operation"" OR ""backup power"" OR outage OR ""critical load"" OR islanding) AND (coordination OR ""coordinated control"" OR ""co-optimization"" OR aggregation OR ""multi-asset"" OR ""integrated energy management"" OR ""distributed control"" OR ""model predictive control"" OR MPC OR ""measurement and verification"")",https://api.crossref.org/works?query.bibliographic=%28%22data+centre%22+OR+%22data+center%22+OR+%22AI+data+centre%22+OR+%22AI+data+center%22+OR+%22cloud+computing+facility%22+OR+%22high+performance+computing%22+OR+%22edge+data+centre%22+OR+%22edge+data+center%22%29+AND+%28%22base+station%22+OR+%22radio+access+network%22+OR+RAN+OR+%22telecom+tower%22+OR+%22cellular+network%22+OR+5G+OR+%225G-Advanced%22+OR+B5G+OR+%22IMT-2030%22+OR+6G%29+AND+%28resilience+OR+%22emergency+operation%22+OR+%22backup+power%22+OR+outage+OR+%22critical+load%22+OR+islanding%29+AND+%28coordination+OR+%22coordinated+control%22+OR+%22co-optimization%22+OR+aggregation+OR+%22multi-asset%22+OR+%22integrated+energy+management%22+OR+%22distributed+control%22+OR+%22model+predictive+control%22+OR+MPC+OR+%22measurement+and+verification%22%29&filter=from-pub-date%3A2015-01-01%2Cuntil-pub-date%3A2026-08-31&rows=10&sort=relevance&order=desc,2026-08-31T14:30:30Z,2015-01-01,2026-08-31,publication date 2015-01-01 through 2026-08-31,relevance descending,page 1,10,4732,10,yes,200,0,data/raw_metadata/crossref/QPAIR_DC_BS_resilience_emergency_operation.json,602e3ecce574a0ab87bc69be460043d9121070d6e3d36c745615fd8e6100ccb1,0.1.0,Bounded reproducible metadata discovery for this evidence-map run; all enabled query families are executed and truncation is disclosed.
RUN_20260831_EVIDENCE_MAP_01,QPAIR_DC_EV_demand_response_peak_management,pairwise_multi_asset,crossref,"(""data centre"" OR ""data center"" OR ""AI data centre"" OR ""AI data center"" OR ""cloud computing facility"" OR ""high performance computing"" OR ""edge data centre"" OR ""edge data center"") AND (""electric vehicle"" OR ""EV fleet"" OR ""smart charging"" OR V1G OR ""vehicle-to-grid"" OR V2G OR ""vehicle-to-building"" OR V2B OR ""vehicle-to-home"" OR V2H) AND (""demand response"" OR ""peak management"" OR ""peak shaving"" OR ""load shifting"" OR flexibility) AND (coordination OR ""coordinated control"" OR ""co-optimization"" OR aggregation OR ""multi-asset"" OR ""integrated energy management"" OR ""distributed control"" OR ""model predictive control"" OR MPC OR ""measurement and verification"")",https://api.crossref.org/works?query.bibliographic=%28%22data+centre%22+OR+%22data+center%22+OR+%22AI+data+centre%22+OR+%22AI+data+center%22+OR+%22cloud+computing+facility%22+OR+%22high+performance+computing%22+OR+%22edge+data+centre%22+OR+%22edge+data+center%22%29+AND+%28%22electric+vehicle%22+OR+%22EV+fleet%22+OR+%22smart+charging%22+OR+V1G+OR+%22vehicle-to-grid%22+OR+V2G+OR+%22vehicle-to-building%22+OR+V2B+OR+%22vehicle-to-home%22+OR+V2H%29+AND+%28%22demand+response%22+OR+%22peak+management%22+OR+%22peak+shaving%22+OR+%22load+shifting%22+OR+flexibility%29+AND+%28coordination+OR+%22coordinated+control%22+OR+%22co-optimization%22+OR+aggregation+OR+%22multi-asset%22+OR+%22integrated+energy+management%22+OR+%22distributed+control%22+OR+%22model+predictive+control%22+OR+MPC+OR+%22measurement+and+verification%22%29&filter=from-pub-date%3A2015-01-01%2Cuntil-pub-date%3A2026-08-31&rows=10&sort=relevance&order=desc,2026-08-31T14:30:31Z,2015-01-01,2026-08-31,publication date 2015-01-01 through 2026-08-31,relevance descending,page 1,10,6178,10,yes,200,0,data/raw_metadata/crossref/QPAIR_DC_EV_demand_response_peak_management.json,c880e48adc801e388ccaf0639b49d042f92a6d81c7e43c65142188f80cd6a62a,0.1.0,Bounded reproducible metadata discovery for this evidence-map run; all enabled query families are executed and truncation is disclosed.
RUN_20260831_EVIDENCE_MAP_01,QPAIR_DC_EV_frequency_response_regulation,pairwise_multi_asset,crossref,"(""data centre"" OR ""data center"" OR ""AI data centre"" OR ""AI data center"" OR ""cloud computing facility"" OR ""high performance computing"" OR ""edge data centre"" OR ""edge data center"") AND (""electric vehicle"" OR ""EV fleet"" OR ""smart charging"" OR V1G OR ""vehicle-to-grid"" OR V2G OR ""vehicle-to-building"" OR V2B OR ""vehicle-to-home"" OR V2H) AND (""frequency response"" OR ""frequency regulation"" OR ""fast frequency response"" OR ""ancillary service"" OR reserve) AND (coordination OR ""coordinated control"" OR ""co-optimization"" OR aggregation OR ""multi-asset"" OR ""integrated energy management"" OR ""distributed control"" OR ""model predictive control"" OR MPC OR ""measurement and verification"")",https://api.crossref.org/works?query.bibliographic=%28%22data+centre%22+OR+%22data+center%22+OR+%22AI+data+centre%22+OR+%22AI+data+center%22+OR+%22cloud+computing+facility%22+OR+%22high+performance+computing%22+OR+%22edge+data+centre%22+OR+%22edge+data+center%22%29+AND+%28%22electric+vehicle%22+OR+%22EV+fleet%22+OR+%22smart+charging%22+OR+V1G+OR+%22vehicle-to-grid%22+OR+V2G+OR+%22vehicle-to-building%22+OR+V2B+OR+%22vehicle-to-home%22+OR+V2H%29+AND+%28%22frequency+response%22+OR+%22frequency+regulation%22+OR+%22fast+frequency+response%22+OR+%22ancillary+service%22+OR+reserve%29+AND+%28coordination+OR+%22coordinated+control%22+OR+%22co-optimization%22+OR+aggregation+OR+%22multi-asset%22+OR+%22integrated+energy+management%22+OR+%22distributed+control%22+OR+%22model+predictive+control%22+OR+MPC+OR+%22measurement+and+verification%22%29&filter=from-pub-date%3A2015-01-01%2Cuntil-pub-date%3A2026-08-31&rows=10&sort=relevance&order=desc,2026-08-31T14:30:32Z,2015-01-01,2026-08-31,publication date 2015-01-01 through 2026-08-31,relevance descending,page 1,10,5809,10,yes,200,0,data/raw_metadata/crossref/QPAIR_DC_EV_frequency_response_regulation.json,3a1086984da1729d52bf74b91cbf5f6835be81f71a111e1f0b809462cbae955e,0.1.0,Bounded reproducible metadata discovery for this evidence-map run; all enabled query families are executed and truncation is disclosed.
RUN_20260831_EVIDENCE_MAP_01,QPAIR_DC_EV_local_energy_sharing_distribution_support,pairwise_multi_asset,crossref,"(""data centre"" OR ""data center"" OR ""AI data centre"" OR ""AI data center"" OR ""cloud computing facility"" OR ""high performance computing"" OR ""edge data centre"" OR ""edge data center"") AND (""electric vehicle"" OR ""EV fleet"" OR ""smart charging"" OR V1G OR ""vehicle-to-grid"" OR V2G OR ""vehicle-to-building"" OR V2B OR ""vehicle-to-home"" OR V2H) AND (""local energy sharing"" OR ""distribution grid"" OR ""voltage support"" OR ""congestion management"" OR microgrid OR ""virtual power plant"" OR VPP) AND (coordination OR ""coordinated control"" OR ""co-optimization"" OR aggregation OR ""multi-asset"" OR ""integrated energy management"" OR ""distributed control"" OR ""model predictive control"" OR MPC OR ""measurement and verification"")",https://api.crossref.org/works?query.bibliographic=%28%22data+centre%22+OR+%22data+center%22+OR+%22AI+data+centre%22+OR+%22AI+data+center%22+OR+%22cloud+computing+facility%22+OR+%22high+performance+computing%22+OR+%22edge+data+centre%22+OR+%22edge+data+center%22%29+AND+%28%22electric+vehicle%22+OR+%22EV+fleet%22+OR+%22smart+charging%22+OR+V1G+OR+%22vehicle-to-grid%22+OR+V2G+OR+%22vehicle-to-building%22+OR+V2B+OR+%22vehicle-to-home%22+OR+V2H%29+AND+%28%22local+energy+sharing%22+OR+%22distribution+grid%22+OR+%22voltage+support%22+OR+%22congestion+management%22+OR+microgrid+OR+%22virtual+power+plant%22+OR+VPP%29+AND+%28coordination+OR+%22coordinated+control%22+OR+%22co-optimization%22+OR+aggregation+OR+%22multi-asset%22+OR+%22integrated+energy+management%22+OR+%22distributed+control%22+OR+%22model+predictive+control%22+OR+MPC+OR+%22measurement+and+verification%22%29&filter=from-pub-date%3A2015-01-01%2Cuntil-pub-date%3A2026-08-31&rows=10&sort=relevance&order=desc,2026-08-31T14:30:33Z,2015-01-01,2026-08-31,publication date 2015-01-01 through 2026-08-31,relevance descending,page 1,10,4346,10,yes,200,0,data/raw_metadata/crossref/QPAIR_DC_EV_local_energy_sharing_distribution_support.json,092c8a7de7637a1bfefb6bdf3394ad5f22392f2ae506ac6a5166e76b6b2f7d09,0.1.0,Bounded reproducible metadata discovery for this evidence-map run; all enabled query families are executed and truncation is disclosed.
RUN_20260831_EVIDENCE_MAP_01,QPAIR_DC_EV_renewable_energy_integration,pairwise_multi_asset,crossref,"(""data centre"" OR ""data center"" OR ""AI data centre"" OR ""AI data center"" OR ""cloud computing facility"" OR ""high performance computing"" OR ""edge data centre"" OR ""edge data center"") AND (""electric vehicle"" OR ""EV fleet"" OR ""smart charging"" OR V1G OR ""vehicle-to-grid"" OR V2G OR ""vehicle-to-building"" OR V2B OR ""vehicle-to-home"" OR V2H) AND (""renewable integration"" OR ""renewable energy matching"" OR curtailment OR ""carbon-aware"" OR ""clean energy matching"") AND (coordination OR ""coordinated control"" OR ""co-optimization"" OR aggregation OR ""multi-asset"" OR ""integrated energy management"" OR ""distributed control"" OR ""model predictive control"" OR MPC OR ""measurement and verification"")",https://api.crossref.org/works?query.bibliographic=%28%22data+centre%22+OR+%22data+center%22+OR+%22AI+data+centre%22+OR+%22AI+data+center%22+OR+%22cloud+computing+facility%22+OR+%22high+performance+computing%22+OR+%22edge+data+centre%22+OR+%22edge+data+center%22%29+AND+%28%22electric+vehicle%22+OR+%22EV+fleet%22+OR+%22smart+charging%22+OR+V1G+OR+%22vehicle-to-grid%22+OR+V2G+OR+%22vehicle-to-building%22+OR+V2B+OR+%22vehicle-to-home%22+OR+V2H%29+AND+%28%22renewable+integration%22+OR+%22renewable+energy+matching%22+OR+curtailment+OR+%22carbon-aware%22+OR+%22clean+energy+matching%22%29+AND+%28coordination+OR+%22coordinated+control%22+OR+%22co-optimization%22+OR+aggregation+OR+%22multi-asset%22+OR+%22integrated+energy+management%22+OR+%22distributed+control%22+OR+%22model+predictive+control%22+OR+MPC+OR+%22measurement+and+verification%22%29&filter=from-pub-date%3A2015-01-01%2Cuntil-pub-date%3A2026-08-31&rows=10&sort=relevance&order=desc,2026-08-31T14:30:34Z,2015-01-01,2026-08-31,publication date 2015-01-01 through 2026-08-31,relevance descending,page 1,10,10705,10,yes,200,0,data/raw_metadata/crossref/QPAIR_DC_EV_renewable_energy_integration.json,507f69561d350d0607a48063e19d484089d2d9a3b705e0592249ad29289bf808,0.1.0,Bounded reproducible metadata discovery for this evidence-map run; all enabled query families are executed and truncation is disclosed.
RUN_20260831_EVIDENCE_MAP_01,QPAIR_DC_EV_resilience_emergency_operation,pairwise_multi_asset,crossref,"(""data centre"" OR ""data center"" OR ""AI data centre"" OR ""AI data center"" OR ""cloud computing facility"" OR ""high performance computing"" OR ""edge data centre"" OR ""edge data center"") AND (""electric vehicle"" OR ""EV fleet"" OR ""smart charging"" OR V1G OR ""vehicle-to-grid"" OR V2G OR ""vehicle-to-building"" OR V2B OR ""vehicle-to-home"" OR V2H) AND (resilience OR ""emergency operation"" OR ""backup power"" OR outage OR ""critical load"" OR islanding) AND (coordination OR ""coordinated control"" OR ""co-optimization"" OR aggregation OR ""multi-asset"" OR ""integrated energy management"" OR ""distributed control"" OR ""model predictive control"" OR MPC OR ""measurement and verification"")",https://api.crossref.org/works?query.bibliographic=%28%22data+centre%22+OR+%22data+center%22+OR+%22AI+data+centre%22+OR+%22AI+data+center%22+OR+%22cloud+computing+facility%22+OR+%22high+performance+computing%22+OR+%22edge+data+centre%22+OR+%22edge+data+center%22%29+AND+%28%22electric+vehicle%22+OR+%22EV+fleet%22+OR+%22smart+charging%22+OR+V1G+OR+%22vehicle-to-grid%22+OR+V2G+OR+%22vehicle-to-building%22+OR+V2B+OR+%22vehicle-to-home%22+OR+V2H%29+AND+%28resilience+OR+%22emergency+operation%22+OR+%22backup+power%22+OR+outage+OR+%22critical+load%22+OR+islanding%29+AND+%28coordination+OR+%22coordinated+control%22+OR+%22co-optimization%22+OR+aggregation+OR+%22multi-asset%22+OR+%22integrated+energy+management%22+OR+%22distributed+control%22+OR+%22model+predictive+control%22+OR+MPC+OR+%22measurement+and+verification%22%29&filter=from-pub-date%3A2015-01-01%2Cuntil-pub-date%3A2026-08-31&rows=10&sort=relevance&order=desc,2026-08-31T14:30:35Z,2015-01-01,2026-08-31,publication date 2015-01-01 through 2026-08-31,relevance descending,page 1,10,5632,10,yes,200,0,data/raw_metadata/crossref/QPAIR_DC_EV_resilience_emergency_operation.json,c766b17b8e2eac5cfa6dab001a1198c391513c2be1a9098add650edb8eb802c4,0.1.0,Bounded reproducible metadata discovery for this evidence-map run; all enabled query families are executed and truncation is disclosed.
RUN_20260831_EVIDENCE_MAP_01,QPAIR_EV_BLDG_demand_response_peak_management,pairwise_multi_asset,crossref,"(""electric vehicle"" OR ""EV fleet"" OR ""smart charging"" OR V1G OR ""vehicle-to-grid"" OR V2G OR ""vehicle-to-building"" OR V2B OR ""vehicle-to-home"" OR V2H) AND (""smart building"" OR ""active building"" OR ""grid-interactive building"" OR ""grid-interactive efficient building"" OR ""building energy management system"" OR BEMS OR ""HVAC flexibility"" OR ""building thermal flexibility"") AND (""demand response"" OR ""peak management"" OR ""peak shaving"" OR ""load shifting"" OR flexibility) AND (coordination OR ""coordinated control"" OR ""co-optimization"" OR aggregation OR ""multi-asset"" OR ""integrated energy management"" OR ""distributed control"" OR ""model predictive control"" OR MPC OR ""measurement and verification"")",https://api.crossref.org/works?query.bibliographic=%28%22electric+vehicle%22+OR+%22EV+fleet%22+OR+%22smart+charging%22+OR+V1G+OR+%22vehicle-to-grid%22+OR+V2G+OR+%22vehicle-to-building%22+OR+V2B+OR+%22vehicle-to-home%22+OR+V2H%29+AND+%28%22smart+building%22+OR+%22active+building%22+OR+%22grid-interactive+building%22+OR+%22grid-interactive+efficient+building%22+OR+%22building+energy+management+system%22+OR+BEMS+OR+%22HVAC+flexibility%22+OR+%22building+thermal+flexibility%22%29+AND+%28%22demand+response%22+OR+%22peak+management%22+OR+%22peak+shaving%22+OR+%22load+shifting%22+OR+flexibility%29+AND+%28coordination+OR+%22coordinated+control%22+OR+%22co-optimization%22+OR+aggregation+OR+%22multi-asset%22+OR+%22integrated+energy+management%22+OR+%22distributed+control%22+OR+%22model+predictive+control%22+OR+MPC+OR+%22measurement+and+verification%22%29&filter=from-pub-date%3A2015-01-01%2Cuntil-pub-date%3A2026-08-31&rows=10&sort=relevance&order=desc,2026-08-31T14:30:36Z,2015-01-01,2026-08-31,publication date 2015-01-01 through 2026-08-31,relevance descending,page 1,10,8239,10,yes,200,0,data/raw_metadata/crossref/QPAIR_EV_BLDG_demand_response_peak_management.json,a61f97f97139fea1ac8f226350c36c74832080a51f65f0e272d67f57cd180abb,0.1.0,Bounded reproducible metadata discovery for this evidence-map run; all enabled query families are executed and truncation is disclosed.
RUN_20260831_EVIDENCE_MAP_01,QPAIR_EV_BLDG_frequency_response_regulation,pairwise_multi_asset,crossref,"(""electric vehicle"" OR ""EV fleet"" OR ""smart charging"" OR V1G OR ""vehicle-to-grid"" OR V2G OR ""vehicle-to-building"" OR V2B OR ""vehicle-to-home"" OR V2H) AND (""smart building"" OR ""active building"" OR ""grid-interactive building"" OR ""grid-interactive efficient building"" OR ""building energy management system"" OR BEMS OR ""HVAC flexibility"" OR ""building thermal flexibility"") AND (""frequency response"" OR ""frequency regulation"" OR ""fast frequency response"" OR ""ancillary service"" OR reserve) AND (coordination OR ""coordinated control"" OR ""co-optimization"" OR aggregation OR ""multi-asset"" OR ""integrated energy management"" OR ""distributed control"" OR ""model predictive control"" OR MPC OR ""measurement and verification"")",https://api.crossref.org/works?query.bibliographic=%28%22electric+vehicle%22+OR+%22EV+fleet%22+OR+%22smart+charging%22+OR+V1G+OR+%22vehicle-to-grid%22+OR+V2G+OR+%22vehicle-to-building%22+OR+V2B+OR+%22vehicle-to-home%22+OR+V2H%29+AND+%28%22smart+building%22+OR+%22active+building%22+OR+%22grid-interactive+building%22+OR+%22grid-interactive+efficient+building%22+OR+%22building+energy+management+system%22+OR+BEMS+OR+%22HVAC+flexibility%22+OR+%22building+thermal+flexibility%22%29+AND+%28%22frequency+response%22+OR+%22frequency+regulation%22+OR+%22fast+frequency+response%22+OR+%22ancillary+service%22+OR+reserve%29+AND+%28coordination+OR+%22coordinated+control%22+OR+%22co-optimization%22+OR+aggregation+OR+%22multi-asset%22+OR+%22integrated+energy+management%22+OR+%22distributed+control%22+OR+%22model+predictive+control%22+OR+MPC+OR+%22measurement+and+verification%22%29&filter=from-pub-date%3A2015-01-01%2Cuntil-pub-date%3A2026-08-31&rows=10&sort=relevance&order=desc,2026-08-31T14:30:37Z,2015-01-01,2026-08-31,publication date 2015-01-01 through 2026-08-31,relevance descending,page 1,10,6770,10,yes,200,0,data/raw_metadata/crossref/QPAIR_EV_BLDG_frequency_response_regulation.json,2a4d42c9b06bc1751d90ca2e17a226bb012e4a087c747c9ec99353dba64b3311,0.1.0,Bounded reproducible metadata discovery for this evidence-map run; all enabled query families are executed and truncation is disclosed.
RUN_20260831_EVIDENCE_MAP_01,QPAIR_EV_BLDG_local_energy_sharing_distribution_support,pairwise_multi_asset,crossref,"(""electric vehicle"" OR ""EV fleet"" OR ""smart charging"" OR V1G OR ""vehicle-to-grid"" OR V2G OR ""vehicle-to-building"" OR V2B OR ""vehicle-to-home"" OR V2H) AND (""smart building"" OR ""active building"" OR ""grid-interactive building"" OR ""grid-interactive efficient building"" OR ""building energy management system"" OR BEMS OR ""HVAC flexibility"" OR ""building thermal flexibility"") AND (""local energy sharing"" OR ""distribution grid"" OR ""voltage support"" OR ""congestion management"" OR microgrid OR ""virtual power plant"" OR VPP) AND (coordination OR ""coordinated control"" OR ""co-optimization"" OR aggregation OR ""multi-asset"" OR ""integrated energy management"" OR ""distributed control"" OR ""model predictive control"" OR MPC OR ""measurement and verification"")",https://api.crossref.org/works?query.bibliographic=%28%22electric+vehicle%22+OR+%22EV+fleet%22+OR+%22smart+charging%22+OR+V1G+OR+%22vehicle-to-grid%22+OR+V2G+OR+%22vehicle-to-building%22+OR+V2B+OR+%22vehicle-to-home%22+OR+V2H%29+AND+%28%22smart+building%22+OR+%22active+building%22+OR+%22grid-interactive+building%22+OR+%22grid-interactive+efficient+building%22+OR+%22building+energy+management+system%22+OR+BEMS+OR+%22HVAC+flexibility%22+OR+%22building+thermal+flexibility%22%29+AND+%28%22local+energy+sharing%22+OR+%22distribution+grid%22+OR+%22voltage+support%22+OR+%22congestion+management%22+OR+microgrid+OR+%22virtual+power+plant%22+OR+VPP%29+AND+%28coordination+OR+%22coordinated+control%22+OR+%22co-optimization%22+OR+aggregation+OR+%22multi-asset%22+OR+%22integrated+energy+management%22+OR+%22distributed+control%22+OR+%22model+predictive+control%22+OR+MPC+OR+%22measurement+and+verification%22%29&filter=from-pub-date%3A2015-01-01%2Cuntil-pub-date%3A2026-08-31&rows=10&sort=relevance&order=desc,2026-08-31T14:30:38Z,2015-01-01,2026-08-31,publication date 2015-01-01 through 2026-08-31,relevance descending,page 1,10,9991,10,yes,200,0,data/raw_metadata/crossref/QPAIR_EV_BLDG_local_energy_sharing_distribution_support.json,7cd340734b01f4f71fd1778d7a73387f058bc3d1fb271e44842546c7c7e22911,0.1.0,Bounded reproducible metadata discovery for this evidence-map run; all enabled query families are executed and truncation is disclosed.
RUN_20260831_EVIDENCE_MAP_01,QPAIR_EV_BLDG_renewable_energy_integration,pairwise_multi_asset,crossref,"(""electric vehicle"" OR ""EV fleet"" OR ""smart charging"" OR V1G OR ""vehicle-to-grid"" OR V2G OR ""vehicle-to-building"" OR V2B OR ""vehicle-to-home"" OR V2H) AND (""smart building"" OR ""active building"" OR ""grid-interactive building"" OR ""grid-interactive efficient building"" OR ""building energy management system"" OR BEMS OR ""HVAC flexibility"" OR ""building thermal flexibility"") AND (""renewable integration"" OR ""renewable energy matching"" OR curtailment OR ""carbon-aware"" OR ""clean energy matching"") AND (coordination OR ""coordinated control"" OR ""co-optimization"" OR aggregation OR ""multi-asset"" OR ""integrated energy management"" OR ""distributed control"" OR ""model predictive control"" OR MPC OR ""measurement and verification"")",https://api.crossref.org/works?query.bibliographic=%28%22electric+vehicle%22+OR+%22EV+fleet%22+OR+%22smart+charging%22+OR+V1G+OR+%22vehicle-to-grid%22+OR+V2G+OR+%22vehicle-to-building%22+OR+V2B+OR+%22vehicle-to-home%22+OR+V2H%29+AND+%28%22smart+building%22+OR+%22active+building%22+OR+%22grid-interactive+building%22+OR+%22grid-interactive+efficient+building%22+OR+%22building+energy+management+system%22+OR+BEMS+OR+%22HVAC+flexibility%22+OR+%22building+thermal+flexibility%22%29+AND+%28%22renewable+integration%22+OR+%22renewable+energy+matching%22+OR+curtailment+OR+%22carbon-aware%22+OR+%22clean+energy+matching%22%29+AND+%28coordination+OR+%22coordinated+control%22+OR+%22co-optimization%22+OR+aggregation+OR+%22multi-asset%22+OR+%22integrated+energy+management%22+OR+%22distributed+control%22+OR+%22model+predictive+control%22+OR+MPC+OR+%22measurement+and+verification%22%29&filter=from-pub-date%3A2015-01-01%2Cuntil-pub-date%3A2026-08-31&rows=10&sort=relevance&order=desc,2026-08-31T14:30:39Z,2015-01-01,2026-08-31,publication date 2015-01-01 through 2026-08-31,relevance descending,page 1,10,21436,10,yes,200,0,data/raw_metadata/crossref/QPAIR_EV_BLDG_renewable_energy_integration.json,c325053367ad936a8c673d21c17d598383fae77c29e07d61bb14098a268798ab,0.1.0,Bounded reproducible metadata discovery for this evidence-map run; all enabled query families are executed and truncation is disclosed.
RUN_20260831_EVIDENCE_MAP_01,QPAIR_EV_BLDG_resilience_emergency_operation,pairwise_multi_asset,crossref,"(""electric vehicle"" OR ""EV fleet"" OR ""smart charging"" OR V1G OR ""vehicle-to-grid"" OR V2G OR ""vehicle-to-building"" OR V2B OR ""vehicle-to-home"" OR V2H) AND (""smart building"" OR ""active building"" OR ""grid-interactive building"" OR ""grid-interactive efficient building"" OR ""building energy management system"" OR BEMS OR ""HVAC flexibility"" OR ""building thermal flexibility"") AND (resilience OR ""emergency operation"" OR ""backup power"" OR outage OR ""critical load"" OR islanding) AND (coordination OR ""coordinated control"" OR ""co-optimization"" OR aggregation OR ""multi-asset"" OR ""integrated energy management"" OR ""distributed control"" OR ""model predictive control"" OR MPC OR ""measurement and verification"")",https://api.crossref.org/works?query.bibliographic=%28%22electric+vehicle%22+OR+%22EV+fleet%22+OR+%22smart+charging%22+OR+V1G+OR+%22vehicle-to-grid%22+OR+V2G+OR+%22vehicle-to-building%22+OR+V2B+OR+%22vehicle-to-home%22+OR+V2H%29+AND+%28%22smart+building%22+OR+%22active+building%22+OR+%22grid-interactive+building%22+OR+%22grid-interactive+efficient+building%22+OR+%22building+energy+management+system%22+OR+BEMS+OR+%22HVAC+flexibility%22+OR+%22building+thermal+flexibility%22%29+AND+%28resilience+OR+%22emergency+operation%22+OR+%22backup+power%22+OR+outage+OR+%22critical+load%22+OR+islanding%29+AND+%28coordination+OR+%22coordinated+control%22+OR+%22co-optimization%22+OR+aggregation+OR+%22multi-asset%22+OR+%22integrated+energy+management%22+OR+%22distributed+control%22+OR+%22model+predictive+control%22+OR+MPC+OR+%22measurement+and+verification%22%29&filter=from-pub-date%3A2015-01-01%2Cuntil-pub-date%3A2026-08-31&rows=10&sort=relevance&order=desc,2026-08-31T14:30:40Z,2015-01-01,2026-08-31,publication date 2015-01-01 through 2026-08-31,relevance descending,page 1,10,6863,10,yes,200,0,data/raw_metadata/crossref/QPAIR_EV_BLDG_resilience_emergency_operation.json,92f111949a24c57a23141df8e92c3316e57dd8c5ab09f40cdc0a4172faccb030,0.1.0,Bounded reproducible metadata discovery for this evidence-map run; all enabled query families are executed and truncation is disclosed.
RUN_20260831_EVIDENCE_MAP_01,QPR_BLDG_demand_response_peak_management,prior_reviews,crossref,"(""smart building"" OR ""active building"" OR ""grid-interactive building"" OR ""grid-interactive efficient building"" OR ""building energy management system"" OR BEMS OR ""HVAC flexibility"" OR ""building thermal flexibility"") AND (""demand response"" OR ""peak management"" OR ""peak shaving"" OR ""load shifting"" OR flexibility) AND (review OR perspective OR survey)",https://api.crossref.org/works?query.bibliographic=%28%22smart+building%22+OR+%22active+building%22+OR+%22grid-interactive+building%22+OR+%22grid-interactive+efficient+building%22+OR+%22building+energy+management+system%22+OR+BEMS+OR+%22HVAC+flexibility%22+OR+%22building+thermal+flexibility%22%29+AND+%28%22demand+response%22+OR+%22peak+management%22+OR+%22peak+shaving%22+OR+%22load+shifting%22+OR+flexibility%29+AND+%28review+OR+perspective+OR+survey%29&filter=from-pub-date%3A2015-01-01%2Cuntil-pub-date%3A2026-08-31&rows=10&sort=relevance&order=desc,2026-08-31T14:30:41Z,2015-01-01,2026-08-31,publication date 2015-01-01 through 2026-08-31,relevance descending,page 1,10,399118,10,yes,200,0,data/raw_metadata/crossref/QPR_BLDG_demand_response_peak_management.json,b511eb267ff06ea947ef45918e43dc8f2464ea75793a3e628c1d46d98c65c144,0.1.0,Bounded reproducible metadata discovery for this evidence-map run; all enabled query families are executed and truncation is disclosed.
RUN_20260831_EVIDENCE_MAP_01,QPR_BLDG_frequency_response_regulation,prior_reviews,crossref,"(""smart building"" OR ""active building"" OR ""grid-interactive building"" OR ""grid-interactive efficient building"" OR ""building energy management system"" OR BEMS OR ""HVAC flexibility"" OR ""building thermal flexibility"") AND (""frequency response"" OR ""frequency regulation"" OR ""fast frequency response"" OR ""ancillary service"" OR reserve) AND (review OR perspective OR survey)",https://api.crossref.org/works?query.bibliographic=%28%22smart+building%22+OR+%22active+building%22+OR+%22grid-interactive+building%22+OR+%22grid-interactive+efficient+building%22+OR+%22building+energy+management+system%22+OR+BEMS+OR+%22HVAC+flexibility%22+OR+%22building+thermal+flexibility%22%29+AND+%28%22frequency+response%22+OR+%22frequency+regulation%22+OR+%22fast+frequency+response%22+OR+%22ancillary+service%22+OR+reserve%29+AND+%28review+OR+perspective+OR+survey%29&filter=from-pub-date%3A2015-01-01%2Cuntil-pub-date%3A2026-08-31&rows=10&sort=relevance&order=desc,2026-08-31T14:30:41Z,2015-01-01,2026-08-31,publication date 2015-01-01 through 2026-08-31,relevance descending,page 1,10,400136,10,yes,200,0,data/raw_metadata/crossref/QPR_BLDG_frequency_response_regulation.json,d699f5f0aa4e55d0db8a3cb4e2866a9102745a4db3df4da9d4da0d055bf8e2fe,0.1.0,Bounded reproducible metadata discovery for this evidence-map run; all enabled query families are executed and truncation is disclosed.
RUN_20260831_EVIDENCE_MAP_01,QPR_BLDG_local_energy_sharing_distribution_support,prior_reviews,crossref,"(""smart building"" OR ""active building"" OR ""grid-interactive building"" OR ""grid-interactive efficient building"" OR ""building energy management system"" OR BEMS OR ""HVAC flexibility"" OR ""building thermal flexibility"") AND (""local energy sharing"" OR ""distribution grid"" OR ""voltage support"" OR ""congestion management"" OR microgrid OR ""virtual power plant"" OR VPP) AND (review OR perspective OR survey)",https://api.crossref.org/works?query.bibliographic=%28%22smart+building%22+OR+%22active+building%22+OR+%22grid-interactive+building%22+OR+%22grid-interactive+efficient+building%22+OR+%22building+energy+management+system%22+OR+BEMS+OR+%22HVAC+flexibility%22+OR+%22building+thermal+flexibility%22%29+AND+%28%22local+energy+sharing%22+OR+%22distribution+grid%22+OR+%22voltage+support%22+OR+%22congestion+management%22+OR+microgrid+OR+%22virtual+power+plant%22+OR+VPP%29+AND+%28review+OR+perspective+OR+survey%29&filter=from-pub-date%3A2015-01-01%2Cuntil-pub-date%3A2026-08-31&rows=10&sort=relevance&order=desc,2026-08-31T14:30:42Z,2015-01-01,2026-08-31,publication date 2015-01-01 through 2026-08-31,relevance descending,page 1,10,132467,10,yes,200,0,data/raw_metadata/crossref/QPR_BLDG_local_energy_sharing_distribution_support.json,b7a5c98005874e34a0827dedf9e3dbf0195ad64da494745b62a4af8ec8373a8a,0.1.0,Bounded reproducible metadata discovery for this evidence-map run; all enabled query families are executed and truncation is disclosed.
RUN_20260831_EVIDENCE_MAP_01,QPR_BLDG_renewable_energy_integration,prior_reviews,crossref,"(""smart building"" OR ""active building"" OR ""grid-interactive building"" OR ""grid-interactive efficient building"" OR ""building energy management system"" OR BEMS OR ""HVAC flexibility"" OR ""building thermal flexibility"") AND (""renewable integration"" OR ""renewable energy matching"" OR curtailment OR ""carbon-aware"" OR ""clean energy matching"") AND (review OR perspective OR survey)",https://api.crossref.org/works?query.bibliographic=%28%22smart+building%22+OR+%22active+building%22+OR+%22grid-interactive+building%22+OR+%22grid-interactive+efficient+building%22+OR+%22building+energy+management+system%22+OR+BEMS+OR+%22HVAC+flexibility%22+OR+%22building+thermal+flexibility%22%29+AND+%28%22renewable+integration%22+OR+%22renewable+energy+matching%22+OR+curtailment+OR+%22carbon-aware%22+OR+%22clean+energy+matching%22%29+AND+%28review+OR+perspective+OR+survey%29&filter=from-pub-date%3A2015-01-01%2Cuntil-pub-date%3A2026-08-31&rows=10&sort=relevance&order=desc,2026-08-31T14:30:43Z,2015-01-01,2026-08-31,publication date 2015-01-01 through 2026-08-31,relevance descending,page 1,10,128731,10,yes,200,0,data/raw_metadata/crossref/QPR_BLDG_renewable_energy_integration.json,f207cc3e2624d02fc9d6b489c07bff151648c49b38655e3ccab9e5d3f89e65fc,0.1.0,Bounded reproducible metadata discovery for this evidence-map run; all enabled query families are executed and truncation is disclosed.
RUN_20260831_EVIDENCE_MAP_01,QPR_BLDG_resilience_emergency_operation,prior_reviews,crossref,"(""smart building"" OR ""active building"" OR ""grid-interactive building"" OR ""grid-interactive efficient building"" OR ""building energy management system"" OR BEMS OR ""HVAC flexibility"" OR ""building thermal flexibility"") AND (resilience OR ""emergency operation"" OR ""backup power"" OR outage OR ""critical load"" OR islanding) AND (review OR perspective OR survey)",https://api.crossref.org/works?query.bibliographic=%28%22smart+building%22+OR+%22active+building%22+OR+%22grid-interactive+building%22+OR+%22grid-interactive+efficient+building%22+OR+%22building+energy+management+system%22+OR+BEMS+OR+%22HVAC+flexibility%22+OR+%22building+thermal+flexibility%22%29+AND+%28resilience+OR+%22emergency+operation%22+OR+%22backup+power%22+OR+outage+OR+%22critical+load%22+OR+islanding%29+AND+%28review+OR+perspective+OR+survey%29&filter=from-pub-date%3A2015-01-01%2Cuntil-pub-date%3A2026-08-31&rows=10&sort=relevance&order=desc,2026-08-31T14:30:44Z,2015-01-01,2026-08-31,publication date 2015-01-01 through 2026-08-31,relevance descending,page 1,10,396325,10,yes,200,0,data/raw_metadata/crossref/QPR_BLDG_resilience_emergency_operation.json,a5edfa4a0f809f4a8d15fc5e5921e5163fdf15e37dcbb444d376d9acf79914af,0.1.0,Bounded reproducible metadata discovery for this evidence-map run; all enabled query families are executed and truncation is disclosed.
RUN_20260831_EVIDENCE_MAP_01,QPR_BS_demand_response_peak_management,prior_reviews,crossref,"(""base station"" OR ""radio access network"" OR RAN OR ""telecom tower"" OR ""cellular network"" OR 5G OR ""5G-Advanced"" OR B5G OR ""IMT-2030"" OR 6G) AND (""demand response"" OR ""peak management"" OR ""peak shaving"" OR ""load shifting"" OR flexibility) AND (review OR perspective OR survey)",https://api.crossref.org/works?query.bibliographic=%28%22base+station%22+OR+%22radio+access+network%22+OR+RAN+OR+%22telecom+tower%22+OR+%22cellular+network%22+OR+5G+OR+%225G-Advanced%22+OR+B5G+OR+%22IMT-2030%22+OR+6G%29+AND+%28%22demand+response%22+OR+%22peak+management%22+OR+%22peak+shaving%22+OR+%22load+shifting%22+OR+flexibility%29+AND+%28review+OR+perspective+OR+survey%29&filter=from-pub-date%3A2015-01-01%2Cuntil-pub-date%3A2026-08-31&rows=10&sort=relevance&order=desc,2026-08-31T14:30:45Z,2015-01-01,2026-08-31,publication date 2015-01-01 through 2026-08-31,relevance descending,page 1,10,5116,10,yes,200,0,data/raw_metadata/crossref/QPR_BS_demand_response_peak_management.json,d17e78f2729d5195f20b43260446a6ffa5c47f0f1c1a3b7cd3fa50a786d85871,0.1.0,Bounded reproducible metadata discovery for this evidence-map run; all enabled query families are executed and truncation is disclosed.
RUN_20260831_EVIDENCE_MAP_01,QPR_BS_frequency_response_regulation,prior_reviews,crossref,"(""base station"" OR ""radio access network"" OR RAN OR ""telecom tower"" OR ""cellular network"" OR 5G OR ""5G-Advanced"" OR B5G OR ""IMT-2030"" OR 6G) AND (""frequency response"" OR ""frequency regulation"" OR ""fast frequency response"" OR ""ancillary service"" OR reserve) AND (review OR perspective OR survey)",https://api.crossref.org/works?query.bibliographic=%28%22base+station%22+OR+%22radio+access+network%22+OR+RAN+OR+%22telecom+tower%22+OR+%22cellular+network%22+OR+5G+OR+%225G-Advanced%22+OR+B5G+OR+%22IMT-2030%22+OR+6G%29+AND+%28%22frequency+response%22+OR+%22frequency+regulation%22+OR+%22fast+frequency+response%22+OR+%22ancillary+service%22+OR+reserve%29+AND+%28review+OR+perspective+OR+survey%29&filter=from-pub-date%3A2015-01-01%2Cuntil-pub-date%3A2026-08-31&rows=10&sort=relevance&order=desc,2026-08-31T14:30:46Z,2015-01-01,2026-08-31,publication date 2015-01-01 through 2026-08-31,relevance descending,page 1,10,4072,10,yes,200,0,data/raw_metadata/crossref/QPR_BS_frequency_response_regulation.json,c402de30eb83f2bc77707e1a9912eed71a06a332420920d4cdabc68cf03235e3,0.1.0,Bounded reproducible metadata discovery for this evidence-map run; all enabled query families are executed and truncation is disclosed.
RUN_20260831_EVIDENCE_MAP_01,QPR_BS_local_energy_sharing_distribution_support,prior_reviews,crossref,"(""base station"" OR ""radio access network"" OR RAN OR ""telecom tower"" OR ""cellular network"" OR 5G OR ""5G-Advanced"" OR B5G OR ""IMT-2030"" OR 6G) AND (""local energy sharing"" OR ""distribution grid"" OR ""voltage support"" OR ""congestion management"" OR microgrid OR ""virtual power plant"" OR VPP) AND (review OR perspective OR survey)",https://api.crossref.org/works?query.bibliographic=%28%22base+station%22+OR+%22radio+access+network%22+OR+RAN+OR+%22telecom+tower%22+OR+%22cellular+network%22+OR+5G+OR+%225G-Advanced%22+OR+B5G+OR+%22IMT-2030%22+OR+6G%29+AND+%28%22local+energy+sharing%22+OR+%22distribution+grid%22+OR+%22voltage+support%22+OR+%22congestion+management%22+OR+microgrid+OR+%22virtual+power+plant%22+OR+VPP%29+AND+%28review+OR+perspective+OR+survey%29&filter=from-pub-date%3A2015-01-01%2Cuntil-pub-date%3A2026-08-31&rows=10&sort=relevance&order=desc,2026-08-31T14:30:47Z,2015-01-01,2026-08-31,publication date 2015-01-01 through 2026-08-31,relevance descending,page 1,10,3329,10,yes,200,0,data/raw_metadata/crossref/QPR_BS_local_energy_sharing_distribution_support.json,3d404c86954e027e30c423c79a5a08abe77db41a05ac01f2834a3815b94fc541,0.1.0,Bounded reproducible metadata discovery for this evidence-map run; all enabled query families are executed and truncation is disclosed.
RUN_20260831_EVIDENCE_MAP_01,QPR_BS_renewable_energy_integration,prior_reviews,crossref,"(""base station"" OR ""radio access network"" OR RAN OR ""telecom tower"" OR ""cellular network"" OR 5G OR ""5G-Advanced"" OR B5G OR ""IMT-2030"" OR 6G) AND (""renewable integration"" OR ""renewable energy matching"" OR curtailment OR ""carbon-aware"" OR ""clean energy matching"") AND (review OR perspective OR survey)",https://api.crossref.org/works?query.bibliographic=%28%22base+station%22+OR+%22radio+access+network%22+OR+RAN+OR+%22telecom+tower%22+OR+%22cellular+network%22+OR+5G+OR+%225G-Advanced%22+OR+B5G+OR+%22IMT-2030%22+OR+6G%29+AND+%28%22renewable+integration%22+OR+%22renewable+energy+matching%22+OR+curtailment+OR+%22carbon-aware%22+OR+%22clean+energy+matching%22%29+AND+%28review+OR+perspective+OR+survey%29&filter=from-pub-date%3A2015-01-01%2Cuntil-pub-date%3A2026-08-31&rows=10&sort=relevance&order=desc,2026-08-31T14:30:48Z,2015-01-01,2026-08-31,publication date 2015-01-01 through 2026-08-31,relevance descending,page 1,10,6993,10,yes,200,0,data/raw_metadata/crossref/QPR_BS_renewable_energy_integration.json,d9757db6406f942b3a8af026c5fb35c94412c8eb6ef8d719ba9f8b330e2fbbc0,0.1.0,Bounded reproducible metadata discovery for this evidence-map run; all enabled query families are executed and truncation is disclosed.
RUN_20260831_EVIDENCE_MAP_01,QPR_BS_resilience_emergency_operation,prior_reviews,crossref,"(""base station"" OR ""radio access network"" OR RAN OR ""telecom tower"" OR ""cellular network"" OR 5G OR ""5G-Advanced"" OR B5G OR ""IMT-2030"" OR 6G) AND (resilience OR ""emergency operation"" OR ""backup power"" OR outage OR ""critical load"" OR islanding) AND (review OR perspective OR survey)",https://api.crossref.org/works?query.bibliographic=%28%22base+station%22+OR+%22radio+access+network%22+OR+RAN+OR+%22telecom+tower%22+OR+%22cellular+network%22+OR+5G+OR+%225G-Advanced%22+OR+B5G+OR+%22IMT-2030%22+OR+6G%29+AND+%28resilience+OR+%22emergency+operation%22+OR+%22backup+power%22+OR+outage+OR+%22critical+load%22+OR+islanding%29+AND+%28review+OR+perspective+OR+survey%29&filter=from-pub-date%3A2015-01-01%2Cuntil-pub-date%3A2026-08-31&rows=10&sort=relevance&order=desc,2026-08-31T14:30:49Z,2015-01-01,2026-08-31,publication date 2015-01-01 through 2026-08-31,relevance descending,page 1,10,4365,10,yes,200,0,data/raw_metadata/crossref/QPR_BS_resilience_emergency_operation.json,c89f41cedb64d66ea61796cb417f99516f4864f1ed2c0213626cf108faccc8f1,0.1.0,Bounded reproducible metadata discovery for this evidence-map run; all enabled query families are executed and truncation is disclosed.
RUN_20260831_EVIDENCE_MAP_01,QPR_DC_demand_response_peak_management,prior_reviews,crossref,"(""data centre"" OR ""data center"" OR ""AI data centre"" OR ""AI data center"" OR ""cloud computing facility"" OR ""high performance computing"" OR ""edge data centre"" OR ""edge data center"") AND (""demand response"" OR ""peak management"" OR ""peak shaving"" OR ""load shifting"" OR flexibility) AND (review OR perspective OR survey)",https://api.crossref.org/works?query.bibliographic=%28%22data+centre%22+OR+%22data+center%22+OR+%22AI+data+centre%22+OR+%22AI+data+center%22+OR+%22cloud+computing+facility%22+OR+%22high+performance+computing%22+OR+%22edge+data+centre%22+OR+%22edge+data+center%22%29+AND+%28%22demand+response%22+OR+%22peak+management%22+OR+%22peak+shaving%22+OR+%22load+shifting%22+OR+flexibility%29+AND+%28review+OR+perspective+OR+survey%29&filter=from-pub-date%3A2015-01-01%2Cuntil-pub-date%3A2026-08-31&rows=10&sort=relevance&order=desc,2026-08-31T14:30:50Z,2015-01-01,2026-08-31,publication date 2015-01-01 through 2026-08-31,relevance descending,page 1,10,1876681,10,yes,200,0,data/raw_metadata/crossref/QPR_DC_demand_response_peak_management.json,0926f54d5a45f64dc9c3cd8641a2ab824188a33a12514a4f82c21aacf0b5bb13,0.1.0,Bounded reproducible metadata discovery for this evidence-map run; all enabled query families are executed and truncation is disclosed.
RUN_20260831_EVIDENCE_MAP_01,QPR_DC_frequency_response_regulation,prior_reviews,crossref,"(""data centre"" OR ""data center"" OR ""AI data centre"" OR ""AI data center"" OR ""cloud computing facility"" OR ""high performance computing"" OR ""edge data centre"" OR ""edge data center"") AND (""frequency response"" OR ""frequency regulation"" OR ""fast frequency response"" OR ""ancillary service"" OR reserve) AND (review OR perspective OR survey)",https://api.crossref.org/works?query.bibliographic=%28%22data+centre%22+OR+%22data+center%22+OR+%22AI+data+centre%22+OR+%22AI+data+center%22+OR+%22cloud+computing+facility%22+OR+%22high+performance+computing%22+OR+%22edge+data+centre%22+OR+%22edge+data+center%22%29+AND+%28%22frequency+response%22+OR+%22frequency+regulation%22+OR+%22fast+frequency+response%22+OR+%22ancillary+service%22+OR+reserve%29+AND+%28review+OR+perspective+OR+survey%29&filter=from-pub-date%3A2015-01-01%2Cuntil-pub-date%3A2026-08-31&rows=10&sort=relevance&order=desc,2026-08-31T14:30:52Z,2015-01-01,2026-08-31,publication date 2015-01-01 through 2026-08-31,relevance descending,page 1,10,373934,10,yes,200,0,data/raw_metadata/crossref/QPR_DC_frequency_response_regulation.json,44d7342d02ed23b33a431b5a3f27d57589cdbb3310ed1d71cfb8962d90e4dc1b,0.1.0,Bounded reproducible metadata discovery for this evidence-map run; all enabled query families are executed and truncation is disclosed.
RUN_20260831_EVIDENCE_MAP_01,QPR_DC_local_energy_sharing_distribution_support,prior_reviews,crossref,"(""data centre"" OR ""data center"" OR ""AI data centre"" OR ""AI data center"" OR ""cloud computing facility"" OR ""high performance computing"" OR ""edge data centre"" OR ""edge data center"") AND (""local energy sharing"" OR ""distribution grid"" OR ""voltage support"" OR ""congestion management"" OR microgrid OR ""virtual power plant"" OR VPP) AND (review OR perspective OR survey)",https://api.crossref.org/works?query.bibliographic=%28%22data+centre%22+OR+%22data+center%22+OR+%22AI+data+centre%22+OR+%22AI+data+center%22+OR+%22cloud+computing+facility%22+OR+%22high+performance+computing%22+OR+%22edge+data+centre%22+OR+%22edge+data+center%22%29+AND+%28%22local+energy+sharing%22+OR+%22distribution+grid%22+OR+%22voltage+support%22+OR+%22congestion+management%22+OR+microgrid+OR+%22virtual+power+plant%22+OR+VPP%29+AND+%28review+OR+perspective+OR+survey%29&filter=from-pub-date%3A2015-01-01%2Cuntil-pub-date%3A2026-08-31&rows=10&sort=relevance&order=desc,2026-08-31T14:30:53Z,2015-01-01,2026-08-31,publication date 2015-01-01 through 2026-08-31,relevance descending,page 1,10,509298,10,yes,200,0,data/raw_metadata/crossref/QPR_DC_local_energy_sharing_distribution_support.json,6aa50917c1325ec104956af194f18d1f077d645f8bb7a43b12836aaf7b7beab4,0.1.0,Bounded reproducible metadata discovery for this evidence-map run; all enabled query families are executed and truncation is disclosed.
RUN_20260831_EVIDENCE_MAP_01,QPR_DC_renewable_energy_integration,prior_reviews,crossref,"(""data centre"" OR ""data center"" OR ""AI data centre"" OR ""AI data center"" OR ""cloud computing facility"" OR ""high performance computing"" OR ""edge data centre"" OR ""edge data center"") AND (""renewable integration"" OR ""renewable energy matching"" OR curtailment OR ""carbon-aware"" OR ""clean energy matching"") AND (review OR perspective OR survey)",https://api.crossref.org/works?query.bibliographic=%28%22data+centre%22+OR+%22data+center%22+OR+%22AI+data+centre%22+OR+%22AI+data+center%22+OR+%22cloud+computing+facility%22+OR+%22high+performance+computing%22+OR+%22edge+data+centre%22+OR+%22edge+data+center%22%29+AND+%28%22renewable+integration%22+OR+%22renewable+energy+matching%22+OR+curtailment+OR+%22carbon-aware%22+OR+%22clean+energy+matching%22%29+AND+%28review+OR+perspective+OR+survey%29&filter=from-pub-date%3A2015-01-01%2Cuntil-pub-date%3A2026-08-31&rows=10&sort=relevance&order=desc,2026-08-31T14:30:54Z,2015-01-01,2026-08-31,publication date 2015-01-01 through 2026-08-31,relevance descending,page 1,10,395612,10,yes,200,0,data/raw_metadata/crossref/QPR_DC_renewable_energy_integration.json,0ed227f54b3bce2801a3b3d6fdf4e6688b284d06e412e72ec5b45793c9646251,0.1.0,Bounded reproducible metadata discovery for this evidence-map run; all enabled query families are executed and truncation is disclosed.
RUN_20260831_EVIDENCE_MAP_01,QPR_DC_resilience_emergency_operation,prior_reviews,crossref,"(""data centre"" OR ""data center"" OR ""AI data centre"" OR ""AI data center"" OR ""cloud computing facility"" OR ""high performance computing"" OR ""edge data centre"" OR ""edge data center"") AND (resilience OR ""emergency operation"" OR ""backup power"" OR outage OR ""critical load"" OR islanding) AND (review OR perspective OR survey)",https://api.crossref.org/works?query.bibliographic=%28%22data+centre%22+OR+%22data+center%22+OR+%22AI+data+centre%22+OR+%22AI+data+center%22+OR+%22cloud+computing+facility%22+OR+%22high+performance+computing%22+OR+%22edge+data+centre%22+OR+%22edge+data+center%22%29+AND+%28resilience+OR+%22emergency+operation%22+OR+%22backup+power%22+OR+outage+OR+%22critical+load%22+OR+islanding%29+AND+%28review+OR+perspective+OR+survey%29&filter=from-pub-date%3A2015-01-01%2Cuntil-pub-date%3A2026-08-31&rows=10&sort=relevance&order=desc,2026-08-31T14:30:55Z,2015-01-01,2026-08-31,publication date 2015-01-01 through 2026-08-31,relevance descending,page 1,10,1876154,10,yes,200,0,data/raw_metadata/crossref/QPR_DC_resilience_emergency_operation.json,a5afb080af7c89fb4e18161b93073603ab577d64fd9556da5931a1a657ae6c7d,0.1.0,Bounded reproducible metadata discovery for this evidence-map run; all enabled query families are executed and truncation is disclosed.
RUN_20260831_EVIDENCE_MAP_01,QPR_EV_demand_response_peak_management,prior_reviews,crossref,"(""electric vehicle"" OR ""EV fleet"" OR ""smart charging"" OR V1G OR ""vehicle-to-grid"" OR V2G OR ""vehicle-to-building"" OR V2B OR ""vehicle-to-home"" OR V2H) AND (""demand response"" OR ""peak management"" OR ""peak shaving"" OR ""load shifting"" OR flexibility) AND (review OR perspective OR survey)",https://api.crossref.org/works?query.bibliographic=%28%22electric+vehicle%22+OR+%22EV+fleet%22+OR+%22smart+charging%22+OR+V1G+OR+%22vehicle-to-grid%22+OR+V2G+OR+%22vehicle-to-building%22+OR+V2B+OR+%22vehicle-to-home%22+OR+V2H%29+AND+%28%22demand+response%22+OR+%22peak+management%22+OR+%22peak+shaving%22+OR+%22load+shifting%22+OR+flexibility%29+AND+%28review+OR+perspective+OR+survey%29&filter=from-pub-date%3A2015-01-01%2Cuntil-pub-date%3A2026-08-31&rows=10&sort=relevance&order=desc,2026-08-31T14:30:56Z,2015-01-01,2026-08-31,publication date 2015-01-01 through 2026-08-31,relevance descending,page 1,10,65856,10,yes,200,0,data/raw_metadata/crossref/QPR_EV_demand_response_peak_management.json,ba86dae644e24542f014ab506c5539380ea0ad43affcdefa7070e9021080c970,0.1.0,Bounded reproducible metadata discovery for this evidence-map run; all enabled query families are executed and truncation is disclosed.
RUN_20260831_EVIDENCE_MAP_01,QPR_EV_frequency_response_regulation,prior_reviews,crossref,"(""electric vehicle"" OR ""EV fleet"" OR ""smart charging"" OR V1G OR ""vehicle-to-grid"" OR V2G OR ""vehicle-to-building"" OR V2B OR ""vehicle-to-home"" OR V2H) AND (""frequency response"" OR ""frequency regulation"" OR ""fast frequency response"" OR ""ancillary service"" OR reserve) AND (review OR perspective OR survey)",https://api.crossref.org/works?query.bibliographic=%28%22electric+vehicle%22+OR+%22EV+fleet%22+OR+%22smart+charging%22+OR+V1G+OR+%22vehicle-to-grid%22+OR+V2G+OR+%22vehicle-to-building%22+OR+V2B+OR+%22vehicle-to-home%22+OR+V2H%29+AND+%28%22frequency+response%22+OR+%22frequency+regulation%22+OR+%22fast+frequency+response%22+OR+%22ancillary+service%22+OR+reserve%29+AND+%28review+OR+perspective+OR+survey%29&filter=from-pub-date%3A2015-01-01%2Cuntil-pub-date%3A2026-08-31&rows=10&sort=relevance&order=desc,2026-08-31T14:30:59Z,2015-01-01,2026-08-31,publication date 2015-01-01 through 2026-08-31,relevance descending,page 1,10,72996,10,yes,200,1,data/raw_metadata/crossref/QPR_EV_frequency_response_regulation.json,538dcda02126d0426218fadb84532440f5e956847f79081df2dcbb353f03c344,0.1.0,Bounded reproducible metadata discovery for this evidence-map run; all enabled query families are executed and truncation is disclosed.
RUN_20260831_EVIDENCE_MAP_01,QPR_EV_local_energy_sharing_distribution_support,prior_reviews,crossref,"(""electric vehicle"" OR ""EV fleet"" OR ""smart charging"" OR V1G OR ""vehicle-to-grid"" OR V2G OR ""vehicle-to-building"" OR V2B OR ""vehicle-to-home"" OR V2H) AND (""local energy sharing"" OR ""distribution grid"" OR ""voltage support"" OR ""congestion management"" OR microgrid OR ""virtual power plant"" OR VPP) AND (review OR perspective OR survey)",https://api.crossref.org/works?query.bibliographic=%28%22electric+vehicle%22+OR+%22EV+fleet%22+OR+%22smart+charging%22+OR+V1G+OR+%22vehicle-to-grid%22+OR+V2G+OR+%22vehicle-to-building%22+OR+V2B+OR+%22vehicle-to-home%22+OR+V2H%29+AND+%28%22local+energy+sharing%22+OR+%22distribution+grid%22+OR+%22voltage+support%22+OR+%22congestion+management%22+OR+microgrid+OR+%22virtual+power+plant%22+OR+VPP%29+AND+%28review+OR+perspective+OR+survey%29&filter=from-pub-date%3A2015-01-01%2Cuntil-pub-date%3A2026-08-31&rows=10&sort=relevance&order=desc,2026-08-31T14:30:59Z,2015-01-01,2026-08-31,publication date 2015-01-01 through 2026-08-31,relevance descending,page 1,10,39352,10,yes,200,0,data/raw_metadata/crossref/QPR_EV_local_energy_sharing_distribution_support.json,ffc391943182b9ff92b01374826b231fe0d50b3e96d28050cd62ae04ebfdbf72,0.1.0,Bounded reproducible metadata discovery for this evidence-map run; all enabled query families are executed and truncation is disclosed.
RUN_20260831_EVIDENCE_MAP_01,QPR_EV_renewable_energy_integration,prior_reviews,crossref,"(""electric vehicle"" OR ""EV fleet"" OR ""smart charging"" OR V1G OR ""vehicle-to-grid"" OR V2G OR ""vehicle-to-building"" OR V2B OR ""vehicle-to-home"" OR V2H) AND (""renewable integration"" OR ""renewable energy matching"" OR curtailment OR ""carbon-aware"" OR ""clean energy matching"") AND (review OR perspective OR survey)",https://api.crossref.org/works?query.bibliographic=%28%22electric+vehicle%22+OR+%22EV+fleet%22+OR+%22smart+charging%22+OR+V1G+OR+%22vehicle-to-grid%22+OR+V2G+OR+%22vehicle-to-building%22+OR+V2B+OR+%22vehicle-to-home%22+OR+V2H%29+AND+%28%22renewable+integration%22+OR+%22renewable+energy+matching%22+OR+curtailment+OR+%22carbon-aware%22+OR+%22clean+energy+matching%22%29+AND+%28review+OR+perspective+OR+survey%29&filter=from-pub-date%3A2015-01-01%2Cuntil-pub-date%3A2026-08-31&rows=10&sort=relevance&order=desc,2026-08-31T14:31:00Z,2015-01-01,2026-08-31,publication date 2015-01-01 through 2026-08-31,relevance descending,page 1,10,42324,10,yes,200,0,data/raw_metadata/crossref/QPR_EV_renewable_energy_integration.json,aac12cb2b35f054980124d6cb24894cc5fbb9bf94f5dfbbcd5746bb352f73c0a,0.1.0,Bounded reproducible metadata discovery for this evidence-map run; all enabled query families are executed and truncation is disclosed.
RUN_20260831_EVIDENCE_MAP_01,QPR_EV_resilience_emergency_operation,prior_reviews,crossref,"(""electric vehicle"" OR ""EV fleet"" OR ""smart charging"" OR V1G OR ""vehicle-to-grid"" OR V2G OR ""vehicle-to-building"" OR V2B OR ""vehicle-to-home"" OR V2H) AND (resilience OR ""emergency operation"" OR ""backup power"" OR outage OR ""critical load"" OR islanding) AND (review OR perspective OR survey)",https://api.crossref.org/works?query.bibliographic=%28%22electric+vehicle%22+OR+%22EV+fleet%22+OR+%22smart+charging%22+OR+V1G+OR+%22vehicle-to-grid%22+OR+V2G+OR+%22vehicle-to-building%22+OR+V2B+OR+%22vehicle-to-home%22+OR+V2H%29+AND+%28resilience+OR+%22emergency+operation%22+OR+%22backup+power%22+OR+outage+OR+%22critical+load%22+OR+islanding%29+AND+%28review+OR+perspective+OR+survey%29&filter=from-pub-date%3A2015-01-01%2Cuntil-pub-date%3A2026-08-31&rows=10&sort=relevance&order=desc,2026-08-31T14:31:00Z,2015-01-01,2026-08-31,publication date 2015-01-01 through 2026-08-31,relevance descending,page 1,10,64546,10,yes,200,0,data/raw_metadata/crossref/QPR_EV_resilience_emergency_operation.json,e81e113d3471d4085038b1804d7b764ce95ee4aac550f2d0588d61572230cdab,0.1.0,Bounded reproducible metadata discovery for this evidence-map run; all enabled query families are executed and truncation is disclosed.
RUN_20260831_EVIDENCE_MAP_01,QSA_BLDG_demand_response_peak_management,single_asset_service,crossref,"(""smart building"" OR ""active building"" OR ""grid-interactive building"" OR ""grid-interactive efficient building"" OR ""building energy management system"" OR BEMS OR ""HVAC flexibility"" OR ""building thermal flexibility"") AND (""demand response"" OR ""peak management"" OR ""peak shaving"" OR ""load shifting"" OR flexibility)",https://api.crossref.org/works?query.bibliographic=%28%22smart+building%22+OR+%22active+building%22+OR+%22grid-interactive+building%22+OR+%22grid-interactive+efficient+building%22+OR+%22building+energy+management+system%22+OR+BEMS+OR+%22HVAC+flexibility%22+OR+%22building+thermal+flexibility%22%29+AND+%28%22demand+response%22+OR+%22peak+management%22+OR+%22peak+shaving%22+OR+%22load+shifting%22+OR+flexibility%29&filter=from-pub-date%3A2015-01-01%2Cuntil-pub-date%3A2026-08-31&rows=10&sort=relevance&order=desc,2026-08-31T14:31:02Z,2015-01-01,2026-08-31,publication date 2015-01-01 through 2026-08-31,relevance descending,page 1,10,398418,10,yes,200,1,data/raw_metadata/crossref/QSA_BLDG_demand_response_peak_management.json,8f6098d5814e064c2458c332e7f075e70b1f2f13bb8ea2fad713debbe44517f8,0.1.0,Bounded reproducible metadata discovery for this evidence-map run; all enabled query families are executed and truncation is disclosed.
RUN_20260831_EVIDENCE_MAP_01,QSA_BLDG_frequency_response_regulation,single_asset_service,crossref,"(""smart building"" OR ""active building"" OR ""grid-interactive building"" OR ""grid-interactive efficient building"" OR ""building energy management system"" OR BEMS OR ""HVAC flexibility"" OR ""building thermal flexibility"") AND (""frequency response"" OR ""frequency regulation"" OR ""fast frequency response"" OR ""ancillary service"" OR reserve)",https://api.crossref.org/works?query.bibliographic=%28%22smart+building%22+OR+%22active+building%22+OR+%22grid-interactive+building%22+OR+%22grid-interactive+efficient+building%22+OR+%22building+energy+management+system%22+OR+BEMS+OR+%22HVAC+flexibility%22+OR+%22building+thermal+flexibility%22%29+AND+%28%22frequency+response%22+OR+%22frequency+regulation%22+OR+%22fast+frequency+response%22+OR+%22ancillary+service%22+OR+reserve%29&filter=from-pub-date%3A2015-01-01%2Cuntil-pub-date%3A2026-08-31&rows=10&sort=relevance&order=desc,2026-08-31T14:31:03Z,2015-01-01,2026-08-31,publication date 2015-01-01 through 2026-08-31,relevance descending,page 1,10,399405,10,yes,200,0,data/raw_metadata/crossref/QSA_BLDG_frequency_response_regulation.json,36c209f0a4a658d175d7109baf1656a1cb2825706c41494636047202dc1ae51a,0.1.0,Bounded reproducible metadata discovery for this evidence-map run; all enabled query families are executed and truncation is disclosed.
RUN_20260831_EVIDENCE_MAP_01,QSA_BLDG_local_energy_sharing_distribution_support,single_asset_service,crossref,"(""smart building"" OR ""active building"" OR ""grid-interactive building"" OR ""grid-interactive efficient building"" OR ""building energy management system"" OR BEMS OR ""HVAC flexibility"" OR ""building thermal flexibility"") AND (""local energy sharing"" OR ""distribution grid"" OR ""voltage support"" OR ""congestion management"" OR microgrid OR ""virtual power plant"" OR VPP)",https://api.crossref.org/works?query.bibliographic=%28%22smart+building%22+OR+%22active+building%22+OR+%22grid-interactive+building%22+OR+%22grid-interactive+efficient+building%22+OR+%22building+energy+management+system%22+OR+BEMS+OR+%22HVAC+flexibility%22+OR+%22building+thermal+flexibility%22%29+AND+%28%22local+energy+sharing%22+OR+%22distribution+grid%22+OR+%22voltage+support%22+OR+%22congestion+management%22+OR+microgrid+OR+%22virtual+power+plant%22+OR+VPP%29&filter=from-pub-date%3A2015-01-01%2Cuntil-pub-date%3A2026-08-31&rows=10&sort=relevance&order=desc,2026-08-31T14:31:04Z,2015-01-01,2026-08-31,publication date 2015-01-01 through 2026-08-31,relevance descending,page 1,10,117204,10,yes,200,0,data/raw_metadata/crossref/QSA_BLDG_local_energy_sharing_distribution_support.json,99061fab018006280764916cc5de6ba6d7d07e5a880605c2059cd7160b546e9e,0.1.0,Bounded reproducible metadata discovery for this evidence-map run; all enabled query families are executed and truncation is disclosed.
RUN_20260831_EVIDENCE_MAP_01,QSA_BLDG_renewable_energy_integration,single_asset_service,crossref,"(""smart building"" OR ""active building"" OR ""grid-interactive building"" OR ""grid-interactive efficient building"" OR ""building energy management system"" OR BEMS OR ""HVAC flexibility"" OR ""building thermal flexibility"") AND (""renewable integration"" OR ""renewable energy matching"" OR curtailment OR ""carbon-aware"" OR ""clean energy matching"")",https://api.crossref.org/works?query.bibliographic=%28%22smart+building%22+OR+%22active+building%22+OR+%22grid-interactive+building%22+OR+%22grid-interactive+efficient+building%22+OR+%22building+energy+management+system%22+OR+BEMS+OR+%22HVAC+flexibility%22+OR+%22building+thermal+flexibility%22%29+AND+%28%22renewable+integration%22+OR+%22renewable+energy+matching%22+OR+curtailment+OR+%22carbon-aware%22+OR+%22clean+energy+matching%22%29&filter=from-pub-date%3A2015-01-01%2Cuntil-pub-date%3A2026-08-31&rows=10&sort=relevance&order=desc,2026-08-31T14:31:04Z,2015-01-01,2026-08-31,publication date 2015-01-01 through 2026-08-31,relevance descending,page 1,10,467516,10,yes,200,0,data/raw_metadata/crossref/QSA_BLDG_renewable_energy_integration.json,ecae27a622937337f6a6f63e9c6ed4f169e5d9d2af480e4f60e8cd8012b98e00,0.1.0,Bounded reproducible metadata discovery for this evidence-map run; all enabled query families are executed and truncation is disclosed.
RUN_20260831_EVIDENCE_MAP_01,QSA_BLDG_resilience_emergency_operation,single_asset_service,crossref,"(""smart building"" OR ""active building"" OR ""grid-interactive building"" OR ""grid-interactive efficient building"" OR ""building energy management system"" OR BEMS OR ""HVAC flexibility"" OR ""building thermal flexibility"") AND (resilience OR ""emergency operation"" OR ""backup power"" OR outage OR ""critical load"" OR islanding)",https://api.crossref.org/works?query.bibliographic=%28%22smart+building%22+OR+%22active+building%22+OR+%22grid-interactive+building%22+OR+%22grid-interactive+efficient+building%22+OR+%22building+energy+management+system%22+OR+BEMS+OR+%22HVAC+flexibility%22+OR+%22building+thermal+flexibility%22%29+AND+%28resilience+OR+%22emergency+operation%22+OR+%22backup+power%22+OR+outage+OR+%22critical+load%22+OR+islanding%29&filter=from-pub-date%3A2015-01-01%2Cuntil-pub-date%3A2026-08-31&rows=10&sort=relevance&order=desc,2026-08-31T14:31:05Z,2015-01-01,2026-08-31,publication date 2015-01-01 through 2026-08-31,relevance descending,page 1,10,395718,10,yes,200,0,data/raw_metadata/crossref/QSA_BLDG_resilience_emergency_operation.json,467b8af2a6fc2785f22a0b29391cfbf7e84f85e322dbc7343a0c06a144da9f18,0.1.0,Bounded reproducible metadata discovery for this evidence-map run; all enabled query families are executed and truncation is disclosed.
RUN_20260831_EVIDENCE_MAP_01,QSA_BS_demand_response_peak_management,single_asset_service,crossref,"(""base station"" OR ""radio access network"" OR RAN OR ""telecom tower"" OR ""cellular network"" OR 5G OR ""5G-Advanced"" OR B5G OR ""IMT-2030"" OR 6G) AND (""demand response"" OR ""peak management"" OR ""peak shaving"" OR ""load shifting"" OR flexibility)",https://api.crossref.org/works?query.bibliographic=%28%22base+station%22+OR+%22radio+access+network%22+OR+RAN+OR+%22telecom+tower%22+OR+%22cellular+network%22+OR+5G+OR+%225G-Advanced%22+OR+B5G+OR+%22IMT-2030%22+OR+6G%29+AND+%28%22demand+response%22+OR+%22peak+management%22+OR+%22peak+shaving%22+OR+%22load+shifting%22+OR+flexibility%29&filter=from-pub-date%3A2015-01-01%2Cuntil-pub-date%3A2026-08-31&rows=10&sort=relevance&order=desc,2026-08-31T14:31:06Z,2015-01-01,2026-08-31,publication date 2015-01-01 through 2026-08-31,relevance descending,page 1,10,4424,10,yes,200,0,data/raw_metadata/crossref/QSA_BS_demand_response_peak_management.json,e99a3a49fab2b73b79d4105584e99796e78c638f4e0ed254d1382e6967575ba7,0.1.0,Bounded reproducible metadata discovery for this evidence-map run; all enabled query families are executed and truncation is disclosed.
RUN_20260831_EVIDENCE_MAP_01,QSA_BS_frequency_response_regulation,single_asset_service,crossref,"(""base station"" OR ""radio access network"" OR RAN OR ""telecom tower"" OR ""cellular network"" OR 5G OR ""5G-Advanced"" OR B5G OR ""IMT-2030"" OR 6G) AND (""frequency response"" OR ""frequency regulation"" OR ""fast frequency response"" OR ""ancillary service"" OR reserve)",https://api.crossref.org/works?query.bibliographic=%28%22base+station%22+OR+%22radio+access+network%22+OR+RAN+OR+%22telecom+tower%22+OR+%22cellular+network%22+OR+5G+OR+%225G-Advanced%22+OR+B5G+OR+%22IMT-2030%22+OR+6G%29+AND+%28%22frequency+response%22+OR+%22frequency+regulation%22+OR+%22fast+frequency+response%22+OR+%22ancillary+service%22+OR+reserve%29&filter=from-pub-date%3A2015-01-01%2Cuntil-pub-date%3A2026-08-31&rows=10&sort=relevance&order=desc,2026-08-31T14:31:06Z,2015-01-01,2026-08-31,publication date 2015-01-01 through 2026-08-31,relevance descending,page 1,10,23071,10,yes,200,0,data/raw_metadata/crossref/QSA_BS_frequency_response_regulation.json,ce95ba200438b151a81a6e84e7194f0dc5cd98a4148dec7d018ddf811dbddd0e,0.1.0,Bounded reproducible metadata discovery for this evidence-map run; all enabled query families are executed and truncation is disclosed.
RUN_20260831_EVIDENCE_MAP_01,QSA_BS_local_energy_sharing_distribution_support,single_asset_service,crossref,"(""base station"" OR ""radio access network"" OR RAN OR ""telecom tower"" OR ""cellular network"" OR 5G OR ""5G-Advanced"" OR B5G OR ""IMT-2030"" OR 6G) AND (""local energy sharing"" OR ""distribution grid"" OR ""voltage support"" OR ""congestion management"" OR microgrid OR ""virtual power plant"" OR VPP)",https://api.crossref.org/works?query.bibliographic=%28%22base+station%22+OR+%22radio+access+network%22+OR+RAN+OR+%22telecom+tower%22+OR+%22cellular+network%22+OR+5G+OR+%225G-Advanced%22+OR+B5G+OR+%22IMT-2030%22+OR+6G%29+AND+%28%22local+energy+sharing%22+OR+%22distribution+grid%22+OR+%22voltage+support%22+OR+%22congestion+management%22+OR+microgrid+OR+%22virtual+power+plant%22+OR+VPP%29&filter=from-pub-date%3A2015-01-01%2Cuntil-pub-date%3A2026-08-31&rows=10&sort=relevance&order=desc,2026-08-31T14:31:07Z,2015-01-01,2026-08-31,publication date 2015-01-01 through 2026-08-31,relevance descending,page 1,10,2976,10,yes,200,0,data/raw_metadata/crossref/QSA_BS_local_energy_sharing_distribution_support.json,03dc74f9c6ce9b7e4b6a357ea6be57e62282e9880f9b16bf38c81f5847e5868d,0.1.0,Bounded reproducible metadata discovery for this evidence-map run; all enabled query families are executed and truncation is disclosed.
RUN_20260831_EVIDENCE_MAP_01,QSA_BS_renewable_energy_integration,single_asset_service,crossref,"(""base station"" OR ""radio access network"" OR RAN OR ""telecom tower"" OR ""cellular network"" OR 5G OR ""5G-Advanced"" OR B5G OR ""IMT-2030"" OR 6G) AND (""renewable integration"" OR ""renewable energy matching"" OR curtailment OR ""carbon-aware"" OR ""clean energy matching"")",https://api.crossref.org/works?query.bibliographic=%28%22base+station%22+OR+%22radio+access+network%22+OR+RAN+OR+%22telecom+tower%22+OR+%22cellular+network%22+OR+5G+OR+%225G-Advanced%22+OR+B5G+OR+%22IMT-2030%22+OR+6G%29+AND+%28%22renewable+integration%22+OR+%22renewable+energy+matching%22+OR+curtailment+OR+%22carbon-aware%22+OR+%22clean+energy+matching%22%29&filter=from-pub-date%3A2015-01-01%2Cuntil-pub-date%3A2026-08-31&rows=10&sort=relevance&order=desc,2026-08-31T14:31:08Z,2015-01-01,2026-08-31,publication date 2015-01-01 through 2026-08-31,relevance descending,page 1,10,29472,10,yes,200,0,data/raw_metadata/crossref/QSA_BS_renewable_energy_integration.json,516fb61bb5a4971c6fc5ab443e66e692338e5f92ec5c88f3065e71005be6422d,0.1.0,Bounded reproducible metadata discovery for this evidence-map run; all enabled query families are executed and truncation is disclosed.
RUN_20260831_EVIDENCE_MAP_01,QSA_BS_resilience_emergency_operation,single_asset_service,crossref,"(""base station"" OR ""radio access network"" OR RAN OR ""telecom tower"" OR ""cellular network"" OR 5G OR ""5G-Advanced"" OR B5G OR ""IMT-2030"" OR 6G) AND (resilience OR ""emergency operation"" OR ""backup power"" OR outage OR ""critical load"" OR islanding)",https://api.crossref.org/works?query.bibliographic=%28%22base+station%22+OR+%22radio+access+network%22+OR+RAN+OR+%22telecom+tower%22+OR+%22cellular+network%22+OR+5G+OR+%225G-Advanced%22+OR+B5G+OR+%22IMT-2030%22+OR+6G%29+AND+%28resilience+OR+%22emergency+operation%22+OR+%22backup+power%22+OR+outage+OR+%22critical+load%22+OR+islanding%29&filter=from-pub-date%3A2015-01-01%2Cuntil-pub-date%3A2026-08-31&rows=10&sort=relevance&order=desc,2026-08-31T14:31:08Z,2015-01-01,2026-08-31,publication date 2015-01-01 through 2026-08-31,relevance descending,page 1,10,3718,10,yes,200,0,data/raw_metadata/crossref/QSA_BS_resilience_emergency_operation.json,b94bbc7ac45b6e25da2347261ec6acbc5c69d7066c6c3ed1dd9a4eec34fb2641,0.1.0,Bounded reproducible metadata discovery for this evidence-map run; all enabled query families are executed and truncation is disclosed.
RUN_20260831_EVIDENCE_MAP_01,QSA_DC_demand_response_peak_management,single_asset_service,crossref,"(""data centre"" OR ""data center"" OR ""AI data centre"" OR ""AI data center"" OR ""cloud computing facility"" OR ""high performance computing"" OR ""edge data centre"" OR ""edge data center"") AND (""demand response"" OR ""peak management"" OR ""peak shaving"" OR ""load shifting"" OR flexibility)",https://api.crossref.org/works?query.bibliographic=%28%22data+centre%22+OR+%22data+center%22+OR+%22AI+data+centre%22+OR+%22AI+data+center%22+OR+%22cloud+computing+facility%22+OR+%22high+performance+computing%22+OR+%22edge+data+centre%22+OR+%22edge+data+center%22%29+AND+%28%22demand+response%22+OR+%22peak+management%22+OR+%22peak+shaving%22+OR+%22load+shifting%22+OR+flexibility%29&filter=from-pub-date%3A2015-01-01%2Cuntil-pub-date%3A2026-08-31&rows=10&sort=relevance&order=desc,2026-08-31T14:31:09Z,2015-01-01,2026-08-31,publication date 2015-01-01 through 2026-08-31,relevance descending,page 1,10,1875887,10,yes,200,0,data/raw_metadata/crossref/QSA_DC_demand_response_peak_management.json,3a1f3d9ac6afe1b2dc10c7728f49d2fcab02452ab1ba3ff1dbfc3d3b359d644e,0.1.0,Bounded reproducible metadata discovery for this evidence-map run; all enabled query families are executed and truncation is disclosed.
RUN_20260831_EVIDENCE_MAP_01,QSA_DC_frequency_response_regulation,single_asset_service,crossref,"(""data centre"" OR ""data center"" OR ""AI data centre"" OR ""AI data center"" OR ""cloud computing facility"" OR ""high performance computing"" OR ""edge data centre"" OR ""edge data center"") AND (""frequency response"" OR ""frequency regulation"" OR ""fast frequency response"" OR ""ancillary service"" OR reserve)",https://api.crossref.org/works?query.bibliographic=%28%22data+centre%22+OR+%22data+center%22+OR+%22AI+data+centre%22+OR+%22AI+data+center%22+OR+%22cloud+computing+facility%22+OR+%22high+performance+computing%22+OR+%22edge+data+centre%22+OR+%22edge+data+center%22%29+AND+%28%22frequency+response%22+OR+%22frequency+regulation%22+OR+%22fast+frequency+response%22+OR+%22ancillary+service%22+OR+reserve%29&filter=from-pub-date%3A2015-01-01%2Cuntil-pub-date%3A2026-08-31&rows=10&sort=relevance&order=desc,2026-08-31T14:31:10Z,2015-01-01,2026-08-31,publication date 2015-01-01 through 2026-08-31,relevance descending,page 1,10,1880800,10,yes,200,0,data/raw_metadata/crossref/QSA_DC_frequency_response_regulation.json,532f89a84100af250b7e4e560d9770b6ef9b48b29c93c14c9dd13cc5f391cccf,0.1.0,Bounded reproducible metadata discovery for this evidence-map run; all enabled query families are executed and truncation is disclosed.
RUN_20260831_EVIDENCE_MAP_01,QSA_DC_local_energy_sharing_distribution_support,single_asset_service,crossref,"(""data centre"" OR ""data center"" OR ""AI data centre"" OR ""AI data center"" OR ""cloud computing facility"" OR ""high performance computing"" OR ""edge data centre"" OR ""edge data center"") AND (""local energy sharing"" OR ""distribution grid"" OR ""voltage support"" OR ""congestion management"" OR microgrid OR ""virtual power plant"" OR VPP)",https://api.crossref.org/works?query.bibliographic=%28%22data+centre%22+OR+%22data+center%22+OR+%22AI+data+centre%22+OR+%22AI+data+center%22+OR+%22cloud+computing+facility%22+OR+%22high+performance+computing%22+OR+%22edge+data+centre%22+OR+%22edge+data+center%22%29+AND+%28%22local+energy+sharing%22+OR+%22distribution+grid%22+OR+%22voltage+support%22+OR+%22congestion+management%22+OR+microgrid+OR+%22virtual+power+plant%22+OR+VPP%29&filter=from-pub-date%3A2015-01-01%2Cuntil-pub-date%3A2026-08-31&rows=10&sort=relevance&order=desc,2026-08-31T14:31:11Z,2015-01-01,2026-08-31,publication date 2015-01-01 through 2026-08-31,relevance descending,page 1,10,432270,10,yes,200,0,data/raw_metadata/crossref/QSA_DC_local_energy_sharing_distribution_support.json,67703eed205b3bd81e06373dc21ad9ddba46908af1cacbdabc84d27f7f00ed17,0.1.0,Bounded reproducible metadata discovery for this evidence-map run; all enabled query families are executed and truncation is disclosed.
RUN_20260831_EVIDENCE_MAP_01,QSA_DC_renewable_energy_integration,single_asset_service,crossref,"(""data centre"" OR ""data center"" OR ""AI data centre"" OR ""AI data center"" OR ""cloud computing facility"" OR ""high performance computing"" OR ""edge data centre"" OR ""edge data center"") AND (""renewable integration"" OR ""renewable energy matching"" OR curtailment OR ""carbon-aware"" OR ""clean energy matching"")",https://api.crossref.org/works?query.bibliographic=%28%22data+centre%22+OR+%22data+center%22+OR+%22AI+data+centre%22+OR+%22AI+data+center%22+OR+%22cloud+computing+facility%22+OR+%22high+performance+computing%22+OR+%22edge+data+centre%22+OR+%22edge+data+center%22%29+AND+%28%22renewable+integration%22+OR+%22renewable+energy+matching%22+OR+curtailment+OR+%22carbon-aware%22+OR+%22clean+energy+matching%22%29&filter=from-pub-date%3A2015-01-01%2Cuntil-pub-date%3A2026-08-31&rows=10&sort=relevance&order=desc,2026-08-31T14:31:12Z,2015-01-01,2026-08-31,publication date 2015-01-01 through 2026-08-31,relevance descending,page 1,10,1886156,10,yes,200,0,data/raw_metadata/crossref/QSA_DC_renewable_energy_integration.json,d38fa793f4a290b23b5fa44c3e01df7729e14f8bcb25dde2dea902b63236b70c,0.1.0,Bounded reproducible metadata discovery for this evidence-map run; all enabled query families are executed and truncation is disclosed.
RUN_20260831_EVIDENCE_MAP_01,QSA_DC_resilience_emergency_operation,single_asset_service,crossref,"(""data centre"" OR ""data center"" OR ""AI data centre"" OR ""AI data center"" OR ""cloud computing facility"" OR ""high performance computing"" OR ""edge data centre"" OR ""edge data center"") AND (resilience OR ""emergency operation"" OR ""backup power"" OR outage OR ""critical load"" OR islanding)",https://api.crossref.org/works?query.bibliographic=%28%22data+centre%22+OR+%22data+center%22+OR+%22AI+data+centre%22+OR+%22AI+data+center%22+OR+%22cloud+computing+facility%22+OR+%22high+performance+computing%22+OR+%22edge+data+centre%22+OR+%22edge+data+center%22%29+AND+%28resilience+OR+%22emergency+operation%22+OR+%22backup+power%22+OR+outage+OR+%22critical+load%22+OR+islanding%29&filter=from-pub-date%3A2015-01-01%2Cuntil-pub-date%3A2026-08-31&rows=10&sort=relevance&order=desc,2026-08-31T14:31:13Z,2015-01-01,2026-08-31,publication date 2015-01-01 through 2026-08-31,relevance descending,page 1,10,1875399,10,yes,200,0,data/raw_metadata/crossref/QSA_DC_resilience_emergency_operation.json,e9a9f36d4fa915451216aa796b6bac64587e93f5b077ad2d20e062219e3734d0,0.1.0,Bounded reproducible metadata discovery for this evidence-map run; all enabled query families are executed and truncation is disclosed.
RUN_20260831_EVIDENCE_MAP_01,QSA_EV_demand_response_peak_management,single_asset_service,crossref,"(""electric vehicle"" OR ""EV fleet"" OR ""smart charging"" OR V1G OR ""vehicle-to-grid"" OR V2G OR ""vehicle-to-building"" OR V2B OR ""vehicle-to-home"" OR V2H) AND (""demand response"" OR ""peak management"" OR ""peak shaving"" OR ""load shifting"" OR flexibility)",https://api.crossref.org/works?query.bibliographic=%28%22electric+vehicle%22+OR+%22EV+fleet%22+OR+%22smart+charging%22+OR+V1G+OR+%22vehicle-to-grid%22+OR+V2G+OR+%22vehicle-to-building%22+OR+V2B+OR+%22vehicle-to-home%22+OR+V2H%29+AND+%28%22demand+response%22+OR+%22peak+management%22+OR+%22peak+shaving%22+OR+%22load+shifting%22+OR+flexibility%29&filter=from-pub-date%3A2015-01-01%2Cuntil-pub-date%3A2026-08-31&rows=10&sort=relevance&order=desc,2026-08-31T14:31:14Z,2015-01-01,2026-08-31,publication date 2015-01-01 through 2026-08-31,relevance descending,page 1,10,61135,10,yes,200,0,data/raw_metadata/crossref/QSA_EV_demand_response_peak_management.json,e465f3975d308b7bcdb8ebedbea5e72239c05f9c223fe68a3d55f201532136c2,0.1.0,Bounded reproducible metadata discovery for this evidence-map run; all enabled query families are executed and truncation is disclosed.
RUN_20260831_EVIDENCE_MAP_01,QSA_EV_frequency_response_regulation,single_asset_service,crossref,"(""electric vehicle"" OR ""EV fleet"" OR ""smart charging"" OR V1G OR ""vehicle-to-grid"" OR V2G OR ""vehicle-to-building"" OR V2B OR ""vehicle-to-home"" OR V2H) AND (""frequency response"" OR ""frequency regulation"" OR ""fast frequency response"" OR ""ancillary service"" OR reserve)",https://api.crossref.org/works?query.bibliographic=%28%22electric+vehicle%22+OR+%22EV+fleet%22+OR+%22smart+charging%22+OR+V1G+OR+%22vehicle-to-grid%22+OR+V2G+OR+%22vehicle-to-building%22+OR+V2B+OR+%22vehicle-to-home%22+OR+V2H%29+AND+%28%22frequency+response%22+OR+%22frequency+regulation%22+OR+%22fast+frequency+response%22+OR+%22ancillary+service%22+OR+reserve%29&filter=from-pub-date%3A2015-01-01%2Cuntil-pub-date%3A2026-08-31&rows=10&sort=relevance&order=desc,2026-08-31T14:31:16Z,2015-01-01,2026-08-31,publication date 2015-01-01 through 2026-08-31,relevance descending,page 1,10,67568,10,yes,200,1,data/raw_metadata/crossref/QSA_EV_frequency_response_regulation.json,f11930ae115f31c267d6e7e15746bb376e57ea850fff3ecba159bf44c0ded916,0.1.0,Bounded reproducible metadata discovery for this evidence-map run; all enabled query families are executed and truncation is disclosed.
RUN_20260831_EVIDENCE_MAP_01,QSA_EV_local_energy_sharing_distribution_support,single_asset_service,crossref,"(""electric vehicle"" OR ""EV fleet"" OR ""smart charging"" OR V1G OR ""vehicle-to-grid"" OR V2G OR ""vehicle-to-building"" OR V2B OR ""vehicle-to-home"" OR V2H) AND (""local energy sharing"" OR ""distribution grid"" OR ""voltage support"" OR ""congestion management"" OR microgrid OR ""virtual power plant"" OR VPP)",https://api.crossref.org/works?query.bibliographic=%28%22electric+vehicle%22+OR+%22EV+fleet%22+OR+%22smart+charging%22+OR+V1G+OR+%22vehicle-to-grid%22+OR+V2G+OR+%22vehicle-to-building%22+OR+V2B+OR+%22vehicle-to-home%22+OR+V2H%29+AND+%28%22local+energy+sharing%22+OR+%22distribution+grid%22+OR+%22voltage+support%22+OR+%22congestion+management%22+OR+microgrid+OR+%22virtual+power+plant%22+OR+VPP%29&filter=from-pub-date%3A2015-01-01%2Cuntil-pub-date%3A2026-08-31&rows=10&sort=relevance&order=desc,2026-08-31T14:31:16Z,2015-01-01,2026-08-31,publication date 2015-01-01 through 2026-08-31,relevance descending,page 1,10,37168,10,yes,200,0,data/raw_metadata/crossref/QSA_EV_local_energy_sharing_distribution_support.json,3905524358730bcab5781dfdb802570fa587b0e69a3a1670bbd349e31ddc43f6,0.1.0,Bounded reproducible metadata discovery for this evidence-map run; all enabled query families are executed and truncation is disclosed.
RUN_20260831_EVIDENCE_MAP_01,QSA_EV_renewable_energy_integration,single_asset_service,crossref,"(""electric vehicle"" OR ""EV fleet"" OR ""smart charging"" OR V1G OR ""vehicle-to-grid"" OR V2G OR ""vehicle-to-building"" OR V2B OR ""vehicle-to-home"" OR V2H) AND (""renewable integration"" OR ""renewable energy matching"" OR curtailment OR ""carbon-aware"" OR ""clean energy matching"")",https://api.crossref.org/works?query.bibliographic=%28%22electric+vehicle%22+OR+%22EV+fleet%22+OR+%22smart+charging%22+OR+V1G+OR+%22vehicle-to-grid%22+OR+V2G+OR+%22vehicle-to-building%22+OR+V2B+OR+%22vehicle-to-home%22+OR+V2H%29+AND+%28%22renewable+integration%22+OR+%22renewable+energy+matching%22+OR+curtailment+OR+%22carbon-aware%22+OR+%22clean+energy+matching%22%29&filter=from-pub-date%3A2015-01-01%2Cuntil-pub-date%3A2026-08-31&rows=10&sort=relevance&order=desc,2026-08-31T14:31:17Z,2015-01-01,2026-08-31,publication date 2015-01-01 through 2026-08-31,relevance descending,page 1,10,95483,10,yes,200,0,data/raw_metadata/crossref/QSA_EV_renewable_energy_integration.json,c2a45d4860471fab1f777e8a5d30bb83a065f28521f13a424c80baf455e34674,0.1.0,Bounded reproducible metadata discovery for this evidence-map run; all enabled query families are executed and truncation is disclosed.
RUN_20260831_EVIDENCE_MAP_01,QSA_EV_resilience_emergency_operation,single_asset_service,crossref,"(""electric vehicle"" OR ""EV fleet"" OR ""smart charging"" OR V1G OR ""vehicle-to-grid"" OR V2G OR ""vehicle-to-building"" OR V2B OR ""vehicle-to-home"" OR V2H) AND (resilience OR ""emergency operation"" OR ""backup power"" OR outage OR ""critical load"" OR islanding)",https://api.crossref.org/works?query.bibliographic=%28%22electric+vehicle%22+OR+%22EV+fleet%22+OR+%22smart+charging%22+OR+V1G+OR+%22vehicle-to-grid%22+OR+V2G+OR+%22vehicle-to-building%22+OR+V2B+OR+%22vehicle-to-home%22+OR+V2H%29+AND+%28resilience+OR+%22emergency+operation%22+OR+%22backup+power%22+OR+outage+OR+%22critical+load%22+OR+islanding%29&filter=from-pub-date%3A2015-01-01%2Cuntil-pub-date%3A2026-08-31&rows=10&sort=relevance&order=desc,2026-08-31T14:31:19Z,2015-01-01,2026-08-31,publication date 2015-01-01 through 2026-08-31,relevance descending,page 1,10,59692,10,yes,200,1,data/raw_metadata/crossref/QSA_EV_resilience_emergency_operation.json,91307bc2a530e1d48b4a69ac6c4d4def82364c746df88f95051be9c9687c0201,0.1.0,Bounded reproducible metadata discovery for this evidence-map run; all enabled query families are executed and truncation is disclosed.
RUN_20260831_EVIDENCE_MAP_01,QFIELD_BLDG_demand_response_peak_management,field_and_operational_evidence,openalex,"(""smart building"" OR ""active building"" OR ""grid-interactive building"" OR ""grid-interactive efficient building"" OR ""building energy management system"" OR BEMS OR ""HVAC flexibility"" OR ""building thermal flexibility"") AND (""demand response"" OR ""peak management"" OR ""peak shaving"" OR ""load shifting"" OR flexibility) AND (field OR pilot OR demonstration OR experiment OR ""hardware-in-the-loop"" OR HIL OR ""real-world data"" OR ""market participation"" OR ""case study"")",https://api.openalex.org/works?search=%28%22smart+building%22+OR+%22active+building%22+OR+%22grid-interactive+building%22+OR+%22grid-interactive+efficient+building%22+OR+%22building+energy+management+system%22+OR+BEMS+OR+%22HVAC+flexibility%22+OR+%22building+thermal+flexibility%22%29+AND+%28%22demand+response%22+OR+%22peak+management%22+OR+%22peak+shaving%22+OR+%22load+shifting%22+OR+flexibility%29+AND+%28field+OR+pilot+OR+demonstration+OR+experiment+OR+%22hardware-in-the-loop%22+OR+HIL+OR+%22real-world+data%22+OR+%22market+participation%22+OR+%22case+study%22%29&filter=from_publication_date%3A2015-01-01%2Cto_publication_date%3A2026-08-31&per-page=10&sort=relevance_score%3Adesc&select=id%2Cdoi%2Ctitle%2Cdisplay_name%2Cpublication_year%2Cpublication_date%2Ctype%2Cauthorships%2Cprimary_location%2Copen_access%2Clanguage%2Cabstract_inverted_index,2026-08-31T14:31:24Z,2015-01-01,2026-08-31,publication date 2015-01-01 through 2026-08-31,relevance descending,page 1,10,52326,10,yes,200,0,data/raw_metadata/openalex/QFIELD_BLDG_demand_response_peak_management.json,fd2be2d08d04c354474ef2ae8111645ec83b14d4b72ccc06ce1d78d53e4523b2,0.1.0,Bounded reproducible metadata discovery for this evidence-map run; all enabled query families are executed and truncation is disclosed.
RUN_20260831_EVIDENCE_MAP_01,QFIELD_BLDG_frequency_response_regulation,field_and_operational_evidence,openalex,"(""smart building"" OR ""active building"" OR ""grid-interactive building"" OR ""grid-interactive efficient building"" OR ""building energy management system"" OR BEMS OR ""HVAC flexibility"" OR ""building thermal flexibility"") AND (""frequency response"" OR ""frequency regulation"" OR ""fast frequency response"" OR ""ancillary service"" OR reserve) AND (field OR pilot OR demonstration OR experiment OR ""hardware-in-the-loop"" OR HIL OR ""real-world data"" OR ""market participation"" OR ""case study"")",https://api.openalex.org/works?search=%28%22smart+building%22+OR+%22active+building%22+OR+%22grid-interactive+building%22+OR+%22grid-interactive+efficient+building%22+OR+%22building+energy+management+system%22+OR+BEMS+OR+%22HVAC+flexibility%22+OR+%22building+thermal+flexibility%22%29+AND+%28%22frequency+response%22+OR+%22frequency+regulation%22+OR+%22fast+frequency+response%22+OR+%22ancillary+service%22+OR+reserve%29+AND+%28field+OR+pilot+OR+demonstration+OR+experiment+OR+%22hardware-in-the-loop%22+OR+HIL+OR+%22real-world+data%22+OR+%22market+participation%22+OR+%22case+study%22%29&filter=from_publication_date%3A2015-01-01%2Cto_publication_date%3A2026-08-31&per-page=10&sort=relevance_score%3Adesc&select=id%2Cdoi%2Ctitle%2Cdisplay_name%2Cpublication_year%2Cpublication_date%2Ctype%2Cauthorships%2Cprimary_location%2Copen_access%2Clanguage%2Cabstract_inverted_index,2026-08-31T14:31:25Z,2015-01-01,2026-08-31,publication date 2015-01-01 through 2026-08-31,relevance descending,page 1,10,16342,10,yes,200,0,data/raw_metadata/openalex/QFIELD_BLDG_frequency_response_regulation.json,3868fd3aa9ea11d0349674691164ca082214df55c78648383896ed28ca435c9e,0.1.0,Bounded reproducible metadata discovery for this evidence-map run; all enabled query families are executed and truncation is disclosed.
RUN_20260831_EVIDENCE_MAP_01,QFIELD_BLDG_local_energy_sharing_distribution_support,field_and_operational_evidence,openalex,"(""smart building"" OR ""active building"" OR ""grid-interactive building"" OR ""grid-interactive efficient building"" OR ""building energy management system"" OR BEMS OR ""HVAC flexibility"" OR ""building thermal flexibility"") AND (""local energy sharing"" OR ""distribution grid"" OR ""voltage support"" OR ""congestion management"" OR microgrid OR ""virtual power plant"" OR VPP) AND (field OR pilot OR demonstration OR experiment OR ""hardware-in-the-loop"" OR HIL OR ""real-world data"" OR ""market participation"" OR ""case study"")",https://api.openalex.org/works?search=%28%22smart+building%22+OR+%22active+building%22+OR+%22grid-interactive+building%22+OR+%22grid-interactive+efficient+building%22+OR+%22building+energy+management+system%22+OR+BEMS+OR+%22HVAC+flexibility%22+OR+%22building+thermal+flexibility%22%29+AND+%28%22local+energy+sharing%22+OR+%22distribution+grid%22+OR+%22voltage+support%22+OR+%22congestion+management%22+OR+microgrid+OR+%22virtual+power+plant%22+OR+VPP%29+AND+%28field+OR+pilot+OR+demonstration+OR+experiment+OR+%22hardware-in-the-loop%22+OR+HIL+OR+%22real-world+data%22+OR+%22market+participation%22+OR+%22case+study%22%29&filter=from_publication_date%3A2015-01-01%2Cto_publication_date%3A2026-08-31&per-page=10&sort=relevance_score%3Adesc&select=id%2Cdoi%2Ctitle%2Cdisplay_name%2Cpublication_year%2Cpublication_date%2Ctype%2Cauthorships%2Cprimary_location%2Copen_access%2Clanguage%2Cabstract_inverted_index,2026-08-31T14:31:27Z,2015-01-01,2026-08-31,publication date 2015-01-01 through 2026-08-31,relevance descending,page 1,10,8386,10,yes,200,0,data/raw_metadata/openalex/QFIELD_BLDG_local_energy_sharing_distribution_support.json,678937b3e1663845eae10a68a614db0931a5e3179fec839f450aa47862481346,0.1.0,Bounded reproducible metadata discovery for this evidence-map run; all enabled query families are executed and truncation is disclosed.
RUN_20260831_EVIDENCE_MAP_01,QFIELD_BLDG_renewable_energy_integration,field_and_operational_evidence,openalex,"(""smart building"" OR ""active building"" OR ""grid-interactive building"" OR ""grid-interactive efficient building"" OR ""building energy management system"" OR BEMS OR ""HVAC flexibility"" OR ""building thermal flexibility"") AND (""renewable integration"" OR ""renewable energy matching"" OR curtailment OR ""carbon-aware"" OR ""clean energy matching"") AND (field OR pilot OR demonstration OR experiment OR ""hardware-in-the-loop"" OR HIL OR ""real-world data"" OR ""market participation"" OR ""case study"")",https://api.openalex.org/works?search=%28%22smart+building%22+OR+%22active+building%22+OR+%22grid-interactive+building%22+OR+%22grid-interactive+efficient+building%22+OR+%22building+energy+management+system%22+OR+BEMS+OR+%22HVAC+flexibility%22+OR+%22building+thermal+flexibility%22%29+AND+%28%22renewable+integration%22+OR+%22renewable+energy+matching%22+OR+curtailment+OR+%22carbon-aware%22+OR+%22clean+energy+matching%22%29+AND+%28field+OR+pilot+OR+demonstration+OR+experiment+OR+%22hardware-in-the-loop%22+OR+HIL+OR+%22real-world+data%22+OR+%22market+participation%22+OR+%22case+study%22%29&filter=from_publication_date%3A2015-01-01%2Cto_publication_date%3A2026-08-31&per-page=10&sort=relevance_score%3Adesc&select=id%2Cdoi%2Ctitle%2Cdisplay_name%2Cpublication_year%2Cpublication_date%2Ctype%2Cauthorships%2Cprimary_location%2Copen_access%2Clanguage%2Cabstract_inverted_index,2026-08-31T14:31:31Z,2015-01-01,2026-08-31,publication date 2015-01-01 through 2026-08-31,relevance descending,page 1,10,4107,10,yes,200,0,data/raw_metadata/openalex/QFIELD_BLDG_renewable_energy_integration.json,30e20b49b194bc06461045df1ead527f19dda42684f2ff3edc5c6bbab6bb5767,0.1.0,Bounded reproducible metadata discovery for this evidence-map run; all enabled query families are executed and truncation is disclosed.
RUN_20260831_EVIDENCE_MAP_01,QFIELD_BLDG_resilience_emergency_operation,field_and_operational_evidence,openalex,"(""smart building"" OR ""active building"" OR ""grid-interactive building"" OR ""grid-interactive efficient building"" OR ""building energy management system"" OR BEMS OR ""HVAC flexibility"" OR ""building thermal flexibility"") AND (resilience OR ""emergency operation"" OR ""backup power"" OR outage OR ""critical load"" OR islanding) AND (field OR pilot OR demonstration OR experiment OR ""hardware-in-the-loop"" OR HIL OR ""real-world data"" OR ""market participation"" OR ""case study"")",https://api.openalex.org/works?search=%28%22smart+building%22+OR+%22active+building%22+OR+%22grid-interactive+building%22+OR+%22grid-interactive+efficient+building%22+OR+%22building+energy+management+system%22+OR+BEMS+OR+%22HVAC+flexibility%22+OR+%22building+thermal+flexibility%22%29+AND+%28resilience+OR+%22emergency+operation%22+OR+%22backup+power%22+OR+outage+OR+%22critical+load%22+OR+islanding%29+AND+%28field+OR+pilot+OR+demonstration+OR+experiment+OR+%22hardware-in-the-loop%22+OR+HIL+OR+%22real-world+data%22+OR+%22market+participation%22+OR+%22case+study%22%29&filter=from_publication_date%3A2015-01-01%2Cto_publication_date%3A2026-08-31&per-page=10&sort=relevance_score%3Adesc&select=id%2Cdoi%2Ctitle%2Cdisplay_name%2Cpublication_year%2Cpublication_date%2Ctype%2Cauthorships%2Cprimary_location%2Copen_access%2Clanguage%2Cabstract_inverted_index,2026-08-31T14:31:33Z,2015-01-01,2026-08-31,publication date 2015-01-01 through 2026-08-31,relevance descending,page 1,10,39935,10,yes,200,0,data/raw_metadata/openalex/QFIELD_BLDG_resilience_emergency_operation.json,d18e2fd53028a903feb926906acef62511a06d14d1559de07225abe1ebe3dc1f,0.1.0,Bounded reproducible metadata discovery for this evidence-map run; all enabled query families are executed and truncation is disclosed.
RUN_20260831_EVIDENCE_MAP_01,QFIELD_BS_demand_response_peak_management,field_and_operational_evidence,openalex,"(""base station"" OR ""radio access network"" OR RAN OR ""telecom tower"" OR ""cellular network"" OR 5G OR ""5G-Advanced"" OR B5G OR ""IMT-2030"" OR 6G) AND (""demand response"" OR ""peak management"" OR ""peak shaving"" OR ""load shifting"" OR flexibility) AND (field OR pilot OR demonstration OR experiment OR ""hardware-in-the-loop"" OR HIL OR ""real-world data"" OR ""market participation"" OR ""case study"")",https://api.openalex.org/works?search=%28%22base+station%22+OR+%22radio+access+network%22+OR+RAN+OR+%22telecom+tower%22+OR+%22cellular+network%22+OR+5G+OR+%225G-Advanced%22+OR+B5G+OR+%22IMT-2030%22+OR+6G%29+AND+%28%22demand+response%22+OR+%22peak+management%22+OR+%22peak+shaving%22+OR+%22load+shifting%22+OR+flexibility%29+AND+%28field+OR+pilot+OR+demonstration+OR+experiment+OR+%22hardware-in-the-loop%22+OR+HIL+OR+%22real-world+data%22+OR+%22market+participation%22+OR+%22case+study%22%29&filter=from_publication_date%3A2015-01-01%2Cto_publication_date%3A2026-08-31&per-page=10&sort=relevance_score%3Adesc&select=id%2Cdoi%2Ctitle%2Cdisplay_name%2Cpublication_year%2Cpublication_date%2Ctype%2Cauthorships%2Cprimary_location%2Copen_access%2Clanguage%2Cabstract_inverted_index,2026-08-31T14:31:36Z,2015-01-01,2026-08-31,publication date 2015-01-01 through 2026-08-31,relevance descending,page 1,10,464508,10,yes,200,0,data/raw_metadata/openalex/QFIELD_BS_demand_response_peak_management.json,612c758ef4649d1d1592e3a53d23b6a65062c6c6ab5b8e3f9d9f6d46deb8a5c5,0.1.0,Bounded reproducible metadata discovery for this evidence-map run; all enabled query families are executed and truncation is disclosed.
RUN_20260831_EVIDENCE_MAP_01,QFIELD_BS_frequency_response_regulation,field_and_operational_evidence,openalex,"(""base station"" OR ""radio access network"" OR RAN OR ""telecom tower"" OR ""cellular network"" OR 5G OR ""5G-Advanced"" OR B5G OR ""IMT-2030"" OR 6G) AND (""frequency response"" OR ""frequency regulation"" OR ""fast frequency response"" OR ""ancillary service"" OR reserve) AND (field OR pilot OR demonstration OR experiment OR ""hardware-in-the-loop"" OR HIL OR ""real-world data"" OR ""market participation"" OR ""case study"")",https://api.openalex.org/works?search=%28%22base+station%22+OR+%22radio+access+network%22+OR+RAN+OR+%22telecom+tower%22+OR+%22cellular+network%22+OR+5G+OR+%225G-Advanced%22+OR+B5G+OR+%22IMT-2030%22+OR+6G%29+AND+%28%22frequency+response%22+OR+%22frequency+regulation%22+OR+%22fast+frequency+response%22+OR+%22ancillary+service%22+OR+reserve%29+AND+%28field+OR+pilot+OR+demonstration+OR+experiment+OR+%22hardware-in-the-loop%22+OR+HIL+OR+%22real-world+data%22+OR+%22market+participation%22+OR+%22case+study%22%29&filter=from_publication_date%3A2015-01-01%2Cto_publication_date%3A2026-08-31&per-page=10&sort=relevance_score%3Adesc&select=id%2Cdoi%2Ctitle%2Cdisplay_name%2Cpublication_year%2Cpublication_date%2Ctype%2Cauthorships%2Cprimary_location%2Copen_access%2Clanguage%2Cabstract_inverted_index,2026-08-31T14:31:43Z,2015-01-01,2026-08-31,publication date 2015-01-01 through 2026-08-31,relevance descending,page 1,10,125133,10,yes,200,0,data/raw_metadata/openalex/QFIELD_BS_frequency_response_regulation.json,fd1b4404abdb1062ec61a7ac85ea6ca9e65092f672cc34b321b451879930ae9b,0.1.0,Bounded reproducible metadata discovery for this evidence-map run; all enabled query families are executed and truncation is disclosed.
RUN_20260831_EVIDENCE_MAP_01,QFIELD_BS_local_energy_sharing_distribution_support,field_and_operational_evidence,openalex,"(""base station"" OR ""radio access network"" OR RAN OR ""telecom tower"" OR ""cellular network"" OR 5G OR ""5G-Advanced"" OR B5G OR ""IMT-2030"" OR 6G) AND (""local energy sharing"" OR ""distribution grid"" OR ""voltage support"" OR ""congestion management"" OR microgrid OR ""virtual power plant"" OR VPP) AND (field OR pilot OR demonstration OR experiment OR ""hardware-in-the-loop"" OR HIL OR ""real-world data"" OR ""market participation"" OR ""case study"")",https://api.openalex.org/works?search=%28%22base+station%22+OR+%22radio+access+network%22+OR+RAN+OR+%22telecom+tower%22+OR+%22cellular+network%22+OR+5G+OR+%225G-Advanced%22+OR+B5G+OR+%22IMT-2030%22+OR+6G%29+AND+%28%22local+energy+sharing%22+OR+%22distribution+grid%22+OR+%22voltage+support%22+OR+%22congestion+management%22+OR+microgrid+OR+%22virtual+power+plant%22+OR+VPP%29+AND+%28field+OR+pilot+OR+demonstration+OR+experiment+OR+%22hardware-in-the-loop%22+OR+HIL+OR+%22real-world+data%22+OR+%22market+participation%22+OR+%22case+study%22%29&filter=from_publication_date%3A2015-01-01%2Cto_publication_date%3A2026-08-31&per-page=10&sort=relevance_score%3Adesc&select=id%2Cdoi%2Ctitle%2Cdisplay_name%2Cpublication_year%2Cpublication_date%2Ctype%2Cauthorships%2Cprimary_location%2Copen_access%2Clanguage%2Cabstract_inverted_index,2026-08-31T14:31:45Z,2015-01-01,2026-08-31,publication date 2015-01-01 through 2026-08-31,relevance descending,page 1,10,16121,10,yes,200,0,data/raw_metadata/openalex/QFIELD_BS_local_energy_sharing_distribution_support.json,22973a567c7e1bba148107c092eed6127fa05db9a08f97cce29e94487703f114,0.1.0,Bounded reproducible metadata discovery for this evidence-map run; all enabled query families are executed and truncation is disclosed.
RUN_20260831_EVIDENCE_MAP_01,QFIELD_BS_renewable_energy_integration,field_and_operational_evidence,openalex,"(""base station"" OR ""radio access network"" OR RAN OR ""telecom tower"" OR ""cellular network"" OR 5G OR ""5G-Advanced"" OR B5G OR ""IMT-2030"" OR 6G) AND (""renewable integration"" OR ""renewable energy matching"" OR curtailment OR ""carbon-aware"" OR ""clean energy matching"") AND (field OR pilot OR demonstration OR experiment OR ""hardware-in-the-loop"" OR HIL OR ""real-world data"" OR ""market participation"" OR ""case study"")",https://api.openalex.org/works?search=%28%22base+station%22+OR+%22radio+access+network%22+OR+RAN+OR+%22telecom+tower%22+OR+%22cellular+network%22+OR+5G+OR+%225G-Advanced%22+OR+B5G+OR+%22IMT-2030%22+OR+6G%29+AND+%28%22renewable+integration%22+OR+%22renewable+energy+matching%22+OR+curtailment+OR+%22carbon-aware%22+OR+%22clean+energy+matching%22%29+AND+%28field+OR+pilot+OR+demonstration+OR+experiment+OR+%22hardware-in-the-loop%22+OR+HIL+OR+%22real-world+data%22+OR+%22market+participation%22+OR+%22case+study%22%29&filter=from_publication_date%3A2015-01-01%2Cto_publication_date%3A2026-08-31&per-page=10&sort=relevance_score%3Adesc&select=id%2Cdoi%2Ctitle%2Cdisplay_name%2Cpublication_year%2Cpublication_date%2Ctype%2Cauthorships%2Cprimary_location%2Copen_access%2Clanguage%2Cabstract_inverted_index,2026-08-31T14:31:47Z,2015-01-01,2026-08-31,publication date 2015-01-01 through 2026-08-31,relevance descending,page 1,10,30183,10,yes,200,0,data/raw_metadata/openalex/QFIELD_BS_renewable_energy_integration.json,558ab4faa21349d8166e1d917fdcb9dcbaf2e9452276c53d788f6d0dab41cee1,0.1.0,Bounded reproducible metadata discovery for this evidence-map run; all enabled query families are executed and truncation is disclosed.
RUN_20260831_EVIDENCE_MAP_01,QFIELD_BS_resilience_emergency_operation,field_and_operational_evidence,openalex,"(""base station"" OR ""radio access network"" OR RAN OR ""telecom tower"" OR ""cellular network"" OR 5G OR ""5G-Advanced"" OR B5G OR ""IMT-2030"" OR 6G) AND (resilience OR ""emergency operation"" OR ""backup power"" OR outage OR ""critical load"" OR islanding) AND (field OR pilot OR demonstration OR experiment OR ""hardware-in-the-loop"" OR HIL OR ""real-world data"" OR ""market participation"" OR ""case study"")",https://api.openalex.org/works?search=%28%22base+station%22+OR+%22radio+access+network%22+OR+RAN+OR+%22telecom+tower%22+OR+%22cellular+network%22+OR+5G+OR+%225G-Advanced%22+OR+B5G+OR+%22IMT-2030%22+OR+6G%29+AND+%28resilience+OR+%22emergency+operation%22+OR+%22backup+power%22+OR+outage+OR+%22critical+load%22+OR+islanding%29+AND+%28field+OR+pilot+OR+demonstration+OR+experiment+OR+%22hardware-in-the-loop%22+OR+HIL+OR+%22real-world+data%22+OR+%22market+participation%22+OR+%22case+study%22%29&filter=from_publication_date%3A2015-01-01%2Cto_publication_date%3A2026-08-31&per-page=10&sort=relevance_score%3Adesc&select=id%2Cdoi%2Ctitle%2Cdisplay_name%2Cpublication_year%2Cpublication_date%2Ctype%2Cauthorships%2Cprimary_location%2Copen_access%2Clanguage%2Cabstract_inverted_index,2026-08-31T14:31:49Z,2015-01-01,2026-08-31,publication date 2015-01-01 through 2026-08-31,relevance descending,page 1,10,302797,10,yes,200,0,data/raw_metadata/openalex/QFIELD_BS_resilience_emergency_operation.json,a9f849b0a560e60a189086d967d9fa77f0305fd6294becc5593072075d1869af,0.1.0,Bounded reproducible metadata discovery for this evidence-map run; all enabled query families are executed and truncation is disclosed.
RUN_20260831_EVIDENCE_MAP_01,QFIELD_DC_demand_response_peak_management,field_and_operational_evidence,openalex,"(""data centre"" OR ""data center"" OR ""AI data centre"" OR ""AI data center"" OR ""cloud computing facility"" OR ""high performance computing"" OR ""edge data centre"" OR ""edge data center"") AND (""demand response"" OR ""peak management"" OR ""peak shaving"" OR ""load shifting"" OR flexibility) AND (field OR pilot OR demonstration OR experiment OR ""hardware-in-the-loop"" OR HIL OR ""real-world data"" OR ""market participation"" OR ""case study"")",https://api.openalex.org/works?search=%28%22data+centre%22+OR+%22data+center%22+OR+%22AI+data+centre%22+OR+%22AI+data+center%22+OR+%22cloud+computing+facility%22+OR+%22high+performance+computing%22+OR+%22edge+data+centre%22+OR+%22edge+data+center%22%29+AND+%28%22demand+response%22+OR+%22peak+management%22+OR+%22peak+shaving%22+OR+%22load+shifting%22+OR+flexibility%29+AND+%28field+OR+pilot+OR+demonstration+OR+experiment+OR+%22hardware-in-the-loop%22+OR+HIL+OR+%22real-world+data%22+OR+%22market+participation%22+OR+%22case+study%22%29&filter=from_publication_date%3A2015-01-01%2Cto_publication_date%3A2026-08-31&per-page=10&sort=relevance_score%3Adesc&select=id%2Cdoi%2Ctitle%2Cdisplay_name%2Cpublication_year%2Cpublication_date%2Ctype%2Cauthorships%2Cprimary_location%2Copen_access%2Clanguage%2Cabstract_inverted_index,2026-08-31T14:31:53Z,2015-01-01,2026-08-31,publication date 2015-01-01 through 2026-08-31,relevance descending,page 1,10,163830,10,yes,200,0,data/raw_metadata/openalex/QFIELD_DC_demand_response_peak_management.json,677c3b12704633702fa014a373db0d3ce1b520f1924b9df0bad7c109d11c6319,0.1.0,Bounded reproducible metadata discovery for this evidence-map run; all enabled query families are executed and truncation is disclosed.
RUN_20260831_EVIDENCE_MAP_01,QFIELD_DC_frequency_response_regulation,field_and_operational_evidence,openalex,"(""data centre"" OR ""data center"" OR ""AI data centre"" OR ""AI data center"" OR ""cloud computing facility"" OR ""high performance computing"" OR ""edge data centre"" OR ""edge data center"") AND (""frequency response"" OR ""frequency regulation"" OR ""fast frequency response"" OR ""ancillary service"" OR reserve) AND (field OR pilot OR demonstration OR experiment OR ""hardware-in-the-loop"" OR HIL OR ""real-world data"" OR ""market participation"" OR ""case study"")",https://api.openalex.org/works?search=%28%22data+centre%22+OR+%22data+center%22+OR+%22AI+data+centre%22+OR+%22AI+data+center%22+OR+%22cloud+computing+facility%22+OR+%22high+performance+computing%22+OR+%22edge+data+centre%22+OR+%22edge+data+center%22%29+AND+%28%22frequency+response%22+OR+%22frequency+regulation%22+OR+%22fast+frequency+response%22+OR+%22ancillary+service%22+OR+reserve%29+AND+%28field+OR+pilot+OR+demonstration+OR+experiment+OR+%22hardware-in-the-loop%22+OR+HIL+OR+%22real-world+data%22+OR+%22market+participation%22+OR+%22case+study%22%29&filter=from_publication_date%3A2015-01-01%2Cto_publication_date%3A2026-08-31&per-page=10&sort=relevance_score%3Adesc&select=id%2Cdoi%2Ctitle%2Cdisplay_name%2Cpublication_year%2Cpublication_date%2Ctype%2Cauthorships%2Cprimary_location%2Copen_access%2Clanguage%2Cabstract_inverted_index,2026-08-31T14:31:56Z,2015-01-01,2026-08-31,publication date 2015-01-01 through 2026-08-31,relevance descending,page 1,10,34974,10,yes,200,0,data/raw_metadata/openalex/QFIELD_DC_frequency_response_regulation.json,e674cc0be58cf984ee7375fb7b66a56cafa3da84f93479461723ccfce576bc13,0.1.0,Bounded reproducible metadata discovery for this evidence-map run; all enabled query families are executed and truncation is disclosed.
RUN_20260831_EVIDENCE_MAP_01,QFIELD_DC_local_energy_sharing_distribution_support,field_and_operational_evidence,openalex,"(""data centre"" OR ""data center"" OR ""AI data centre"" OR ""AI data center"" OR ""cloud computing facility"" OR ""high performance computing"" OR ""edge data centre"" OR ""edge data center"") AND (""local energy sharing"" OR ""distribution grid"" OR ""voltage support"" OR ""congestion management"" OR microgrid OR ""virtual power plant"" OR VPP) AND (field OR pilot OR demonstration OR experiment OR ""hardware-in-the-loop"" OR HIL OR ""real-world data"" OR ""market participation"" OR ""case study"")",https://api.openalex.org/works?search=%28%22data+centre%22+OR+%22data+center%22+OR+%22AI+data+centre%22+OR+%22AI+data+center%22+OR+%22cloud+computing+facility%22+OR+%22high+performance+computing%22+OR+%22edge+data+centre%22+OR+%22edge+data+center%22%29+AND+%28%22local+energy+sharing%22+OR+%22distribution+grid%22+OR+%22voltage+support%22+OR+%22congestion+management%22+OR+microgrid+OR+%22virtual+power+plant%22+OR+VPP%29+AND+%28field+OR+pilot+OR+demonstration+OR+experiment+OR+%22hardware-in-the-loop%22+OR+HIL+OR+%22real-world+data%22+OR+%22market+participation%22+OR+%22case+study%22%29&filter=from_publication_date%3A2015-01-01%2Cto_publication_date%3A2026-08-31&per-page=10&sort=relevance_score%3Adesc&select=id%2Cdoi%2Ctitle%2Cdisplay_name%2Cpublication_year%2Cpublication_date%2Ctype%2Cauthorships%2Cprimary_location%2Copen_access%2Clanguage%2Cabstract_inverted_index,2026-08-31T14:31:58Z,2015-01-01,2026-08-31,publication date 2015-01-01 through 2026-08-31,relevance descending,page 1,10,10734,10,yes,200,0,data/raw_metadata/openalex/QFIELD_DC_local_energy_sharing_distribution_support.json,a7f753a9412c041a7004d5b37a6a8f585b7de66d3c6a2dc5ea9e771de5500aea,0.1.0,Bounded reproducible metadata discovery for this evidence-map run; all enabled query families are executed and truncation is disclosed.
RUN_20260831_EVIDENCE_MAP_01,QFIELD_DC_renewable_energy_integration,field_and_operational_evidence,openalex,"(""data centre"" OR ""data center"" OR ""AI data centre"" OR ""AI data center"" OR ""cloud computing facility"" OR ""high performance computing"" OR ""edge data centre"" OR ""edge data center"") AND (""renewable integration"" OR ""renewable energy matching"" OR curtailment OR ""carbon-aware"" OR ""clean energy matching"") AND (field OR pilot OR demonstration OR experiment OR ""hardware-in-the-loop"" OR HIL OR ""real-world data"" OR ""market participation"" OR ""case study"")",https://api.openalex.org/works?search=%28%22data+centre%22+OR+%22data+center%22+OR+%22AI+data+centre%22+OR+%22AI+data+center%22+OR+%22cloud+computing+facility%22+OR+%22high+performance+computing%22+OR+%22edge+data+centre%22+OR+%22edge+data+center%22%29+AND+%28%22renewable+integration%22+OR+%22renewable+energy+matching%22+OR+curtailment+OR+%22carbon-aware%22+OR+%22clean+energy+matching%22%29+AND+%28field+OR+pilot+OR+demonstration+OR+experiment+OR+%22hardware-in-the-loop%22+OR+HIL+OR+%22real-world+data%22+OR+%22market+participation%22+OR+%22case+study%22%29&filter=from_publication_date%3A2015-01-01%2Cto_publication_date%3A2026-08-31&per-page=10&sort=relevance_score%3Adesc&select=id%2Cdoi%2Ctitle%2Cdisplay_name%2Cpublication_year%2Cpublication_date%2Ctype%2Cauthorships%2Cprimary_location%2Copen_access%2Clanguage%2Cabstract_inverted_index,2026-08-31T14:32:02Z,2015-01-01,2026-08-31,publication date 2015-01-01 through 2026-08-31,relevance descending,page 1,10,8683,10,yes,200,0,data/raw_metadata/openalex/QFIELD_DC_renewable_energy_integration.json,126ac1451688c6e82bc93080cc2196a282f79be29d4b1484825e8fdef8d32c41,0.1.0,Bounded reproducible metadata discovery for this evidence-map run; all enabled query families are executed and truncation is disclosed.
RUN_20260831_EVIDENCE_MAP_01,QFIELD_DC_resilience_emergency_operation,field_and_operational_evidence,openalex,"(""data centre"" OR ""data center"" OR ""AI data centre"" OR ""AI data center"" OR ""cloud computing facility"" OR ""high performance computing"" OR ""edge data centre"" OR ""edge data center"") AND (resilience OR ""emergency operation"" OR ""backup power"" OR outage OR ""critical load"" OR islanding) AND (field OR pilot OR demonstration OR experiment OR ""hardware-in-the-loop"" OR HIL OR ""real-world data"" OR ""market participation"" OR ""case study"")",https://api.openalex.org/works?search=%28%22data+centre%22+OR+%22data+center%22+OR+%22AI+data+centre%22+OR+%22AI+data+center%22+OR+%22cloud+computing+facility%22+OR+%22high+performance+computing%22+OR+%22edge+data+centre%22+OR+%22edge+data+center%22%29+AND+%28resilience+OR+%22emergency+operation%22+OR+%22backup+power%22+OR+outage+OR+%22critical+load%22+OR+islanding%29+AND+%28field+OR+pilot+OR+demonstration+OR+experiment+OR+%22hardware-in-the-loop%22+OR+HIL+OR+%22real-world+data%22+OR+%22market+participation%22+OR+%22case+study%22%29&filter=from_publication_date%3A2015-01-01%2Cto_publication_date%3A2026-08-31&per-page=10&sort=relevance_score%3Adesc&select=id%2Cdoi%2Ctitle%2Cdisplay_name%2Cpublication_year%2Cpublication_date%2Ctype%2Cauthorships%2Cprimary_location%2Copen_access%2Clanguage%2Cabstract_inverted_index,2026-08-31T14:32:13Z,2015-01-01,2026-08-31,publication date 2015-01-01 through 2026-08-31,relevance descending,page 1,10,98485,10,yes,200,0,data/raw_metadata/openalex/QFIELD_DC_resilience_emergency_operation.json,c78bd71f199da218829066a9dc31e98c7b614241d02ccbb33851078a53881391,0.1.0,Bounded reproducible metadata discovery for this evidence-map run; all enabled query families are executed and truncation is disclosed.
RUN_20260831_EVIDENCE_MAP_01,QFIELD_EV_demand_response_peak_management,field_and_operational_evidence,openalex,"(""electric vehicle"" OR ""EV fleet"" OR ""smart charging"" OR V1G OR ""vehicle-to-grid"" OR V2G OR ""vehicle-to-building"" OR V2B OR ""vehicle-to-home"" OR V2H) AND (""demand response"" OR ""peak management"" OR ""peak shaving"" OR ""load shifting"" OR flexibility) AND (field OR pilot OR demonstration OR experiment OR ""hardware-in-the-loop"" OR HIL OR ""real-world data"" OR ""market participation"" OR ""case study"")",https://api.openalex.org/works?search=%28%22electric+vehicle%22+OR+%22EV+fleet%22+OR+%22smart+charging%22+OR+V1G+OR+%22vehicle-to-grid%22+OR+V2G+OR+%22vehicle-to-building%22+OR+V2B+OR+%22vehicle-to-home%22+OR+V2H%29+AND+%28%22demand+response%22+OR+%22peak+management%22+OR+%22peak+shaving%22+OR+%22load+shifting%22+OR+flexibility%29+AND+%28field+OR+pilot+OR+demonstration+OR+experiment+OR+%22hardware-in-the-loop%22+OR+HIL+OR+%22real-world+data%22+OR+%22market+participation%22+OR+%22case+study%22%29&filter=from_publication_date%3A2015-01-01%2Cto_publication_date%3A2026-08-31&per-page=10&sort=relevance_score%3Adesc&select=id%2Cdoi%2Ctitle%2Cdisplay_name%2Cpublication_year%2Cpublication_date%2Ctype%2Cauthorships%2Cprimary_location%2Copen_access%2Clanguage%2Cabstract_inverted_index,2026-08-31T14:32:18Z,2015-01-01,2026-08-31,publication date 2015-01-01 through 2026-08-31,relevance descending,page 1,10,105995,10,yes,200,0,data/raw_metadata/openalex/QFIELD_EV_demand_response_peak_management.json,cafc6688149744f1da61f5dadcf862e2b98406c84bbaa54d72f81643d9425f5b,0.1.0,Bounded reproducible metadata discovery for this evidence-map run; all enabled query families are executed and truncation is disclosed.
RUN_20260831_EVIDENCE_MAP_01,QFIELD_EV_frequency_response_regulation,field_and_operational_evidence,openalex,"(""electric vehicle"" OR ""EV fleet"" OR ""smart charging"" OR V1G OR ""vehicle-to-grid"" OR V2G OR ""vehicle-to-building"" OR V2B OR ""vehicle-to-home"" OR V2H) AND (""frequency response"" OR ""frequency regulation"" OR ""fast frequency response"" OR ""ancillary service"" OR reserve) AND (field OR pilot OR demonstration OR experiment OR ""hardware-in-the-loop"" OR HIL OR ""real-world data"" OR ""market participation"" OR ""case study"")",https://api.openalex.org/works?search=%28%22electric+vehicle%22+OR+%22EV+fleet%22+OR+%22smart+charging%22+OR+V1G+OR+%22vehicle-to-grid%22+OR+V2G+OR+%22vehicle-to-building%22+OR+V2B+OR+%22vehicle-to-home%22+OR+V2H%29+AND+%28%22frequency+response%22+OR+%22frequency+regulation%22+OR+%22fast+frequency+response%22+OR+%22ancillary+service%22+OR+reserve%29+AND+%28field+OR+pilot+OR+demonstration+OR+experiment+OR+%22hardware-in-the-loop%22+OR+HIL+OR+%22real-world+data%22+OR+%22market+participation%22+OR+%22case+study%22%29&filter=from_publication_date%3A2015-01-01%2Cto_publication_date%3A2026-08-31&per-page=10&sort=relevance_score%3Adesc&select=id%2Cdoi%2Ctitle%2Cdisplay_name%2Cpublication_year%2Cpublication_date%2Ctype%2Cauthorships%2Cprimary_location%2Copen_access%2Clanguage%2Cabstract_inverted_index,2026-08-31T14:32:20Z,2015-01-01,2026-08-31,publication date 2015-01-01 through 2026-08-31,relevance descending,page 1,10,41126,10,yes,200,0,data/raw_metadata/openalex/QFIELD_EV_frequency_response_regulation.json,4bfda2b92a86107405b07abc74804191366d892797aa7052e910f666f1367767,0.1.0,Bounded reproducible metadata discovery for this evidence-map run; all enabled query families are executed and truncation is disclosed.
RUN_20260831_EVIDENCE_MAP_01,QFIELD_EV_local_energy_sharing_distribution_support,field_and_operational_evidence,openalex,"(""electric vehicle"" OR ""EV fleet"" OR ""smart charging"" OR V1G OR ""vehicle-to-grid"" OR V2G OR ""vehicle-to-building"" OR V2B OR ""vehicle-to-home"" OR V2H) AND (""local energy sharing"" OR ""distribution grid"" OR ""voltage support"" OR ""congestion management"" OR microgrid OR ""virtual power plant"" OR VPP) AND (field OR pilot OR demonstration OR experiment OR ""hardware-in-the-loop"" OR HIL OR ""real-world data"" OR ""market participation"" OR ""case study"")",https://api.openalex.org/works?search=%28%22electric+vehicle%22+OR+%22EV+fleet%22+OR+%22smart+charging%22+OR+V1G+OR+%22vehicle-to-grid%22+OR+V2G+OR+%22vehicle-to-building%22+OR+V2B+OR+%22vehicle-to-home%22+OR+V2H%29+AND+%28%22local+energy+sharing%22+OR+%22distribution+grid%22+OR+%22voltage+support%22+OR+%22congestion+management%22+OR+microgrid+OR+%22virtual+power+plant%22+OR+VPP%29+AND+%28field+OR+pilot+OR+demonstration+OR+experiment+OR+%22hardware-in-the-loop%22+OR+HIL+OR+%22real-world+data%22+OR+%22market+participation%22+OR+%22case+study%22%29&filter=from_publication_date%3A2015-01-01%2Cto_publication_date%3A2026-08-31&per-page=10&sort=relevance_score%3Adesc&select=id%2Cdoi%2Ctitle%2Cdisplay_name%2Cpublication_year%2Cpublication_date%2Ctype%2Cauthorships%2Cprimary_location%2Copen_access%2Clanguage%2Cabstract_inverted_index,2026-08-31T14:32:28Z,2015-01-01,2026-08-31,publication date 2015-01-01 through 2026-08-31,relevance descending,page 1,10,41737,10,yes,200,0,data/raw_metadata/openalex/QFIELD_EV_local_energy_sharing_distribution_support.json,a11bd59fbaa4a1c4cf5b02c16d8504a6993a126adc45f5405d8e59640a4c2b94,0.1.0,Bounded reproducible metadata discovery for this evidence-map run; all enabled query families are executed and truncation is disclosed.
RUN_20260831_EVIDENCE_MAP_01,QFIELD_EV_renewable_energy_integration,field_and_operational_evidence,openalex,"(""electric vehicle"" OR ""EV fleet"" OR ""smart charging"" OR V1G OR ""vehicle-to-grid"" OR V2G OR ""vehicle-to-building"" OR V2B OR ""vehicle-to-home"" OR V2H) AND (""renewable integration"" OR ""renewable energy matching"" OR curtailment OR ""carbon-aware"" OR ""clean energy matching"") AND (field OR pilot OR demonstration OR experiment OR ""hardware-in-the-loop"" OR HIL OR ""real-world data"" OR ""market participation"" OR ""case study"")",https://api.openalex.org/works?search=%28%22electric+vehicle%22+OR+%22EV+fleet%22+OR+%22smart+charging%22+OR+V1G+OR+%22vehicle-to-grid%22+OR+V2G+OR+%22vehicle-to-building%22+OR+V2B+OR+%22vehicle-to-home%22+OR+V2H%29+AND+%28%22renewable+integration%22+OR+%22renewable+energy+matching%22+OR+curtailment+OR+%22carbon-aware%22+OR+%22clean+energy+matching%22%29+AND+%28field+OR+pilot+OR+demonstration+OR+experiment+OR+%22hardware-in-the-loop%22+OR+HIL+OR+%22real-world+data%22+OR+%22market+participation%22+OR+%22case+study%22%29&filter=from_publication_date%3A2015-01-01%2Cto_publication_date%3A2026-08-31&per-page=10&sort=relevance_score%3Adesc&select=id%2Cdoi%2Ctitle%2Cdisplay_name%2Cpublication_year%2Cpublication_date%2Ctype%2Cauthorships%2Cprimary_location%2Copen_access%2Clanguage%2Cabstract_inverted_index,2026-08-31T14:32:31Z,2015-01-01,2026-08-31,publication date 2015-01-01 through 2026-08-31,relevance descending,page 1,10,16963,10,yes,200,0,data/raw_metadata/openalex/QFIELD_EV_renewable_energy_integration.json,58ad0d5dace5297bb9f2b6ead7e286b54f24e17eb569c34e9b99e5e0a05f3b09,0.1.0,Bounded reproducible metadata discovery for this evidence-map run; all enabled query families are executed and truncation is disclosed.
RUN_20260831_EVIDENCE_MAP_01,QFIELD_EV_resilience_emergency_operation,field_and_operational_evidence,openalex,"(""electric vehicle"" OR ""EV fleet"" OR ""smart charging"" OR V1G OR ""vehicle-to-grid"" OR V2G OR ""vehicle-to-building"" OR V2B OR ""vehicle-to-home"" OR V2H) AND (resilience OR ""emergency operation"" OR ""backup power"" OR outage OR ""critical load"" OR islanding) AND (field OR pilot OR demonstration OR experiment OR ""hardware-in-the-loop"" OR HIL OR ""real-world data"" OR ""market participation"" OR ""case study"")",https://api.openalex.org/works?search=%28%22electric+vehicle%22+OR+%22EV+fleet%22+OR+%22smart+charging%22+OR+V1G+OR+%22vehicle-to-grid%22+OR+V2G+OR+%22vehicle-to-building%22+OR+V2B+OR+%22vehicle-to-home%22+OR+V2H%29+AND+%28resilience+OR+%22emergency+operation%22+OR+%22backup+power%22+OR+outage+OR+%22critical+load%22+OR+islanding%29+AND+%28field+OR+pilot+OR+demonstration+OR+experiment+OR+%22hardware-in-the-loop%22+OR+HIL+OR+%22real-world+data%22+OR+%22market+participation%22+OR+%22case+study%22%29&filter=from_publication_date%3A2015-01-01%2Cto_publication_date%3A2026-08-31&per-page=10&sort=relevance_score%3Adesc&select=id%2Cdoi%2Ctitle%2Cdisplay_name%2Cpublication_year%2Cpublication_date%2Ctype%2Cauthorships%2Cprimary_location%2Copen_access%2Clanguage%2Cabstract_inverted_index,2026-08-31T14:32:34Z,2015-01-01,2026-08-31,publication date 2015-01-01 through 2026-08-31,relevance descending,page 1,10,63255,10,yes,200,0,data/raw_metadata/openalex/QFIELD_EV_resilience_emergency_operation.json,2fe34cdf12533cefd391f86e0c0630ec58aa87e331d74a89b3fc8adabd6d71b1,0.1.0,Bounded reproducible metadata discovery for this evidence-map run; all enabled query families are executed and truncation is disclosed.
RUN_20260831_EVIDENCE_MAP_01,QMA_demand_response_peak_management,three_plus_or_broad_multi_asset,openalex,"((""data centre"" OR ""data center"" OR ""AI data centre"" OR ""AI data center"" OR ""cloud computing facility"" OR ""high performance computing"" OR ""edge data centre"" OR ""edge data center"") OR (""base station"" OR ""radio access network"" OR RAN OR ""telecom tower"" OR ""cellular network"" OR 5G OR ""5G-Advanced"" OR B5G OR ""IMT-2030"" OR 6G) OR (""electric vehicle"" OR ""EV fleet"" OR ""smart charging"" OR V1G OR ""vehicle-to-grid"" OR V2G OR ""vehicle-to-building"" OR V2B OR ""vehicle-to-home"" OR V2H) OR (""smart building"" OR ""active building"" OR ""grid-interactive building"" OR ""grid-interactive efficient building"" OR ""building energy management system"" OR BEMS OR ""HVAC flexibility"" OR ""building thermal flexibility"")) AND (""multi-asset"" OR ""cross-sector"" OR ""integrated energy management"" OR ""virtual power plant"") AND (""demand response"" OR ""peak management"" OR ""peak shaving"" OR ""load shifting"" OR flexibility) AND (coordination OR ""coordinated control"" OR ""co-optimization"" OR aggregation OR ""multi-asset"" OR ""integrated energy management"" OR ""distributed control"" OR ""model predictive control"" OR MPC OR ""measurement and verification"")",https://api.openalex.org/works?search=%28%28%22data+centre%22+OR+%22data+center%22+OR+%22AI+data+centre%22+OR+%22AI+data+center%22+OR+%22cloud+computing+facility%22+OR+%22high+performance+computing%22+OR+%22edge+data+centre%22+OR+%22edge+data+center%22%29+OR+%28%22base+station%22+OR+%22radio+access+network%22+OR+RAN+OR+%22telecom+tower%22+OR+%22cellular+network%22+OR+5G+OR+%225G-Advanced%22+OR+B5G+OR+%22IMT-2030%22+OR+6G%29+OR+%28%22electric+vehicle%22+OR+%22EV+fleet%22+OR+%22smart+charging%22+OR+V1G+OR+%22vehicle-to-grid%22+OR+V2G+OR+%22vehicle-to-building%22+OR+V2B+OR+%22vehicle-to-home%22+OR+V2H%29+OR+%28%22smart+building%22+OR+%22active+building%22+OR+%22grid-interactive+building%22+OR+%22grid-interactive+efficient+building%22+OR+%22building+energy+management+system%22+OR+BEMS+OR+%22HVAC+flexibility%22+OR+%22building+thermal+flexibility%22%29%29+AND+%28%22multi-asset%22+OR+%22cross-sector%22+OR+%22integrated+energy+management%22+OR+%22virtual+power+plant%22%29+AND+%28%22demand+response%22+OR+%22peak+management%22+OR+%22peak+shaving%22+OR+%22load+shifting%22+OR+flexibility%29+AND+%28coordination+OR+%22coordinated+control%22+OR+%22co-optimization%22+OR+aggregation+OR+%22multi-asset%22+OR+%22integrated+energy+management%22+OR+%22distributed+control%22+OR+%22model+predictive+control%22+OR+MPC+OR+%22measurement+and+verification%22%29&filter=from_publication_date%3A2015-01-01%2Cto_publication_date%3A2026-08-31&per-page=10&sort=relevance_score%3Adesc&select=id%2Cdoi%2Ctitle%2Cdisplay_name%2Cpublication_year%2Cpublication_date%2Ctype%2Cauthorships%2Cprimary_location%2Copen_access%2Clanguage%2Cabstract_inverted_index,2026-08-31T14:32:38Z,2015-01-01,2026-08-31,publication date 2015-01-01 through 2026-08-31,relevance descending,page 1,10,14195,10,yes,200,0,data/raw_metadata/openalex/QMA_demand_response_peak_management.json,cf02aed1361a97c31bc14b27503a7fe2eab0c423cbfa3550038fe35dbeb97d53,0.1.0,Bounded reproducible metadata discovery for this evidence-map run; all enabled query families are executed and truncation is disclosed.
RUN_20260831_EVIDENCE_MAP_01,QMA_frequency_response_regulation,three_plus_or_broad_multi_asset,openalex,"((""data centre"" OR ""data center"" OR ""AI data centre"" OR ""AI data center"" OR ""cloud computing facility"" OR ""high performance computing"" OR ""edge data centre"" OR ""edge data center"") OR (""base station"" OR ""radio access network"" OR RAN OR ""telecom tower"" OR ""cellular network"" OR 5G OR ""5G-Advanced"" OR B5G OR ""IMT-2030"" OR 6G) OR (""electric vehicle"" OR ""EV fleet"" OR ""smart charging"" OR V1G OR ""vehicle-to-grid"" OR V2G OR ""vehicle-to-building"" OR V2B OR ""vehicle-to-home"" OR V2H) OR (""smart building"" OR ""active building"" OR ""grid-interactive building"" OR ""grid-interactive efficient building"" OR ""building energy management system"" OR BEMS OR ""HVAC flexibility"" OR ""building thermal flexibility"")) AND (""multi-asset"" OR ""cross-sector"" OR ""integrated energy management"" OR ""virtual power plant"") AND (""frequency response"" OR ""frequency regulation"" OR ""fast frequency response"" OR ""ancillary service"" OR reserve) AND (coordination OR ""coordinated control"" OR ""co-optimization"" OR aggregation OR ""multi-asset"" OR ""integrated energy management"" OR ""distributed control"" OR ""model predictive control"" OR MPC OR ""measurement and verification"")",https://api.openalex.org/works?search=%28%28%22data+centre%22+OR+%22data+center%22+OR+%22AI+data+centre%22+OR+%22AI+data+center%22+OR+%22cloud+computing+facility%22+OR+%22high+performance+computing%22+OR+%22edge+data+centre%22+OR+%22edge+data+center%22%29+OR+%28%22base+station%22+OR+%22radio+access+network%22+OR+RAN+OR+%22telecom+tower%22+OR+%22cellular+network%22+OR+5G+OR+%225G-Advanced%22+OR+B5G+OR+%22IMT-2030%22+OR+6G%29+OR+%28%22electric+vehicle%22+OR+%22EV+fleet%22+OR+%22smart+charging%22+OR+V1G+OR+%22vehicle-to-grid%22+OR+V2G+OR+%22vehicle-to-building%22+OR+V2B+OR+%22vehicle-to-home%22+OR+V2H%29+OR+%28%22smart+building%22+OR+%22active+building%22+OR+%22grid-interactive+building%22+OR+%22grid-interactive+efficient+building%22+OR+%22building+energy+management+system%22+OR+BEMS+OR+%22HVAC+flexibility%22+OR+%22building+thermal+flexibility%22%29%29+AND+%28%22multi-asset%22+OR+%22cross-sector%22+OR+%22integrated+energy+management%22+OR+%22virtual+power+plant%22%29+AND+%28%22frequency+response%22+OR+%22frequency+regulation%22+OR+%22fast+frequency+response%22+OR+%22ancillary+service%22+OR+reserve%29+AND+%28coordination+OR+%22coordinated+control%22+OR+%22co-optimization%22+OR+aggregation+OR+%22multi-asset%22+OR+%22integrated+energy+management%22+OR+%22distributed+control%22+OR+%22model+predictive+control%22+OR+MPC+OR+%22measurement+and+verification%22%29&filter=from_publication_date%3A2015-01-01%2Cto_publication_date%3A2026-08-31&per-page=10&sort=relevance_score%3Adesc&select=id%2Cdoi%2Ctitle%2Cdisplay_name%2Cpublication_year%2Cpublication_date%2Ctype%2Cauthorships%2Cprimary_location%2Copen_access%2Clanguage%2Cabstract_inverted_index,2026-08-31T14:32:41Z,2015-01-01,2026-08-31,publication date 2015-01-01 through 2026-08-31,relevance descending,page 1,10,6911,10,yes,200,0,data/raw_metadata/openalex/QMA_frequency_response_regulation.json,54461bf58a5c826e88e90833cfd7ffcca80bc8277a65895d0d2a331ca6a51cec,0.1.0,Bounded reproducible metadata discovery for this evidence-map run; all enabled query families are executed and truncation is disclosed.
RUN_20260831_EVIDENCE_MAP_01,QMA_local_energy_sharing_distribution_support,three_plus_or_broad_multi_asset,openalex,"((""data centre"" OR ""data center"" OR ""AI data centre"" OR ""AI data center"" OR ""cloud computing facility"" OR ""high performance computing"" OR ""edge data centre"" OR ""edge data center"") OR (""base station"" OR ""radio access network"" OR RAN OR ""telecom tower"" OR ""cellular network"" OR 5G OR ""5G-Advanced"" OR B5G OR ""IMT-2030"" OR 6G) OR (""electric vehicle"" OR ""EV fleet"" OR ""smart charging"" OR V1G OR ""vehicle-to-grid"" OR V2G OR ""vehicle-to-building"" OR V2B OR ""vehicle-to-home"" OR V2H) OR (""smart building"" OR ""active building"" OR ""grid-interactive building"" OR ""grid-interactive efficient building"" OR ""building energy management system"" OR BEMS OR ""HVAC flexibility"" OR ""building thermal flexibility"")) AND (""multi-asset"" OR ""cross-sector"" OR ""integrated energy management"" OR ""virtual power plant"") AND (""local energy sharing"" OR ""distribution grid"" OR ""voltage support"" OR ""congestion management"" OR microgrid OR ""virtual power plant"" OR VPP) AND (coordination OR ""coordinated control"" OR ""co-optimization"" OR aggregation OR ""multi-asset"" OR ""integrated energy management"" OR ""distributed control"" OR ""model predictive control"" OR MPC OR ""measurement and verification"")",https://api.openalex.org/works?search=%28%28%22data+centre%22+OR+%22data+center%22+OR+%22AI+data+centre%22+OR+%22AI+data+center%22+OR+%22cloud+computing+facility%22+OR+%22high+performance+computing%22+OR+%22edge+data+centre%22+OR+%22edge+data+center%22%29+OR+%28%22base+station%22+OR+%22radio+access+network%22+OR+RAN+OR+%22telecom+tower%22+OR+%22cellular+network%22+OR+5G+OR+%225G-Advanced%22+OR+B5G+OR+%22IMT-2030%22+OR+6G%29+OR+%28%22electric+vehicle%22+OR+%22EV+fleet%22+OR+%22smart+charging%22+OR+V1G+OR+%22vehicle-to-grid%22+OR+V2G+OR+%22vehicle-to-building%22+OR+V2B+OR+%22vehicle-to-home%22+OR+V2H%29+OR+%28%22smart+building%22+OR+%22active+building%22+OR+%22grid-interactive+building%22+OR+%22grid-interactive+efficient+building%22+OR+%22building+energy+management+system%22+OR+BEMS+OR+%22HVAC+flexibility%22+OR+%22building+thermal+flexibility%22%29%29+AND+%28%22multi-asset%22+OR+%22cross-sector%22+OR+%22integrated+energy+management%22+OR+%22virtual+power+plant%22%29+AND+%28%22local+energy+sharing%22+OR+%22distribution+grid%22+OR+%22voltage+support%22+OR+%22congestion+management%22+OR+microgrid+OR+%22virtual+power+plant%22+OR+VPP%29+AND+%28coordination+OR+%22coordinated+control%22+OR+%22co-optimization%22+OR+aggregation+OR+%22multi-asset%22+OR+%22integrated+energy+management%22+OR+%22distributed+control%22+OR+%22model+predictive+control%22+OR+MPC+OR+%22measurement+and+verification%22%29&filter=from_publication_date%3A2015-01-01%2Cto_publication_date%3A2026-08-31&per-page=10&sort=relevance_score%3Adesc&select=id%2Cdoi%2Ctitle%2Cdisplay_name%2Cpublication_year%2Cpublication_date%2Ctype%2Cauthorships%2Cprimary_location%2Copen_access%2Clanguage%2Cabstract_inverted_index,2026-08-31T14:32:46Z,2015-01-01,2026-08-31,publication date 2015-01-01 through 2026-08-31,relevance descending,page 1,10,7800,10,yes,200,0,data/raw_metadata/openalex/QMA_local_energy_sharing_distribution_support.json,5b57ab874016d53673a2820433cd929b66802a4fcb0aa688328835eceb11a765,0.1.0,Bounded reproducible metadata discovery for this evidence-map run; all enabled query families are executed and truncation is disclosed.
RUN_20260831_EVIDENCE_MAP_01,QMA_renewable_energy_integration,three_plus_or_broad_multi_asset,openalex,"((""data centre"" OR ""data center"" OR ""AI data centre"" OR ""AI data center"" OR ""cloud computing facility"" OR ""high performance computing"" OR ""edge data centre"" OR ""edge data center"") OR (""base station"" OR ""radio access network"" OR RAN OR ""telecom tower"" OR ""cellular network"" OR 5G OR ""5G-Advanced"" OR B5G OR ""IMT-2030"" OR 6G) OR (""electric vehicle"" OR ""EV fleet"" OR ""smart charging"" OR V1G OR ""vehicle-to-grid"" OR V2G OR ""vehicle-to-building"" OR V2B OR ""vehicle-to-home"" OR V2H) OR (""smart building"" OR ""active building"" OR ""grid-interactive building"" OR ""grid-interactive efficient building"" OR ""building energy management system"" OR BEMS OR ""HVAC flexibility"" OR ""building thermal flexibility"")) AND (""multi-asset"" OR ""cross-sector"" OR ""integrated energy management"" OR ""virtual power plant"") AND (""renewable integration"" OR ""renewable energy matching"" OR curtailment OR ""carbon-aware"" OR ""clean energy matching"") AND (coordination OR ""coordinated control"" OR ""co-optimization"" OR aggregation OR ""multi-asset"" OR ""integrated energy management"" OR ""distributed control"" OR ""model predictive control"" OR MPC OR ""measurement and verification"")",https://api.openalex.org/works?search=%28%28%22data+centre%22+OR+%22data+center%22+OR+%22AI+data+centre%22+OR+%22AI+data+center%22+OR+%22cloud+computing+facility%22+OR+%22high+performance+computing%22+OR+%22edge+data+centre%22+OR+%22edge+data+center%22%29+OR+%28%22base+station%22+OR+%22radio+access+network%22+OR+RAN+OR+%22telecom+tower%22+OR+%22cellular+network%22+OR+5G+OR+%225G-Advanced%22+OR+B5G+OR+%22IMT-2030%22+OR+6G%29+OR+%28%22electric+vehicle%22+OR+%22EV+fleet%22+OR+%22smart+charging%22+OR+V1G+OR+%22vehicle-to-grid%22+OR+V2G+OR+%22vehicle-to-building%22+OR+V2B+OR+%22vehicle-to-home%22+OR+V2H%29+OR+%28%22smart+building%22+OR+%22active+building%22+OR+%22grid-interactive+building%22+OR+%22grid-interactive+efficient+building%22+OR+%22building+energy+management+system%22+OR+BEMS+OR+%22HVAC+flexibility%22+OR+%22building+thermal+flexibility%22%29%29+AND+%28%22multi-asset%22+OR+%22cross-sector%22+OR+%22integrated+energy+management%22+OR+%22virtual+power+plant%22%29+AND+%28%22renewable+integration%22+OR+%22renewable+energy+matching%22+OR+curtailment+OR+%22carbon-aware%22+OR+%22clean+energy+matching%22%29+AND+%28coordination+OR+%22coordinated+control%22+OR+%22co-optimization%22+OR+aggregation+OR+%22multi-asset%22+OR+%22integrated+energy+management%22+OR+%22distributed+control%22+OR+%22model+predictive+control%22+OR+MPC+OR+%22measurement+and+verification%22%29&filter=from_publication_date%3A2015-01-01%2Cto_publication_date%3A2026-08-31&per-page=10&sort=relevance_score%3Adesc&select=id%2Cdoi%2Ctitle%2Cdisplay_name%2Cpublication_year%2Cpublication_date%2Ctype%2Cauthorships%2Cprimary_location%2Copen_access%2Clanguage%2Cabstract_inverted_index,2026-08-31T14:32:57Z,2015-01-01,2026-08-31,publication date 2015-01-01 through 2026-08-31,relevance descending,page 1,10,3873,10,yes,200,0,data/raw_metadata/openalex/QMA_renewable_energy_integration.json,d435a0fb0f11ad19013b0e55facb88e1368b86377315f7e7d6f6163988bed330,0.1.0,Bounded reproducible metadata discovery for this evidence-map run; all enabled query families are executed and truncation is disclosed.
RUN_20260831_EVIDENCE_MAP_01,QMA_resilience_emergency_operation,three_plus_or_broad_multi_asset,openalex,"((""data centre"" OR ""data center"" OR ""AI data centre"" OR ""AI data center"" OR ""cloud computing facility"" OR ""high performance computing"" OR ""edge data centre"" OR ""edge data center"") OR (""base station"" OR ""radio access network"" OR RAN OR ""telecom tower"" OR ""cellular network"" OR 5G OR ""5G-Advanced"" OR B5G OR ""IMT-2030"" OR 6G) OR (""electric vehicle"" OR ""EV fleet"" OR ""smart charging"" OR V1G OR ""vehicle-to-grid"" OR V2G OR ""vehicle-to-building"" OR V2B OR ""vehicle-to-home"" OR V2H) OR (""smart building"" OR ""active building"" OR ""grid-interactive building"" OR ""grid-interactive efficient building"" OR ""building energy management system"" OR BEMS OR ""HVAC flexibility"" OR ""building thermal flexibility"")) AND (""multi-asset"" OR ""cross-sector"" OR ""integrated energy management"" OR ""virtual power plant"") AND (resilience OR ""emergency operation"" OR ""backup power"" OR outage OR ""critical load"" OR islanding) AND (coordination OR ""coordinated control"" OR ""co-optimization"" OR aggregation OR ""multi-asset"" OR ""integrated energy management"" OR ""distributed control"" OR ""model predictive control"" OR MPC OR ""measurement and verification"")",https://api.openalex.org/works?search=%28%28%22data+centre%22+OR+%22data+center%22+OR+%22AI+data+centre%22+OR+%22AI+data+center%22+OR+%22cloud+computing+facility%22+OR+%22high+performance+computing%22+OR+%22edge+data+centre%22+OR+%22edge+data+center%22%29+OR+%28%22base+station%22+OR+%22radio+access+network%22+OR+RAN+OR+%22telecom+tower%22+OR+%22cellular+network%22+OR+5G+OR+%225G-Advanced%22+OR+B5G+OR+%22IMT-2030%22+OR+6G%29+OR+%28%22electric+vehicle%22+OR+%22EV+fleet%22+OR+%22smart+charging%22+OR+V1G+OR+%22vehicle-to-grid%22+OR+V2G+OR+%22vehicle-to-building%22+OR+V2B+OR+%22vehicle-to-home%22+OR+V2H%29+OR+%28%22smart+building%22+OR+%22active+building%22+OR+%22grid-interactive+building%22+OR+%22grid-interactive+efficient+building%22+OR+%22building+energy+management+system%22+OR+BEMS+OR+%22HVAC+flexibility%22+OR+%22building+thermal+flexibility%22%29%29+AND+%28%22multi-asset%22+OR+%22cross-sector%22+OR+%22integrated+energy+management%22+OR+%22virtual+power+plant%22%29+AND+%28resilience+OR+%22emergency+operation%22+OR+%22backup+power%22+OR+outage+OR+%22critical+load%22+OR+islanding%29+AND+%28coordination+OR+%22coordinated+control%22+OR+%22co-optimization%22+OR+aggregation+OR+%22multi-asset%22+OR+%22integrated+energy+management%22+OR+%22distributed+control%22+OR+%22model+predictive+control%22+OR+MPC+OR+%22measurement+and+verification%22%29&filter=from_publication_date%3A2015-01-01%2Cto_publication_date%3A2026-08-31&per-page=10&sort=relevance_score%3Adesc&select=id%2Cdoi%2Ctitle%2Cdisplay_name%2Cpublication_year%2Cpublication_date%2Ctype%2Cauthorships%2Cprimary_location%2Copen_access%2Clanguage%2Cabstract_inverted_index,2026-08-31T14:33:00Z,2015-01-01,2026-08-31,publication date 2015-01-01 through 2026-08-31,relevance descending,page 1,10,12013,10,yes,200,0,data/raw_metadata/openalex/QMA_resilience_emergency_operation.json,2d2c487f3eb3135f0e0d6efae55517c9985ff9d9d5102cc5a982e8bc2bf35e16,0.1.0,Bounded reproducible metadata discovery for this evidence-map run; all enabled query families are executed and truncation is disclosed.
RUN_20260831_EVIDENCE_MAP_01,QPAIR_BS_BLDG_demand_response_peak_management,pairwise_multi_asset,openalex,"(""base station"" OR ""radio access network"" OR RAN OR ""telecom tower"" OR ""cellular network"" OR 5G OR ""5G-Advanced"" OR B5G OR ""IMT-2030"" OR 6G) AND (""smart building"" OR ""active building"" OR ""grid-interactive building"" OR ""grid-interactive efficient building"" OR ""building energy management system"" OR BEMS OR ""HVAC flexibility"" OR ""building thermal flexibility"") AND (""demand response"" OR ""peak management"" OR ""peak shaving"" OR ""load shifting"" OR flexibility) AND (coordination OR ""coordinated control"" OR ""co-optimization"" OR aggregation OR ""multi-asset"" OR ""integrated energy management"" OR ""distributed control"" OR ""model predictive control"" OR MPC OR ""measurement and verification"")",https://api.openalex.org/works?search=%28%22base+station%22+OR+%22radio+access+network%22+OR+RAN+OR+%22telecom+tower%22+OR+%22cellular+network%22+OR+5G+OR+%225G-Advanced%22+OR+B5G+OR+%22IMT-2030%22+OR+6G%29+AND+%28%22smart+building%22+OR+%22active+building%22+OR+%22grid-interactive+building%22+OR+%22grid-interactive+efficient+building%22+OR+%22building+energy+management+system%22+OR+BEMS+OR+%22HVAC+flexibility%22+OR+%22building+thermal+flexibility%22%29+AND+%28%22demand+response%22+OR+%22peak+management%22+OR+%22peak+shaving%22+OR+%22load+shifting%22+OR+flexibility%29+AND+%28coordination+OR+%22coordinated+control%22+OR+%22co-optimization%22+OR+aggregation+OR+%22multi-asset%22+OR+%22integrated+energy+management%22+OR+%22distributed+control%22+OR+%22model+predictive+control%22+OR+MPC+OR+%22measurement+and+verification%22%29&filter=from_publication_date%3A2015-01-01%2Cto_publication_date%3A2026-08-31&per-page=10&sort=relevance_score%3Adesc&select=id%2Cdoi%2Ctitle%2Cdisplay_name%2Cpublication_year%2Cpublication_date%2Ctype%2Cauthorships%2Cprimary_location%2Copen_access%2Clanguage%2Cabstract_inverted_index,2026-08-31T14:33:03Z,2015-01-01,2026-08-31,publication date 2015-01-01 through 2026-08-31,relevance descending,page 1,10,4353,10,yes,200,0,data/raw_metadata/openalex/QPAIR_BS_BLDG_demand_response_peak_management.json,d70b32e215b93876f507ff1b9bedb721cd08561160a96efdefd4baf784c609f9,0.1.0,Bounded reproducible metadata discovery for this evidence-map run; all enabled query families are executed and truncation is disclosed.
RUN_20260831_EVIDENCE_MAP_01,QPAIR_BS_BLDG_frequency_response_regulation,pairwise_multi_asset,openalex,"(""base station"" OR ""radio access network"" OR RAN OR ""telecom tower"" OR ""cellular network"" OR 5G OR ""5G-Advanced"" OR B5G OR ""IMT-2030"" OR 6G) AND (""smart building"" OR ""active building"" OR ""grid-interactive building"" OR ""grid-interactive efficient building"" OR ""building energy management system"" OR BEMS OR ""HVAC flexibility"" OR ""building thermal flexibility"") AND (""frequency response"" OR ""frequency regulation"" OR ""fast frequency response"" OR ""ancillary service"" OR reserve) AND (coordination OR ""coordinated control"" OR ""co-optimization"" OR aggregation OR ""multi-asset"" OR ""integrated energy management"" OR ""distributed control"" OR ""model predictive control"" OR MPC OR ""measurement and verification"")",https://api.openalex.org/works?search=%28%22base+station%22+OR+%22radio+access+network%22+OR+RAN+OR+%22telecom+tower%22+OR+%22cellular+network%22+OR+5G+OR+%225G-Advanced%22+OR+B5G+OR+%22IMT-2030%22+OR+6G%29+AND+%28%22smart+building%22+OR+%22active+building%22+OR+%22grid-interactive+building%22+OR+%22grid-interactive+efficient+building%22+OR+%22building+energy+management+system%22+OR+BEMS+OR+%22HVAC+flexibility%22+OR+%22building+thermal+flexibility%22%29+AND+%28%22frequency+response%22+OR+%22frequency+regulation%22+OR+%22fast+frequency+response%22+OR+%22ancillary+service%22+OR+reserve%29+AND+%28coordination+OR+%22coordinated+control%22+OR+%22co-optimization%22+OR+aggregation+OR+%22multi-asset%22+OR+%22integrated+energy+management%22+OR+%22distributed+control%22+OR+%22model+predictive+control%22+OR+MPC+OR+%22measurement+and+verification%22%29&filter=from_publication_date%3A2015-01-01%2Cto_publication_date%3A2026-08-31&per-page=10&sort=relevance_score%3Adesc&select=id%2Cdoi%2Ctitle%2Cdisplay_name%2Cpublication_year%2Cpublication_date%2Ctype%2Cauthorships%2Cprimary_location%2Copen_access%2Clanguage%2Cabstract_inverted_index,2026-08-31T14:33:08Z,2015-01-01,2026-08-31,publication date 2015-01-01 through 2026-08-31,relevance descending,page 1,10,1267,10,yes,200,0,data/raw_metadata/openalex/QPAIR_BS_BLDG_frequency_response_regulation.json,91babc97e02d04996eb30af4787cd6877b0ff78a2964df8e487a839bbe379029,0.1.0,Bounded reproducible metadata discovery for this evidence-map run; all enabled query families are executed and truncation is disclosed.
RUN_20260831_EVIDENCE_MAP_01,QPAIR_BS_BLDG_local_energy_sharing_distribution_support,pairwise_multi_asset,openalex,"(""base station"" OR ""radio access network"" OR RAN OR ""telecom tower"" OR ""cellular network"" OR 5G OR ""5G-Advanced"" OR B5G OR ""IMT-2030"" OR 6G) AND (""smart building"" OR ""active building"" OR ""grid-interactive building"" OR ""grid-interactive efficient building"" OR ""building energy management system"" OR BEMS OR ""HVAC flexibility"" OR ""building thermal flexibility"") AND (""local energy sharing"" OR ""distribution grid"" OR ""voltage support"" OR ""congestion management"" OR microgrid OR ""virtual power plant"" OR VPP) AND (coordination OR ""coordinated control"" OR ""co-optimization"" OR aggregation OR ""multi-asset"" OR ""integrated energy management"" OR ""distributed control"" OR ""model predictive control"" OR MPC OR ""measurement and verification"")",https://api.openalex.org/works?search=%28%22base+station%22+OR+%22radio+access+network%22+OR+RAN+OR+%22telecom+tower%22+OR+%22cellular+network%22+OR+5G+OR+%225G-Advanced%22+OR+B5G+OR+%22IMT-2030%22+OR+6G%29+AND+%28%22smart+building%22+OR+%22active+building%22+OR+%22grid-interactive+building%22+OR+%22grid-interactive+efficient+building%22+OR+%22building+energy+management+system%22+OR+BEMS+OR+%22HVAC+flexibility%22+OR+%22building+thermal+flexibility%22%29+AND+%28%22local+energy+sharing%22+OR+%22distribution+grid%22+OR+%22voltage+support%22+OR+%22congestion+management%22+OR+microgrid+OR+%22virtual+power+plant%22+OR+VPP%29+AND+%28coordination+OR+%22coordinated+control%22+OR+%22co-optimization%22+OR+aggregation+OR+%22multi-asset%22+OR+%22integrated+energy+management%22+OR+%22distributed+control%22+OR+%22model+predictive+control%22+OR+MPC+OR+%22measurement+and+verification%22%29&filter=from_publication_date%3A2015-01-01%2Cto_publication_date%3A2026-08-31&per-page=10&sort=relevance_score%3Adesc&select=id%2Cdoi%2Ctitle%2Cdisplay_name%2Cpublication_year%2Cpublication_date%2Ctype%2Cauthorships%2Cprimary_location%2Copen_access%2Clanguage%2Cabstract_inverted_index,2026-08-31T14:33:11Z,2015-01-01,2026-08-31,publication date 2015-01-01 through 2026-08-31,relevance descending,page 1,10,1680,10,yes,200,0,data/raw_metadata/openalex/QPAIR_BS_BLDG_local_energy_sharing_distribution_support.json,d3ce60c545ca9a7c892d1cc2b82060a1f51b607ec592744eda4d9a6603292e63,0.1.0,Bounded reproducible metadata discovery for this evidence-map run; all enabled query families are executed and truncation is disclosed.
RUN_20260831_EVIDENCE_MAP_01,QPAIR_BS_BLDG_renewable_energy_integration,pairwise_multi_asset,openalex,"(""base station"" OR ""radio access network"" OR RAN OR ""telecom tower"" OR ""cellular network"" OR 5G OR ""5G-Advanced"" OR B5G OR ""IMT-2030"" OR 6G) AND (""smart building"" OR ""active building"" OR ""grid-interactive building"" OR ""grid-interactive efficient building"" OR ""building energy management system"" OR BEMS OR ""HVAC flexibility"" OR ""building thermal flexibility"") AND (""renewable integration"" OR ""renewable energy matching"" OR curtailment OR ""carbon-aware"" OR ""clean energy matching"") AND (coordination OR ""coordinated control"" OR ""co-optimization"" OR aggregation OR ""multi-asset"" OR ""integrated energy management"" OR ""distributed control"" OR ""model predictive control"" OR MPC OR ""measurement and verification"")",https://api.openalex.org/works?search=%28%22base+station%22+OR+%22radio+access+network%22+OR+RAN+OR+%22telecom+tower%22+OR+%22cellular+network%22+OR+5G+OR+%225G-Advanced%22+OR+B5G+OR+%22IMT-2030%22+OR+6G%29+AND+%28%22smart+building%22+OR+%22active+building%22+OR+%22grid-interactive+building%22+OR+%22grid-interactive+efficient+building%22+OR+%22building+energy+management+system%22+OR+BEMS+OR+%22HVAC+flexibility%22+OR+%22building+thermal+flexibility%22%29+AND+%28%22renewable+integration%22+OR+%22renewable+energy+matching%22+OR+curtailment+OR+%22carbon-aware%22+OR+%22clean+energy+matching%22%29+AND+%28coordination+OR+%22coordinated+control%22+OR+%22co-optimization%22+OR+aggregation+OR+%22multi-asset%22+OR+%22integrated+energy+management%22+OR+%22distributed+control%22+OR+%22model+predictive+control%22+OR+MPC+OR+%22measurement+and+verification%22%29&filter=from_publication_date%3A2015-01-01%2Cto_publication_date%3A2026-08-31&per-page=10&sort=relevance_score%3Adesc&select=id%2Cdoi%2Ctitle%2Cdisplay_name%2Cpublication_year%2Cpublication_date%2Ctype%2Cauthorships%2Cprimary_location%2Copen_access%2Clanguage%2Cabstract_inverted_index,2026-08-31T14:33:13Z,2015-01-01,2026-08-31,publication date 2015-01-01 through 2026-08-31,relevance descending,page 1,10,549,10,yes,200,0,data/raw_metadata/openalex/QPAIR_BS_BLDG_renewable_energy_integration.json,0ec117f21abf1a7051e24e40ea15b4d3b692f5766292966f13fcedab3a215ad8,0.1.0,Bounded reproducible metadata discovery for this evidence-map run; all enabled query families are executed and truncation is disclosed.
RUN_20260831_EVIDENCE_MAP_01,QPAIR_BS_BLDG_resilience_emergency_operation,pairwise_multi_asset,openalex,"(""base station"" OR ""radio access network"" OR RAN OR ""telecom tower"" OR ""cellular network"" OR 5G OR ""5G-Advanced"" OR B5G OR ""IMT-2030"" OR 6G) AND (""smart building"" OR ""active building"" OR ""grid-interactive building"" OR ""grid-interactive efficient building"" OR ""building energy management system"" OR BEMS OR ""HVAC flexibility"" OR ""building thermal flexibility"") AND (resilience OR ""emergency operation"" OR ""backup power"" OR outage OR ""critical load"" OR islanding) AND (coordination OR ""coordinated control"" OR ""co-optimization"" OR aggregation OR ""multi-asset"" OR ""integrated energy management"" OR ""distributed control"" OR ""model predictive control"" OR MPC OR ""measurement and verification"")",https://api.openalex.org/works?search=%28%22base+station%22+OR+%22radio+access+network%22+OR+RAN+OR+%22telecom+tower%22+OR+%22cellular+network%22+OR+5G+OR+%225G-Advanced%22+OR+B5G+OR+%22IMT-2030%22+OR+6G%29+AND+%28%22smart+building%22+OR+%22active+building%22+OR+%22grid-interactive+building%22+OR+%22grid-interactive+efficient+building%22+OR+%22building+energy+management+system%22+OR+BEMS+OR+%22HVAC+flexibility%22+OR+%22building+thermal+flexibility%22%29+AND+%28resilience+OR+%22emergency+operation%22+OR+%22backup+power%22+OR+outage+OR+%22critical+load%22+OR+islanding%29+AND+%28coordination+OR+%22coordinated+control%22+OR+%22co-optimization%22+OR+aggregation+OR+%22multi-asset%22+OR+%22integrated+energy+management%22+OR+%22distributed+control%22+OR+%22model+predictive+control%22+OR+MPC+OR+%22measurement+and+verification%22%29&filter=from_publication_date%3A2015-01-01%2Cto_publication_date%3A2026-08-31&per-page=10&sort=relevance_score%3Adesc&select=id%2Cdoi%2Ctitle%2Cdisplay_name%2Cpublication_year%2Cpublication_date%2Ctype%2Cauthorships%2Cprimary_location%2Copen_access%2Clanguage%2Cabstract_inverted_index,2026-08-31T14:33:17Z,2015-01-01,2026-08-31,publication date 2015-01-01 through 2026-08-31,relevance descending,page 1,10,3052,10,yes,200,0,data/raw_metadata/openalex/QPAIR_BS_BLDG_resilience_emergency_operation.json,58e9ed38e70a989aae89566963d8e11e06c1963ffba7b7ef62cd90bcaee625f0,0.1.0,Bounded reproducible metadata discovery for this evidence-map run; all enabled query families are executed and truncation is disclosed.
RUN_20260831_EVIDENCE_MAP_01,QPAIR_BS_EV_demand_response_peak_management,pairwise_multi_asset,openalex,"(""base station"" OR ""radio access network"" OR RAN OR ""telecom tower"" OR ""cellular network"" OR 5G OR ""5G-Advanced"" OR B5G OR ""IMT-2030"" OR 6G) AND (""electric vehicle"" OR ""EV fleet"" OR ""smart charging"" OR V1G OR ""vehicle-to-grid"" OR V2G OR ""vehicle-to-building"" OR V2B OR ""vehicle-to-home"" OR V2H) AND (""demand response"" OR ""peak management"" OR ""peak shaving"" OR ""load shifting"" OR flexibility) AND (coordination OR ""coordinated control"" OR ""co-optimization"" OR aggregation OR ""multi-asset"" OR ""integrated energy management"" OR ""distributed control"" OR ""model predictive control"" OR MPC OR ""measurement and verification"")",https://api.openalex.org/works?search=%28%22base+station%22+OR+%22radio+access+network%22+OR+RAN+OR+%22telecom+tower%22+OR+%22cellular+network%22+OR+5G+OR+%225G-Advanced%22+OR+B5G+OR+%22IMT-2030%22+OR+6G%29+AND+%28%22electric+vehicle%22+OR+%22EV+fleet%22+OR+%22smart+charging%22+OR+V1G+OR+%22vehicle-to-grid%22+OR+V2G+OR+%22vehicle-to-building%22+OR+V2B+OR+%22vehicle-to-home%22+OR+V2H%29+AND+%28%22demand+response%22+OR+%22peak+management%22+OR+%22peak+shaving%22+OR+%22load+shifting%22+OR+flexibility%29+AND+%28coordination+OR+%22coordinated+control%22+OR+%22co-optimization%22+OR+aggregation+OR+%22multi-asset%22+OR+%22integrated+energy+management%22+OR+%22distributed+control%22+OR+%22model+predictive+control%22+OR+MPC+OR+%22measurement+and+verification%22%29&filter=from_publication_date%3A2015-01-01%2Cto_publication_date%3A2026-08-31&per-page=10&sort=relevance_score%3Adesc&select=id%2Cdoi%2Ctitle%2Cdisplay_name%2Cpublication_year%2Cpublication_date%2Ctype%2Cauthorships%2Cprimary_location%2Copen_access%2Clanguage%2Cabstract_inverted_index,2026-08-31T14:33:19Z,2015-01-01,2026-08-31,publication date 2015-01-01 through 2026-08-31,relevance descending,page 1,10,10262,10,yes,200,0,data/raw_metadata/openalex/QPAIR_BS_EV_demand_response_peak_management.json,eb0407a04ca212957587ae772e27010c8368f2d7139107fa891fa0a8c6ac1da3,0.1.0,Bounded reproducible metadata discovery for this evidence-map run; all enabled query families are executed and truncation is disclosed.
RUN_20260831_EVIDENCE_MAP_01,QPAIR_BS_EV_frequency_response_regulation,pairwise_multi_asset,openalex,"(""base station"" OR ""radio access network"" OR RAN OR ""telecom tower"" OR ""cellular network"" OR 5G OR ""5G-Advanced"" OR B5G OR ""IMT-2030"" OR 6G) AND (""electric vehicle"" OR ""EV fleet"" OR ""smart charging"" OR V1G OR ""vehicle-to-grid"" OR V2G OR ""vehicle-to-building"" OR V2B OR ""vehicle-to-home"" OR V2H) AND (""frequency response"" OR ""frequency regulation"" OR ""fast frequency response"" OR ""ancillary service"" OR reserve) AND (coordination OR ""coordinated control"" OR ""co-optimization"" OR aggregation OR ""multi-asset"" OR ""integrated energy management"" OR ""distributed control"" OR ""model predictive control"" OR MPC OR ""measurement and verification"")",https://api.openalex.org/works?search=%28%22base+station%22+OR+%22radio+access+network%22+OR+RAN+OR+%22telecom+tower%22+OR+%22cellular+network%22+OR+5G+OR+%225G-Advanced%22+OR+B5G+OR+%22IMT-2030%22+OR+6G%29+AND+%28%22electric+vehicle%22+OR+%22EV+fleet%22+OR+%22smart+charging%22+OR+V1G+OR+%22vehicle-to-grid%22+OR+V2G+OR+%22vehicle-to-building%22+OR+V2B+OR+%22vehicle-to-home%22+OR+V2H%29+AND+%28%22frequency+response%22+OR+%22frequency+regulation%22+OR+%22fast+frequency+response%22+OR+%22ancillary+service%22+OR+reserve%29+AND+%28coordination+OR+%22coordinated+control%22+OR+%22co-optimization%22+OR+aggregation+OR+%22multi-asset%22+OR+%22integrated+energy+management%22+OR+%22distributed+control%22+OR+%22model+predictive+control%22+OR+MPC+OR+%22measurement+and+verification%22%29&filter=from_publication_date%3A2015-01-01%2Cto_publication_date%3A2026-08-31&per-page=10&sort=relevance_score%3Adesc&select=id%2Cdoi%2Ctitle%2Cdisplay_name%2Cpublication_year%2Cpublication_date%2Ctype%2Cauthorships%2Cprimary_location%2Copen_access%2Clanguage%2Cabstract_inverted_index,2026-08-31T14:33:21Z,2015-01-01,2026-08-31,publication date 2015-01-01 through 2026-08-31,relevance descending,page 1,10,3911,10,yes,200,0,data/raw_metadata/openalex/QPAIR_BS_EV_frequency_response_regulation.json,a2682390c7c26dc73ca8e470841cbae58e603d8dce2caf57b9e2637a36421bce,0.1.0,Bounded reproducible metadata discovery for this evidence-map run; all enabled query families are executed and truncation is disclosed.
RUN_20260831_EVIDENCE_MAP_01,QPAIR_BS_EV_local_energy_sharing_distribution_support,pairwise_multi_asset,openalex,"(""base station"" OR ""radio access network"" OR RAN OR ""telecom tower"" OR ""cellular network"" OR 5G OR ""5G-Advanced"" OR B5G OR ""IMT-2030"" OR 6G) AND (""electric vehicle"" OR ""EV fleet"" OR ""smart charging"" OR V1G OR ""vehicle-to-grid"" OR V2G OR ""vehicle-to-building"" OR V2B OR ""vehicle-to-home"" OR V2H) AND (""local energy sharing"" OR ""distribution grid"" OR ""voltage support"" OR ""congestion management"" OR microgrid OR ""virtual power plant"" OR VPP) AND (coordination OR ""coordinated control"" OR ""co-optimization"" OR aggregation OR ""multi-asset"" OR ""integrated energy management"" OR ""distributed control"" OR ""model predictive control"" OR MPC OR ""measurement and verification"")",https://api.openalex.org/works?search=%28%22base+station%22+OR+%22radio+access+network%22+OR+RAN+OR+%22telecom+tower%22+OR+%22cellular+network%22+OR+5G+OR+%225G-Advanced%22+OR+B5G+OR+%22IMT-2030%22+OR+6G%29+AND+%28%22electric+vehicle%22+OR+%22EV+fleet%22+OR+%22smart+charging%22+OR+V1G+OR+%22vehicle-to-grid%22+OR+V2G+OR+%22vehicle-to-building%22+OR+V2B+OR+%22vehicle-to-home%22+OR+V2H%29+AND+%28%22local+energy+sharing%22+OR+%22distribution+grid%22+OR+%22voltage+support%22+OR+%22congestion+management%22+OR+microgrid+OR+%22virtual+power+plant%22+OR+VPP%29+AND+%28coordination+OR+%22coordinated+control%22+OR+%22co-optimization%22+OR+aggregation+OR+%22multi-asset%22+OR+%22integrated+energy+management%22+OR+%22distributed+control%22+OR+%22model+predictive+control%22+OR+MPC+OR+%22measurement+and+verification%22%29&filter=from_publication_date%3A2015-01-01%2Cto_publication_date%3A2026-08-31&per-page=10&sort=relevance_score%3Adesc&select=id%2Cdoi%2Ctitle%2Cdisplay_name%2Cpublication_year%2Cpublication_date%2Ctype%2Cauthorships%2Cprimary_location%2Copen_access%2Clanguage%2Cabstract_inverted_index,2026-08-31T14:33:24Z,2015-01-01,2026-08-31,publication date 2015-01-01 through 2026-08-31,relevance descending,page 1,10,4367,10,yes,200,0,data/raw_metadata/openalex/QPAIR_BS_EV_local_energy_sharing_distribution_support.json,44b03cb4c45a2b1b227e686f116236c12a8015d6199eb3fd9e85671bd42e7502,0.1.0,Bounded reproducible metadata discovery for this evidence-map run; all enabled query families are executed and truncation is disclosed.
RUN_20260831_EVIDENCE_MAP_01,QPAIR_BS_EV_renewable_energy_integration,pairwise_multi_asset,openalex,"(""base station"" OR ""radio access network"" OR RAN OR ""telecom tower"" OR ""cellular network"" OR 5G OR ""5G-Advanced"" OR B5G OR ""IMT-2030"" OR 6G) AND (""electric vehicle"" OR ""EV fleet"" OR ""smart charging"" OR V1G OR ""vehicle-to-grid"" OR V2G OR ""vehicle-to-building"" OR V2B OR ""vehicle-to-home"" OR V2H) AND (""renewable integration"" OR ""renewable energy matching"" OR curtailment OR ""carbon-aware"" OR ""clean energy matching"") AND (coordination OR ""coordinated control"" OR ""co-optimization"" OR aggregation OR ""multi-asset"" OR ""integrated energy management"" OR ""distributed control"" OR ""model predictive control"" OR MPC OR ""measurement and verification"")",https://api.openalex.org/works?search=%28%22base+station%22+OR+%22radio+access+network%22+OR+RAN+OR+%22telecom+tower%22+OR+%22cellular+network%22+OR+5G+OR+%225G-Advanced%22+OR+B5G+OR+%22IMT-2030%22+OR+6G%29+AND+%28%22electric+vehicle%22+OR+%22EV+fleet%22+OR+%22smart+charging%22+OR+V1G+OR+%22vehicle-to-grid%22+OR+V2G+OR+%22vehicle-to-building%22+OR+V2B+OR+%22vehicle-to-home%22+OR+V2H%29+AND+%28%22renewable+integration%22+OR+%22renewable+energy+matching%22+OR+curtailment+OR+%22carbon-aware%22+OR+%22clean+energy+matching%22%29+AND+%28coordination+OR+%22coordinated+control%22+OR+%22co-optimization%22+OR+aggregation+OR+%22multi-asset%22+OR+%22integrated+energy+management%22+OR+%22distributed+control%22+OR+%22model+predictive+control%22+OR+MPC+OR+%22measurement+and+verification%22%29&filter=from_publication_date%3A2015-01-01%2Cto_publication_date%3A2026-08-31&per-page=10&sort=relevance_score%3Adesc&select=id%2Cdoi%2Ctitle%2Cdisplay_name%2Cpublication_year%2Cpublication_date%2Ctype%2Cauthorships%2Cprimary_location%2Copen_access%2Clanguage%2Cabstract_inverted_index,2026-08-31T14:33:26Z,2015-01-01,2026-08-31,publication date 2015-01-01 through 2026-08-31,relevance descending,page 1,10,1765,10,yes,200,0,data/raw_metadata/openalex/QPAIR_BS_EV_renewable_energy_integration.json,86a23490a47804354b73f6184cc5187781f1b715ab14a04cd08c76039ba04bc0,0.1.0,Bounded reproducible metadata discovery for this evidence-map run; all enabled query families are executed and truncation is disclosed.
RUN_20260831_EVIDENCE_MAP_01,QPAIR_BS_EV_resilience_emergency_operation,pairwise_multi_asset,openalex,"(""base station"" OR ""radio access network"" OR RAN OR ""telecom tower"" OR ""cellular network"" OR 5G OR ""5G-Advanced"" OR B5G OR ""IMT-2030"" OR 6G) AND (""electric vehicle"" OR ""EV fleet"" OR ""smart charging"" OR V1G OR ""vehicle-to-grid"" OR V2G OR ""vehicle-to-building"" OR V2B OR ""vehicle-to-home"" OR V2H) AND (resilience OR ""emergency operation"" OR ""backup power"" OR outage OR ""critical load"" OR islanding) AND (coordination OR ""coordinated control"" OR ""co-optimization"" OR aggregation OR ""multi-asset"" OR ""integrated energy management"" OR ""distributed control"" OR ""model predictive control"" OR MPC OR ""measurement and verification"")",https://api.openalex.org/works?search=%28%22base+station%22+OR+%22radio+access+network%22+OR+RAN+OR+%22telecom+tower%22+OR+%22cellular+network%22+OR+5G+OR+%225G-Advanced%22+OR+B5G+OR+%22IMT-2030%22+OR+6G%29+AND+%28%22electric+vehicle%22+OR+%22EV+fleet%22+OR+%22smart+charging%22+OR+V1G+OR+%22vehicle-to-grid%22+OR+V2G+OR+%22vehicle-to-building%22+OR+V2B+OR+%22vehicle-to-home%22+OR+V2H%29+AND+%28resilience+OR+%22emergency+operation%22+OR+%22backup+power%22+OR+outage+OR+%22critical+load%22+OR+islanding%29+AND+%28coordination+OR+%22coordinated+control%22+OR+%22co-optimization%22+OR+aggregation+OR+%22multi-asset%22+OR+%22integrated+energy+management%22+OR+%22distributed+control%22+OR+%22model+predictive+control%22+OR+MPC+OR+%22measurement+and+verification%22%29&filter=from_publication_date%3A2015-01-01%2Cto_publication_date%3A2026-08-31&per-page=10&sort=relevance_score%3Adesc&select=id%2Cdoi%2Ctitle%2Cdisplay_name%2Cpublication_year%2Cpublication_date%2Ctype%2Cauthorships%2Cprimary_location%2Copen_access%2Clanguage%2Cabstract_inverted_index,2026-08-31T14:33:30Z,2015-01-01,2026-08-31,publication date 2015-01-01 through 2026-08-31,relevance descending,page 1,10,6789,10,yes,200,0,data/raw_metadata/openalex/QPAIR_BS_EV_resilience_emergency_operation.json,a9845d182dd4739820f691c457c2167286a1818bbb79dbe69641f410573e862f,0.1.0,Bounded reproducible metadata discovery for this evidence-map run; all enabled query families are executed and truncation is disclosed.
RUN_20260831_EVIDENCE_MAP_01,QPAIR_DC_BLDG_demand_response_peak_management,pairwise_multi_asset,openalex,"(""data centre"" OR ""data center"" OR ""AI data centre"" OR ""AI data center"" OR ""cloud computing facility"" OR ""high performance computing"" OR ""edge data centre"" OR ""edge data center"") AND (""smart building"" OR ""active building"" OR ""grid-interactive building"" OR ""grid-interactive efficient building"" OR ""building energy management system"" OR BEMS OR ""HVAC flexibility"" OR ""building thermal flexibility"") AND (""demand response"" OR ""peak management"" OR ""peak shaving"" OR ""load shifting"" OR flexibility) AND (coordination OR ""coordinated control"" OR ""co-optimization"" OR aggregation OR ""multi-asset"" OR ""integrated energy management"" OR ""distributed control"" OR ""model predictive control"" OR MPC OR ""measurement and verification"")",https://api.openalex.org/works?search=%28%22data+centre%22+OR+%22data+center%22+OR+%22AI+data+centre%22+OR+%22AI+data+center%22+OR+%22cloud+computing+facility%22+OR+%22high+performance+computing%22+OR+%22edge+data+centre%22+OR+%22edge+data+center%22%29+AND+%28%22smart+building%22+OR+%22active+building%22+OR+%22grid-interactive+building%22+OR+%22grid-interactive+efficient+building%22+OR+%22building+energy+management+system%22+OR+BEMS+OR+%22HVAC+flexibility%22+OR+%22building+thermal+flexibility%22%29+AND+%28%22demand+response%22+OR+%22peak+management%22+OR+%22peak+shaving%22+OR+%22load+shifting%22+OR+flexibility%29+AND+%28coordination+OR+%22coordinated+control%22+OR+%22co-optimization%22+OR+aggregation+OR+%22multi-asset%22+OR+%22integrated+energy+management%22+OR+%22distributed+control%22+OR+%22model+predictive+control%22+OR+MPC+OR+%22measurement+and+verification%22%29&filter=from_publication_date%3A2015-01-01%2Cto_publication_date%3A2026-08-31&per-page=10&sort=relevance_score%3Adesc&select=id%2Cdoi%2Ctitle%2Cdisplay_name%2Cpublication_year%2Cpublication_date%2Ctype%2Cauthorships%2Cprimary_location%2Copen_access%2Clanguage%2Cabstract_inverted_index,2026-08-31T14:33:36Z,2015-01-01,2026-08-31,publication date 2015-01-01 through 2026-08-31,relevance descending,page 1,10,2972,10,yes,200,0,data/raw_metadata/openalex/QPAIR_DC_BLDG_demand_response_peak_management.json,17a5272aec3a5b5ee2b36e236f4f1b323c69a32ff3a9a56f9cb4d7627f7b28bc,0.1.0,Bounded reproducible metadata discovery for this evidence-map run; all enabled query families are executed and truncation is disclosed.
RUN_20260831_EVIDENCE_MAP_01,QPAIR_DC_BLDG_frequency_response_regulation,pairwise_multi_asset,openalex,"(""data centre"" OR ""data center"" OR ""AI data centre"" OR ""AI data center"" OR ""cloud computing facility"" OR ""high performance computing"" OR ""edge data centre"" OR ""edge data center"") AND (""smart building"" OR ""active building"" OR ""grid-interactive building"" OR ""grid-interactive efficient building"" OR ""building energy management system"" OR BEMS OR ""HVAC flexibility"" OR ""building thermal flexibility"") AND (""frequency response"" OR ""frequency regulation"" OR ""fast frequency response"" OR ""ancillary service"" OR reserve) AND (coordination OR ""coordinated control"" OR ""co-optimization"" OR aggregation OR ""multi-asset"" OR ""integrated energy management"" OR ""distributed control"" OR ""model predictive control"" OR MPC OR ""measurement and verification"")",https://api.openalex.org/works?search=%28%22data+centre%22+OR+%22data+center%22+OR+%22AI+data+centre%22+OR+%22AI+data+center%22+OR+%22cloud+computing+facility%22+OR+%22high+performance+computing%22+OR+%22edge+data+centre%22+OR+%22edge+data+center%22%29+AND+%28%22smart+building%22+OR+%22active+building%22+OR+%22grid-interactive+building%22+OR+%22grid-interactive+efficient+building%22+OR+%22building+energy+management+system%22+OR+BEMS+OR+%22HVAC+flexibility%22+OR+%22building+thermal+flexibility%22%29+AND+%28%22frequency+response%22+OR+%22frequency+regulation%22+OR+%22fast+frequency+response%22+OR+%22ancillary+service%22+OR+reserve%29+AND+%28coordination+OR+%22coordinated+control%22+OR+%22co-optimization%22+OR+aggregation+OR+%22multi-asset%22+OR+%22integrated+energy+management%22+OR+%22distributed+control%22+OR+%22model+predictive+control%22+OR+MPC+OR+%22measurement+and+verification%22%29&filter=from_publication_date%3A2015-01-01%2Cto_publication_date%3A2026-08-31&per-page=10&sort=relevance_score%3Adesc&select=id%2Cdoi%2Ctitle%2Cdisplay_name%2Cpublication_year%2Cpublication_date%2Ctype%2Cauthorships%2Cprimary_location%2Copen_access%2Clanguage%2Cabstract_inverted_index,2026-08-31T14:33:38Z,2015-01-01,2026-08-31,publication date 2015-01-01 through 2026-08-31,relevance descending,page 1,10,843,10,yes,200,0,data/raw_metadata/openalex/QPAIR_DC_BLDG_frequency_response_regulation.json,b6170dbaea1c0343e553f0b01c66c734137e67e2565466cfbfd16df817415e3f,0.1.0,Bounded reproducible metadata discovery for this evidence-map run; all enabled query families are executed and truncation is disclosed.
RUN_20260831_EVIDENCE_MAP_01,QPAIR_DC_BLDG_local_energy_sharing_distribution_support,pairwise_multi_asset,openalex,"(""data centre"" OR ""data center"" OR ""AI data centre"" OR ""AI data center"" OR ""cloud computing facility"" OR ""high performance computing"" OR ""edge data centre"" OR ""edge data center"") AND (""smart building"" OR ""active building"" OR ""grid-interactive building"" OR ""grid-interactive efficient building"" OR ""building energy management system"" OR BEMS OR ""HVAC flexibility"" OR ""building thermal flexibility"") AND (""local energy sharing"" OR ""distribution grid"" OR ""voltage support"" OR ""congestion management"" OR microgrid OR ""virtual power plant"" OR VPP) AND (coordination OR ""coordinated control"" OR ""co-optimization"" OR aggregation OR ""multi-asset"" OR ""integrated energy management"" OR ""distributed control"" OR ""model predictive control"" OR MPC OR ""measurement and verification"")",https://api.openalex.org/works?search=%28%22data+centre%22+OR+%22data+center%22+OR+%22AI+data+centre%22+OR+%22AI+data+center%22+OR+%22cloud+computing+facility%22+OR+%22high+performance+computing%22+OR+%22edge+data+centre%22+OR+%22edge+data+center%22%29+AND+%28%22smart+building%22+OR+%22active+building%22+OR+%22grid-interactive+building%22+OR+%22grid-interactive+efficient+building%22+OR+%22building+energy+management+system%22+OR+BEMS+OR+%22HVAC+flexibility%22+OR+%22building+thermal+flexibility%22%29+AND+%28%22local+energy+sharing%22+OR+%22distribution+grid%22+OR+%22voltage+support%22+OR+%22congestion+management%22+OR+microgrid+OR+%22virtual+power+plant%22+OR+VPP%29+AND+%28coordination+OR+%22coordinated+control%22+OR+%22co-optimization%22+OR+aggregation+OR+%22multi-asset%22+OR+%22integrated+energy+management%22+OR+%22distributed+control%22+OR+%22model+predictive+control%22+OR+MPC+OR+%22measurement+and+verification%22%29&filter=from_publication_date%3A2015-01-01%2Cto_publication_date%3A2026-08-31&per-page=10&sort=relevance_score%3Adesc&select=id%2Cdoi%2Ctitle%2Cdisplay_name%2Cpublication_year%2Cpublication_date%2Ctype%2Cauthorships%2Cprimary_location%2Copen_access%2Clanguage%2Cabstract_inverted_index,2026-08-31T14:33:43Z,2015-01-01,2026-08-31,publication date 2015-01-01 through 2026-08-31,relevance descending,page 1,10,1151,10,yes,200,0,data/raw_metadata/openalex/QPAIR_DC_BLDG_local_energy_sharing_distribution_support.json,7bf0c1b6d71c566093c7f41bcd02f3e3a3583c2c8296866c09e371a679f9a661,0.1.0,Bounded reproducible metadata discovery for this evidence-map run; all enabled query families are executed and truncation is disclosed.
RUN_20260831_EVIDENCE_MAP_01,QPAIR_DC_BLDG_renewable_energy_integration,pairwise_multi_asset,openalex,"(""data centre"" OR ""data center"" OR ""AI data centre"" OR ""AI data center"" OR ""cloud computing facility"" OR ""high performance computing"" OR ""edge data centre"" OR ""edge data center"") AND (""smart building"" OR ""active building"" OR ""grid-interactive building"" OR ""grid-interactive efficient building"" OR ""building energy management system"" OR BEMS OR ""HVAC flexibility"" OR ""building thermal flexibility"") AND (""renewable integration"" OR ""renewable energy matching"" OR curtailment OR ""carbon-aware"" OR ""clean energy matching"") AND (coordination OR ""coordinated control"" OR ""co-optimization"" OR aggregation OR ""multi-asset"" OR ""integrated energy management"" OR ""distributed control"" OR ""model predictive control"" OR MPC OR ""measurement and verification"")",https://api.openalex.org/works?search=%28%22data+centre%22+OR+%22data+center%22+OR+%22AI+data+centre%22+OR+%22AI+data+center%22+OR+%22cloud+computing+facility%22+OR+%22high+performance+computing%22+OR+%22edge+data+centre%22+OR+%22edge+data+center%22%29+AND+%28%22smart+building%22+OR+%22active+building%22+OR+%22grid-interactive+building%22+OR+%22grid-interactive+efficient+building%22+OR+%22building+energy+management+system%22+OR+BEMS+OR+%22HVAC+flexibility%22+OR+%22building+thermal+flexibility%22%29+AND+%28%22renewable+integration%22+OR+%22renewable+energy+matching%22+OR+curtailment+OR+%22carbon-aware%22+OR+%22clean+energy+matching%22%29+AND+%28coordination+OR+%22coordinated+control%22+OR+%22co-optimization%22+OR+aggregation+OR+%22multi-asset%22+OR+%22integrated+energy+management%22+OR+%22distributed+control%22+OR+%22model+predictive+control%22+OR+MPC+OR+%22measurement+and+verification%22%29&filter=from_publication_date%3A2015-01-01%2Cto_publication_date%3A2026-08-31&per-page=10&sort=relevance_score%3Adesc&select=id%2Cdoi%2Ctitle%2Cdisplay_name%2Cpublication_year%2Cpublication_date%2Ctype%2Cauthorships%2Cprimary_location%2Copen_access%2Clanguage%2Cabstract_inverted_index,2026-08-31T14:33:48Z,2015-01-01,2026-08-31,publication date 2015-01-01 through 2026-08-31,relevance descending,page 1,10,570,10,yes,200,0,data/raw_metadata/openalex/QPAIR_DC_BLDG_renewable_energy_integration.json,9cf350a4b34f05b0a79a7212d8bdae5eb77358ce38f6407d1f246a44de755e69,0.1.0,Bounded reproducible metadata discovery for this evidence-map run; all enabled query families are executed and truncation is disclosed.
RUN_20260831_EVIDENCE_MAP_01,QPAIR_DC_BLDG_resilience_emergency_operation,pairwise_multi_asset,openalex,"(""data centre"" OR ""data center"" OR ""AI data centre"" OR ""AI data center"" OR ""cloud computing facility"" OR ""high performance computing"" OR ""edge data centre"" OR ""edge data center"") AND (""smart building"" OR ""active building"" OR ""grid-interactive building"" OR ""grid-interactive efficient building"" OR ""building energy management system"" OR BEMS OR ""HVAC flexibility"" OR ""building thermal flexibility"") AND (resilience OR ""emergency operation"" OR ""backup power"" OR outage OR ""critical load"" OR islanding) AND (coordination OR ""coordinated control"" OR ""co-optimization"" OR aggregation OR ""multi-asset"" OR ""integrated energy management"" OR ""distributed control"" OR ""model predictive control"" OR MPC OR ""measurement and verification"")",https://api.openalex.org/works?search=%28%22data+centre%22+OR+%22data+center%22+OR+%22AI+data+centre%22+OR+%22AI+data+center%22+OR+%22cloud+computing+facility%22+OR+%22high+performance+computing%22+OR+%22edge+data+centre%22+OR+%22edge+data+center%22%29+AND+%28%22smart+building%22+OR+%22active+building%22+OR+%22grid-interactive+building%22+OR+%22grid-interactive+efficient+building%22+OR+%22building+energy+management+system%22+OR+BEMS+OR+%22HVAC+flexibility%22+OR+%22building+thermal+flexibility%22%29+AND+%28resilience+OR+%22emergency+operation%22+OR+%22backup+power%22+OR+outage+OR+%22critical+load%22+OR+islanding%29+AND+%28coordination+OR+%22coordinated+control%22+OR+%22co-optimization%22+OR+aggregation+OR+%22multi-asset%22+OR+%22integrated+energy+management%22+OR+%22distributed+control%22+OR+%22model+predictive+control%22+OR+MPC+OR+%22measurement+and+verification%22%29&filter=from_publication_date%3A2015-01-01%2Cto_publication_date%3A2026-08-31&per-page=10&sort=relevance_score%3Adesc&select=id%2Cdoi%2Ctitle%2Cdisplay_name%2Cpublication_year%2Cpublication_date%2Ctype%2Cauthorships%2Cprimary_location%2Copen_access%2Clanguage%2Cabstract_inverted_index,2026-08-31T14:33:51Z,2015-01-01,2026-08-31,publication date 2015-01-01 through 2026-08-31,relevance descending,page 1,10,2074,10,yes,200,0,data/raw_metadata/openalex/QPAIR_DC_BLDG_resilience_emergency_operation.json,7c307ff57ffc6e0b9cd13b9b2bed7ee04fe3d6b218eeabcefb41ba948dd2c850,0.1.0,Bounded reproducible metadata discovery for this evidence-map run; all enabled query families are executed and truncation is disclosed.
RUN_20260831_EVIDENCE_MAP_01,QPAIR_DC_BS_demand_response_peak_management,pairwise_multi_asset,openalex,"(""data centre"" OR ""data center"" OR ""AI data centre"" OR ""AI data center"" OR ""cloud computing facility"" OR ""high performance computing"" OR ""edge data centre"" OR ""edge data center"") AND (""base station"" OR ""radio access network"" OR RAN OR ""telecom tower"" OR ""cellular network"" OR 5G OR ""5G-Advanced"" OR B5G OR ""IMT-2030"" OR 6G) AND (""demand response"" OR ""peak management"" OR ""peak shaving"" OR ""load shifting"" OR flexibility) AND (coordination OR ""coordinated control"" OR ""co-optimization"" OR aggregation OR ""multi-asset"" OR ""integrated energy management"" OR ""distributed control"" OR ""model predictive control"" OR MPC OR ""measurement and verification"")",https://api.openalex.org/works?search=%28%22data+centre%22+OR+%22data+center%22+OR+%22AI+data+centre%22+OR+%22AI+data+center%22+OR+%22cloud+computing+facility%22+OR+%22high+performance+computing%22+OR+%22edge+data+centre%22+OR+%22edge+data+center%22%29+AND+%28%22base+station%22+OR+%22radio+access+network%22+OR+RAN+OR+%22telecom+tower%22+OR+%22cellular+network%22+OR+5G+OR+%225G-Advanced%22+OR+B5G+OR+%22IMT-2030%22+OR+6G%29+AND+%28%22demand+response%22+OR+%22peak+management%22+OR+%22peak+shaving%22+OR+%22load+shifting%22+OR+flexibility%29+AND+%28coordination+OR+%22coordinated+control%22+OR+%22co-optimization%22+OR+aggregation+OR+%22multi-asset%22+OR+%22integrated+energy+management%22+OR+%22distributed+control%22+OR+%22model+predictive+control%22+OR+MPC+OR+%22measurement+and+verification%22%29&filter=from_publication_date%3A2015-01-01%2Cto_publication_date%3A2026-08-31&per-page=10&sort=relevance_score%3Adesc&select=id%2Cdoi%2Ctitle%2Cdisplay_name%2Cpublication_year%2Cpublication_date%2Ctype%2Cauthorships%2Cprimary_location%2Copen_access%2Clanguage%2Cabstract_inverted_index,2026-08-31T14:34:05Z,2015-01-01,2026-08-31,publication date 2015-01-01 through 2026-08-31,relevance descending,page 1,10,20207,10,yes,200,0,data/raw_metadata/openalex/QPAIR_DC_BS_demand_response_peak_management.json,2d91a45dafc6dfda1b09e777ff68ae8d2e15806f3b855c24eb060a2178f39958,0.1.0,Bounded reproducible metadata discovery for this evidence-map run; all enabled query families are executed and truncation is disclosed.
RUN_20260831_EVIDENCE_MAP_01,QPAIR_DC_BS_frequency_response_regulation,pairwise_multi_asset,openalex,"(""data centre"" OR ""data center"" OR ""AI data centre"" OR ""AI data center"" OR ""cloud computing facility"" OR ""high performance computing"" OR ""edge data centre"" OR ""edge data center"") AND (""base station"" OR ""radio access network"" OR RAN OR ""telecom tower"" OR ""cellular network"" OR 5G OR ""5G-Advanced"" OR B5G OR ""IMT-2030"" OR 6G) AND (""frequency response"" OR ""frequency regulation"" OR ""fast frequency response"" OR ""ancillary service"" OR reserve) AND (coordination OR ""coordinated control"" OR ""co-optimization"" OR aggregation OR ""multi-asset"" OR ""integrated energy management"" OR ""distributed control"" OR ""model predictive control"" OR MPC OR ""measurement and verification"")",https://api.openalex.org/works?search=%28%22data+centre%22+OR+%22data+center%22+OR+%22AI+data+centre%22+OR+%22AI+data+center%22+OR+%22cloud+computing+facility%22+OR+%22high+performance+computing%22+OR+%22edge+data+centre%22+OR+%22edge+data+center%22%29+AND+%28%22base+station%22+OR+%22radio+access+network%22+OR+RAN+OR+%22telecom+tower%22+OR+%22cellular+network%22+OR+5G+OR+%225G-Advanced%22+OR+B5G+OR+%22IMT-2030%22+OR+6G%29+AND+%28%22frequency+response%22+OR+%22frequency+regulation%22+OR+%22fast+frequency+response%22+OR+%22ancillary+service%22+OR+reserve%29+AND+%28coordination+OR+%22coordinated+control%22+OR+%22co-optimization%22+OR+aggregation+OR+%22multi-asset%22+OR+%22integrated+energy+management%22+OR+%22distributed+control%22+OR+%22model+predictive+control%22+OR+MPC+OR+%22measurement+and+verification%22%29&filter=from_publication_date%3A2015-01-01%2Cto_publication_date%3A2026-08-31&per-page=10&sort=relevance_score%3Adesc&select=id%2Cdoi%2Ctitle%2Cdisplay_name%2Cpublication_year%2Cpublication_date%2Ctype%2Cauthorships%2Cprimary_location%2Copen_access%2Clanguage%2Cabstract_inverted_index,2026-08-31T14:34:08Z,2015-01-01,2026-08-31,publication date 2015-01-01 through 2026-08-31,relevance descending,page 1,10,4525,10,yes,200,0,data/raw_metadata/openalex/QPAIR_DC_BS_frequency_response_regulation.json,28b11c4fb5f8a247cbcad38991b4babe9745372e406f83f1256f6d6e1268f70b,0.1.0,Bounded reproducible metadata discovery for this evidence-map run; all enabled query families are executed and truncation is disclosed.
RUN_20260831_EVIDENCE_MAP_01,QPAIR_DC_BS_local_energy_sharing_distribution_support,pairwise_multi_asset,openalex,"(""data centre"" OR ""data center"" OR ""AI data centre"" OR ""AI data center"" OR ""cloud computing facility"" OR ""high performance computing"" OR ""edge data centre"" OR ""edge data center"") AND (""base station"" OR ""radio access network"" OR RAN OR ""telecom tower"" OR ""cellular network"" OR 5G OR ""5G-Advanced"" OR B5G OR ""IMT-2030"" OR 6G) AND (""local energy sharing"" OR ""distribution grid"" OR ""voltage support"" OR ""congestion management"" OR microgrid OR ""virtual power plant"" OR VPP) AND (coordination OR ""coordinated control"" OR ""co-optimization"" OR aggregation OR ""multi-asset"" OR ""integrated energy management"" OR ""distributed control"" OR ""model predictive control"" OR MPC OR ""measurement and verification"")",https://api.openalex.org/works?search=%28%22data+centre%22+OR+%22data+center%22+OR+%22AI+data+centre%22+OR+%22AI+data+center%22+OR+%22cloud+computing+facility%22+OR+%22high+performance+computing%22+OR+%22edge+data+centre%22+OR+%22edge+data+center%22%29+AND+%28%22base+station%22+OR+%22radio+access+network%22+OR+RAN+OR+%22telecom+tower%22+OR+%22cellular+network%22+OR+5G+OR+%225G-Advanced%22+OR+B5G+OR+%22IMT-2030%22+OR+6G%29+AND+%28%22local+energy+sharing%22+OR+%22distribution+grid%22+OR+%22voltage+support%22+OR+%22congestion+management%22+OR+microgrid+OR+%22virtual+power+plant%22+OR+VPP%29+AND+%28coordination+OR+%22coordinated+control%22+OR+%22co-optimization%22+OR+aggregation+OR+%22multi-asset%22+OR+%22integrated+energy+management%22+OR+%22distributed+control%22+OR+%22model+predictive+control%22+OR+MPC+OR+%22measurement+and+verification%22%29&filter=from_publication_date%3A2015-01-01%2Cto_publication_date%3A2026-08-31&per-page=10&sort=relevance_score%3Adesc&select=id%2Cdoi%2Ctitle%2Cdisplay_name%2Cpublication_year%2Cpublication_date%2Ctype%2Cauthorships%2Cprimary_location%2Copen_access%2Clanguage%2Cabstract_inverted_index,2026-08-31T14:34:18Z,2015-01-01,2026-08-31,publication date 2015-01-01 through 2026-08-31,relevance descending,page 1,10,2239,10,yes,200,0,data/raw_metadata/openalex/QPAIR_DC_BS_local_energy_sharing_distribution_support.json,4e46d3986a1a6e9ae7bc6f9904307116b6bb6dd15dca3ea947cbeb0d52628013,0.1.0,Bounded reproducible metadata discovery for this evidence-map run; all enabled query families are executed and truncation is disclosed.
RUN_20260831_EVIDENCE_MAP_01,QPAIR_DC_BS_renewable_energy_integration,pairwise_multi_asset,openalex,"(""data centre"" OR ""data center"" OR ""AI data centre"" OR ""AI data center"" OR ""cloud computing facility"" OR ""high performance computing"" OR ""edge data centre"" OR ""edge data center"") AND (""base station"" OR ""radio access network"" OR RAN OR ""telecom tower"" OR ""cellular network"" OR 5G OR ""5G-Advanced"" OR B5G OR ""IMT-2030"" OR 6G) AND (""renewable integration"" OR ""renewable energy matching"" OR curtailment OR ""carbon-aware"" OR ""clean energy matching"") AND (coordination OR ""coordinated control"" OR ""co-optimization"" OR aggregation OR ""multi-asset"" OR ""integrated energy management"" OR ""distributed control"" OR ""model predictive control"" OR MPC OR ""measurement and verification"")",https://api.openalex.org/works?search=%28%22data+centre%22+OR+%22data+center%22+OR+%22AI+data+centre%22+OR+%22AI+data+center%22+OR+%22cloud+computing+facility%22+OR+%22high+performance+computing%22+OR+%22edge+data+centre%22+OR+%22edge+data+center%22%29+AND+%28%22base+station%22+OR+%22radio+access+network%22+OR+RAN+OR+%22telecom+tower%22+OR+%22cellular+network%22+OR+5G+OR+%225G-Advanced%22+OR+B5G+OR+%22IMT-2030%22+OR+6G%29+AND+%28%22renewable+integration%22+OR+%22renewable+energy+matching%22+OR+curtailment+OR+%22carbon-aware%22+OR+%22clean+energy+matching%22%29+AND+%28coordination+OR+%22coordinated+control%22+OR+%22co-optimization%22+OR+aggregation+OR+%22multi-asset%22+OR+%22integrated+energy+management%22+OR+%22distributed+control%22+OR+%22model+predictive+control%22+OR+MPC+OR+%22measurement+and+verification%22%29&filter=from_publication_date%3A2015-01-01%2Cto_publication_date%3A2026-08-31&per-page=10&sort=relevance_score%3Adesc&select=id%2Cdoi%2Ctitle%2Cdisplay_name%2Cpublication_year%2Cpublication_date%2Ctype%2Cauthorships%2Cprimary_location%2Copen_access%2Clanguage%2Cabstract_inverted_index,2026-08-31T14:34:22Z,2015-01-01,2026-08-31,publication date 2015-01-01 through 2026-08-31,relevance descending,page 1,10,1347,10,yes,200,0,data/raw_metadata/openalex/QPAIR_DC_BS_renewable_energy_integration.json,71c4f2ff8c74ddc5136d57bd4ab0adaed565c5c696fee762a9ddd9085149e679,0.1.0,Bounded reproducible metadata discovery for this evidence-map run; all enabled query families are executed and truncation is disclosed.
RUN_20260831_EVIDENCE_MAP_01,QPAIR_DC_BS_resilience_emergency_operation,pairwise_multi_asset,openalex,"(""data centre"" OR ""data center"" OR ""AI data centre"" OR ""AI data center"" OR ""cloud computing facility"" OR ""high performance computing"" OR ""edge data centre"" OR ""edge data center"") AND (""base station"" OR ""radio access network"" OR RAN OR ""telecom tower"" OR ""cellular network"" OR 5G OR ""5G-Advanced"" OR B5G OR ""IMT-2030"" OR 6G) AND (resilience OR ""emergency operation"" OR ""backup power"" OR outage OR ""critical load"" OR islanding) AND (coordination OR ""coordinated control"" OR ""co-optimization"" OR aggregation OR ""multi-asset"" OR ""integrated energy management"" OR ""distributed control"" OR ""model predictive control"" OR MPC OR ""measurement and verification"")",https://api.openalex.org/works?search=%28%22data+centre%22+OR+%22data+center%22+OR+%22AI+data+centre%22+OR+%22AI+data+center%22+OR+%22cloud+computing+facility%22+OR+%22high+performance+computing%22+OR+%22edge+data+centre%22+OR+%22edge+data+center%22%29+AND+%28%22base+station%22+OR+%22radio+access+network%22+OR+RAN+OR+%22telecom+tower%22+OR+%22cellular+network%22+OR+5G+OR+%225G-Advanced%22+OR+B5G+OR+%22IMT-2030%22+OR+6G%29+AND+%28resilience+OR+%22emergency+operation%22+OR+%22backup+power%22+OR+outage+OR+%22critical+load%22+OR+islanding%29+AND+%28coordination+OR+%22coordinated+control%22+OR+%22co-optimization%22+OR+aggregation+OR+%22multi-asset%22+OR+%22integrated+energy+management%22+OR+%22distributed+control%22+OR+%22model+predictive+control%22+OR+MPC+OR+%22measurement+and+verification%22%29&filter=from_publication_date%3A2015-01-01%2Cto_publication_date%3A2026-08-31&per-page=10&sort=relevance_score%3Adesc&select=id%2Cdoi%2Ctitle%2Cdisplay_name%2Cpublication_year%2Cpublication_date%2Ctype%2Cauthorships%2Cprimary_location%2Copen_access%2Clanguage%2Cabstract_inverted_index,2026-08-31T14:34:28Z,2015-01-01,2026-08-31,publication date 2015-01-01 through 2026-08-31,relevance descending,page 1,10,12508,10,yes,200,0,data/raw_metadata/openalex/QPAIR_DC_BS_resilience_emergency_operation.json,373f85cf97dec09fb653e084bf30ca06dfa40ac788f53893dbde7f47c2e91675,0.1.0,Bounded reproducible metadata discovery for this evidence-map run; all enabled query families are executed and truncation is disclosed.
RUN_20260831_EVIDENCE_MAP_01,QPAIR_DC_EV_demand_response_peak_management,pairwise_multi_asset,openalex,"(""data centre"" OR ""data center"" OR ""AI data centre"" OR ""AI data center"" OR ""cloud computing facility"" OR ""high performance computing"" OR ""edge data centre"" OR ""edge data center"") AND (""electric vehicle"" OR ""EV fleet"" OR ""smart charging"" OR V1G OR ""vehicle-to-grid"" OR V2G OR ""vehicle-to-building"" OR V2B OR ""vehicle-to-home"" OR V2H) AND (""demand response"" OR ""peak management"" OR ""peak shaving"" OR ""load shifting"" OR flexibility) AND (coordination OR ""coordinated control"" OR ""co-optimization"" OR aggregation OR ""multi-asset"" OR ""integrated energy management"" OR ""distributed control"" OR ""model predictive control"" OR MPC OR ""measurement and verification"")",https://api.openalex.org/works?search=%28%22data+centre%22+OR+%22data+center%22+OR+%22AI+data+centre%22+OR+%22AI+data+center%22+OR+%22cloud+computing+facility%22+OR+%22high+performance+computing%22+OR+%22edge+data+centre%22+OR+%22edge+data+center%22%29+AND+%28%22electric+vehicle%22+OR+%22EV+fleet%22+OR+%22smart+charging%22+OR+V1G+OR+%22vehicle-to-grid%22+OR+V2G+OR+%22vehicle-to-building%22+OR+V2B+OR+%22vehicle-to-home%22+OR+V2H%29+AND+%28%22demand+response%22+OR+%22peak+management%22+OR+%22peak+shaving%22+OR+%22load+shifting%22+OR+flexibility%29+AND+%28coordination+OR+%22coordinated+control%22+OR+%22co-optimization%22+OR+aggregation+OR+%22multi-asset%22+OR+%22integrated+energy+management%22+OR+%22distributed+control%22+OR+%22model+predictive+control%22+OR+MPC+OR+%22measurement+and+verification%22%29&filter=from_publication_date%3A2015-01-01%2Cto_publication_date%3A2026-08-31&per-page=10&sort=relevance_score%3Adesc&select=id%2Cdoi%2Ctitle%2Cdisplay_name%2Cpublication_year%2Cpublication_date%2Ctype%2Cauthorships%2Cprimary_location%2Copen_access%2Clanguage%2Cabstract_inverted_index,2026-08-31T14:34:35Z,2015-01-01,2026-08-31,publication date 2015-01-01 through 2026-08-31,relevance descending,page 1,10,6143,10,yes,200,0,data/raw_metadata/openalex/QPAIR_DC_EV_demand_response_peak_management.json,a9502aa14451ba4cc46985ea33cf62b6a3e520ba378db823e5ce36d108044d3e,0.1.0,Bounded reproducible metadata discovery for this evidence-map run; all enabled query families are executed and truncation is disclosed.
RUN_20260831_EVIDENCE_MAP_01,QPAIR_DC_EV_frequency_response_regulation,pairwise_multi_asset,openalex,"(""data centre"" OR ""data center"" OR ""AI data centre"" OR ""AI data center"" OR ""cloud computing facility"" OR ""high performance computing"" OR ""edge data centre"" OR ""edge data center"") AND (""electric vehicle"" OR ""EV fleet"" OR ""smart charging"" OR V1G OR ""vehicle-to-grid"" OR V2G OR ""vehicle-to-building"" OR V2B OR ""vehicle-to-home"" OR V2H) AND (""frequency response"" OR ""frequency regulation"" OR ""fast frequency response"" OR ""ancillary service"" OR reserve) AND (coordination OR ""coordinated control"" OR ""co-optimization"" OR aggregation OR ""multi-asset"" OR ""integrated energy management"" OR ""distributed control"" OR ""model predictive control"" OR MPC OR ""measurement and verification"")",https://api.openalex.org/works?search=%28%22data+centre%22+OR+%22data+center%22+OR+%22AI+data+centre%22+OR+%22AI+data+center%22+OR+%22cloud+computing+facility%22+OR+%22high+performance+computing%22+OR+%22edge+data+centre%22+OR+%22edge+data+center%22%29+AND+%28%22electric+vehicle%22+OR+%22EV+fleet%22+OR+%22smart+charging%22+OR+V1G+OR+%22vehicle-to-grid%22+OR+V2G+OR+%22vehicle-to-building%22+OR+V2B+OR+%22vehicle-to-home%22+OR+V2H%29+AND+%28%22frequency+response%22+OR+%22frequency+regulation%22+OR+%22fast+frequency+response%22+OR+%22ancillary+service%22+OR+reserve%29+AND+%28coordination+OR+%22coordinated+control%22+OR+%22co-optimization%22+OR+aggregation+OR+%22multi-asset%22+OR+%22integrated+energy+management%22+OR+%22distributed+control%22+OR+%22model+predictive+control%22+OR+MPC+OR+%22measurement+and+verification%22%29&filter=from_publication_date%3A2015-01-01%2Cto_publication_date%3A2026-08-31&per-page=10&sort=relevance_score%3Adesc&select=id%2Cdoi%2Ctitle%2Cdisplay_name%2Cpublication_year%2Cpublication_date%2Ctype%2Cauthorships%2Cprimary_location%2Copen_access%2Clanguage%2Cabstract_inverted_index,2026-08-31T14:34:39Z,2015-01-01,2026-08-31,publication date 2015-01-01 through 2026-08-31,relevance descending,page 1,10,2691,10,yes,200,0,data/raw_metadata/openalex/QPAIR_DC_EV_frequency_response_regulation.json,1295a20652b85e4e4c8ec74d9b72eff2cce61f76ec323e0c9682e50bc88588c5,0.1.0,Bounded reproducible metadata discovery for this evidence-map run; all enabled query families are executed and truncation is disclosed.
RUN_20260831_EVIDENCE_MAP_01,QPAIR_DC_EV_local_energy_sharing_distribution_support,pairwise_multi_asset,openalex,"(""data centre"" OR ""data center"" OR ""AI data centre"" OR ""AI data center"" OR ""cloud computing facility"" OR ""high performance computing"" OR ""edge data centre"" OR ""edge data center"") AND (""electric vehicle"" OR ""EV fleet"" OR ""smart charging"" OR V1G OR ""vehicle-to-grid"" OR V2G OR ""vehicle-to-building"" OR V2B OR ""vehicle-to-home"" OR V2H) AND (""local energy sharing"" OR ""distribution grid"" OR ""voltage support"" OR ""congestion management"" OR microgrid OR ""virtual power plant"" OR VPP) AND (coordination OR ""coordinated control"" OR ""co-optimization"" OR aggregation OR ""multi-asset"" OR ""integrated energy management"" OR ""distributed control"" OR ""model predictive control"" OR MPC OR ""measurement and verification"")",https://api.openalex.org/works?search=%28%22data+centre%22+OR+%22data+center%22+OR+%22AI+data+centre%22+OR+%22AI+data+center%22+OR+%22cloud+computing+facility%22+OR+%22high+performance+computing%22+OR+%22edge+data+centre%22+OR+%22edge+data+center%22%29+AND+%28%22electric+vehicle%22+OR+%22EV+fleet%22+OR+%22smart+charging%22+OR+V1G+OR+%22vehicle-to-grid%22+OR+V2G+OR+%22vehicle-to-building%22+OR+V2B+OR+%22vehicle-to-home%22+OR+V2H%29+AND+%28%22local+energy+sharing%22+OR+%22distribution+grid%22+OR+%22voltage+support%22+OR+%22congestion+management%22+OR+microgrid+OR+%22virtual+power+plant%22+OR+VPP%29+AND+%28coordination+OR+%22coordinated+control%22+OR+%22co-optimization%22+OR+aggregation+OR+%22multi-asset%22+OR+%22integrated+energy+management%22+OR+%22distributed+control%22+OR+%22model+predictive+control%22+OR+MPC+OR+%22measurement+and+verification%22%29&filter=from_publication_date%3A2015-01-01%2Cto_publication_date%3A2026-08-31&per-page=10&sort=relevance_score%3Adesc&select=id%2Cdoi%2Ctitle%2Cdisplay_name%2Cpublication_year%2Cpublication_date%2Ctype%2Cauthorships%2Cprimary_location%2Copen_access%2Clanguage%2Cabstract_inverted_index,2026-08-31T14:34:42Z,2015-01-01,2026-08-31,publication date 2015-01-01 through 2026-08-31,relevance descending,page 1,10,3578,10,yes,200,0,data/raw_metadata/openalex/QPAIR_DC_EV_local_energy_sharing_distribution_support.json,b5c82b4b5cd64b8fd48a36f49e9e9522c9c0ddeaa04e7fda72c0293c09b7d372,0.1.0,Bounded reproducible metadata discovery for this evidence-map run; all enabled query families are executed and truncation is disclosed.
RUN_20260831_EVIDENCE_MAP_01,QPAIR_DC_EV_renewable_energy_integration,pairwise_multi_asset,openalex,"(""data centre"" OR ""data center"" OR ""AI data centre"" OR ""AI data center"" OR ""cloud computing facility"" OR ""high performance computing"" OR ""edge data centre"" OR ""edge data center"") AND (""electric vehicle"" OR ""EV fleet"" OR ""smart charging"" OR V1G OR ""vehicle-to-grid"" OR V2G OR ""vehicle-to-building"" OR V2B OR ""vehicle-to-home"" OR V2H) AND (""renewable integration"" OR ""renewable energy matching"" OR curtailment OR ""carbon-aware"" OR ""clean energy matching"") AND (coordination OR ""coordinated control"" OR ""co-optimization"" OR aggregation OR ""multi-asset"" OR ""integrated energy management"" OR ""distributed control"" OR ""model predictive control"" OR MPC OR ""measurement and verification"")",https://api.openalex.org/works?search=%28%22data+centre%22+OR+%22data+center%22+OR+%22AI+data+centre%22+OR+%22AI+data+center%22+OR+%22cloud+computing+facility%22+OR+%22high+performance+computing%22+OR+%22edge+data+centre%22+OR+%22edge+data+center%22%29+AND+%28%22electric+vehicle%22+OR+%22EV+fleet%22+OR+%22smart+charging%22+OR+V1G+OR+%22vehicle-to-grid%22+OR+V2G+OR+%22vehicle-to-building%22+OR+V2B+OR+%22vehicle-to-home%22+OR+V2H%29+AND+%28%22renewable+integration%22+OR+%22renewable+energy+matching%22+OR+curtailment+OR+%22carbon-aware%22+OR+%22clean+energy+matching%22%29+AND+%28coordination+OR+%22coordinated+control%22+OR+%22co-optimization%22+OR+aggregation+OR+%22multi-asset%22+OR+%22integrated+energy+management%22+OR+%22distributed+control%22+OR+%22model+predictive+control%22+OR+MPC+OR+%22measurement+and+verification%22%29&filter=from_publication_date%3A2015-01-01%2Cto_publication_date%3A2026-08-31&per-page=10&sort=relevance_score%3Adesc&select=id%2Cdoi%2Ctitle%2Cdisplay_name%2Cpublication_year%2Cpublication_date%2Ctype%2Cauthorships%2Cprimary_location%2Copen_access%2Clanguage%2Cabstract_inverted_index,2026-08-31T14:34:44Z,2015-01-01,2026-08-31,publication date 2015-01-01 through 2026-08-31,relevance descending,page 1,10,1679,10,yes,200,0,data/raw_metadata/openalex/QPAIR_DC_EV_renewable_energy_integration.json,5e928712a862b0405a83affe7d15034bd2eef330192cbc2a989187d2a2cf5cde,0.1.0,Bounded reproducible metadata discovery for this evidence-map run; all enabled query families are executed and truncation is disclosed.
RUN_20260831_EVIDENCE_MAP_01,QPAIR_DC_EV_resilience_emergency_operation,pairwise_multi_asset,openalex,"(""data centre"" OR ""data center"" OR ""AI data centre"" OR ""AI data center"" OR ""cloud computing facility"" OR ""high performance computing"" OR ""edge data centre"" OR ""edge data center"") AND (""electric vehicle"" OR ""EV fleet"" OR ""smart charging"" OR V1G OR ""vehicle-to-grid"" OR V2G OR ""vehicle-to-building"" OR V2B OR ""vehicle-to-home"" OR V2H) AND (resilience OR ""emergency operation"" OR ""backup power"" OR outage OR ""critical load"" OR islanding) AND (coordination OR ""coordinated control"" OR ""co-optimization"" OR aggregation OR ""multi-asset"" OR ""integrated energy management"" OR ""distributed control"" OR ""model predictive control"" OR MPC OR ""measurement and verification"")",https://api.openalex.org/works?search=%28%22data+centre%22+OR+%22data+center%22+OR+%22AI+data+centre%22+OR+%22AI+data+center%22+OR+%22cloud+computing+facility%22+OR+%22high+performance+computing%22+OR+%22edge+data+centre%22+OR+%22edge+data+center%22%29+AND+%28%22electric+vehicle%22+OR+%22EV+fleet%22+OR+%22smart+charging%22+OR+V1G+OR+%22vehicle-to-grid%22+OR+V2G+OR+%22vehicle-to-building%22+OR+V2B+OR+%22vehicle-to-home%22+OR+V2H%29+AND+%28resilience+OR+%22emergency+operation%22+OR+%22backup+power%22+OR+outage+OR+%22critical+load%22+OR+islanding%29+AND+%28coordination+OR+%22coordinated+control%22+OR+%22co-optimization%22+OR+aggregation+OR+%22multi-asset%22+OR+%22integrated+energy+management%22+OR+%22distributed+control%22+OR+%22model+predictive+control%22+OR+MPC+OR+%22measurement+and+verification%22%29&filter=from_publication_date%3A2015-01-01%2Cto_publication_date%3A2026-08-31&per-page=10&sort=relevance_score%3Adesc&select=id%2Cdoi%2Ctitle%2Cdisplay_name%2Cpublication_year%2Cpublication_date%2Ctype%2Cauthorships%2Cprimary_location%2Copen_access%2Clanguage%2Cabstract_inverted_index,2026-08-31T14:34:46Z,2015-01-01,2026-08-31,publication date 2015-01-01 through 2026-08-31,relevance descending,page 1,10,4750,10,yes,200,0,data/raw_metadata/openalex/QPAIR_DC_EV_resilience_emergency_operation.json,76561bd5332bb7ab7a2238c9a17eb708d151c59165d87120e5a441120786f67b,0.1.0,Bounded reproducible metadata discovery for this evidence-map run; all enabled query families are executed and truncation is disclosed.
RUN_20260831_EVIDENCE_MAP_01,QPAIR_EV_BLDG_demand_response_peak_management,pairwise_multi_asset,openalex,"(""electric vehicle"" OR ""EV fleet"" OR ""smart charging"" OR V1G OR ""vehicle-to-grid"" OR V2G OR ""vehicle-to-building"" OR V2B OR ""vehicle-to-home"" OR V2H) AND (""smart building"" OR ""active building"" OR ""grid-interactive building"" OR ""grid-interactive efficient building"" OR ""building energy management system"" OR BEMS OR ""HVAC flexibility"" OR ""building thermal flexibility"") AND (""demand response"" OR ""peak management"" OR ""peak shaving"" OR ""load shifting"" OR flexibility) AND (coordination OR ""coordinated control"" OR ""co-optimization"" OR aggregation OR ""multi-asset"" OR ""integrated energy management"" OR ""distributed control"" OR ""model predictive control"" OR MPC OR ""measurement and verification"")",https://api.openalex.org/works?search=%28%22electric+vehicle%22+OR+%22EV+fleet%22+OR+%22smart+charging%22+OR+V1G+OR+%22vehicle-to-grid%22+OR+V2G+OR+%22vehicle-to-building%22+OR+V2B+OR+%22vehicle-to-home%22+OR+V2H%29+AND+%28%22smart+building%22+OR+%22active+building%22+OR+%22grid-interactive+building%22+OR+%22grid-interactive+efficient+building%22+OR+%22building+energy+management+system%22+OR+BEMS+OR+%22HVAC+flexibility%22+OR+%22building+thermal+flexibility%22%29+AND+%28%22demand+response%22+OR+%22peak+management%22+OR+%22peak+shaving%22+OR+%22load+shifting%22+OR+flexibility%29+AND+%28coordination+OR+%22coordinated+control%22+OR+%22co-optimization%22+OR+aggregation+OR+%22multi-asset%22+OR+%22integrated+energy+management%22+OR+%22distributed+control%22+OR+%22model+predictive+control%22+OR+MPC+OR+%22measurement+and+verification%22%29&filter=from_publication_date%3A2015-01-01%2Cto_publication_date%3A2026-08-31&per-page=10&sort=relevance_score%3Adesc&select=id%2Cdoi%2Ctitle%2Cdisplay_name%2Cpublication_year%2Cpublication_date%2Ctype%2Cauthorships%2Cprimary_location%2Copen_access%2Clanguage%2Cabstract_inverted_index,2026-08-31T14:34:51Z,2015-01-01,2026-08-31,publication date 2015-01-01 through 2026-08-31,relevance descending,page 1,10,4745,10,yes,200,0,data/raw_metadata/openalex/QPAIR_EV_BLDG_demand_response_peak_management.json,60b4555f13d256a0de12b18d3d0385e5f534f731dc3961d3c2b17834ecba826b,0.1.0,Bounded reproducible metadata discovery for this evidence-map run; all enabled query families are executed and truncation is disclosed.
RUN_20260831_EVIDENCE_MAP_01,QPAIR_EV_BLDG_frequency_response_regulation,pairwise_multi_asset,openalex,"(""electric vehicle"" OR ""EV fleet"" OR ""smart charging"" OR V1G OR ""vehicle-to-grid"" OR V2G OR ""vehicle-to-building"" OR V2B OR ""vehicle-to-home"" OR V2H) AND (""smart building"" OR ""active building"" OR ""grid-interactive building"" OR ""grid-interactive efficient building"" OR ""building energy management system"" OR BEMS OR ""HVAC flexibility"" OR ""building thermal flexibility"") AND (""frequency response"" OR ""frequency regulation"" OR ""fast frequency response"" OR ""ancillary service"" OR reserve) AND (coordination OR ""coordinated control"" OR ""co-optimization"" OR aggregation OR ""multi-asset"" OR ""integrated energy management"" OR ""distributed control"" OR ""model predictive control"" OR MPC OR ""measurement and verification"")",https://api.openalex.org/works?search=%28%22electric+vehicle%22+OR+%22EV+fleet%22+OR+%22smart+charging%22+OR+V1G+OR+%22vehicle-to-grid%22+OR+V2G+OR+%22vehicle-to-building%22+OR+V2B+OR+%22vehicle-to-home%22+OR+V2H%29+AND+%28%22smart+building%22+OR+%22active+building%22+OR+%22grid-interactive+building%22+OR+%22grid-interactive+efficient+building%22+OR+%22building+energy+management+system%22+OR+BEMS+OR+%22HVAC+flexibility%22+OR+%22building+thermal+flexibility%22%29+AND+%28%22frequency+response%22+OR+%22frequency+regulation%22+OR+%22fast+frequency+response%22+OR+%22ancillary+service%22+OR+reserve%29+AND+%28coordination+OR+%22coordinated+control%22+OR+%22co-optimization%22+OR+aggregation+OR+%22multi-asset%22+OR+%22integrated+energy+management%22+OR+%22distributed+control%22+OR+%22model+predictive+control%22+OR+MPC+OR+%22measurement+and+verification%22%29&filter=from_publication_date%3A2015-01-01%2Cto_publication_date%3A2026-08-31&per-page=10&sort=relevance_score%3Adesc&select=id%2Cdoi%2Ctitle%2Cdisplay_name%2Cpublication_year%2Cpublication_date%2Ctype%2Cauthorships%2Cprimary_location%2Copen_access%2Clanguage%2Cabstract_inverted_index,2026-08-31T14:34:53Z,2015-01-01,2026-08-31,publication date 2015-01-01 through 2026-08-31,relevance descending,page 1,10,2312,10,yes,200,0,data/raw_metadata/openalex/QPAIR_EV_BLDG_frequency_response_regulation.json,75fa459a003e6b33f8454b5f90377a40a50e9acde942dee34ea0925efb71673c,0.1.0,Bounded reproducible metadata discovery for this evidence-map run; all enabled query families are executed and truncation is disclosed.
RUN_20260831_EVIDENCE_MAP_01,QPAIR_EV_BLDG_local_energy_sharing_distribution_support,pairwise_multi_asset,openalex,"(""electric vehicle"" OR ""EV fleet"" OR ""smart charging"" OR V1G OR ""vehicle-to-grid"" OR V2G OR ""vehicle-to-building"" OR V2B OR ""vehicle-to-home"" OR V2H) AND (""smart building"" OR ""active building"" OR ""grid-interactive building"" OR ""grid-interactive efficient building"" OR ""building energy management system"" OR BEMS OR ""HVAC flexibility"" OR ""building thermal flexibility"") AND (""local energy sharing"" OR ""distribution grid"" OR ""voltage support"" OR ""congestion management"" OR microgrid OR ""virtual power plant"" OR VPP) AND (coordination OR ""coordinated control"" OR ""co-optimization"" OR aggregation OR ""multi-asset"" OR ""integrated energy management"" OR ""distributed control"" OR ""model predictive control"" OR MPC OR ""measurement and verification"")",https://api.openalex.org/works?search=%28%22electric+vehicle%22+OR+%22EV+fleet%22+OR+%22smart+charging%22+OR+V1G+OR+%22vehicle-to-grid%22+OR+V2G+OR+%22vehicle-to-building%22+OR+V2B+OR+%22vehicle-to-home%22+OR+V2H%29+AND+%28%22smart+building%22+OR+%22active+building%22+OR+%22grid-interactive+building%22+OR+%22grid-interactive+efficient+building%22+OR+%22building+energy+management+system%22+OR+BEMS+OR+%22HVAC+flexibility%22+OR+%22building+thermal+flexibility%22%29+AND+%28%22local+energy+sharing%22+OR+%22distribution+grid%22+OR+%22voltage+support%22+OR+%22congestion+management%22+OR+microgrid+OR+%22virtual+power+plant%22+OR+VPP%29+AND+%28coordination+OR+%22coordinated+control%22+OR+%22co-optimization%22+OR+aggregation+OR+%22multi-asset%22+OR+%22integrated+energy+management%22+OR+%22distributed+control%22+OR+%22model+predictive+control%22+OR+MPC+OR+%22measurement+and+verification%22%29&filter=from_publication_date%3A2015-01-01%2Cto_publication_date%3A2026-08-31&per-page=10&sort=relevance_score%3Adesc&select=id%2Cdoi%2Ctitle%2Cdisplay_name%2Cpublication_year%2Cpublication_date%2Ctype%2Cauthorships%2Cprimary_location%2Copen_access%2Clanguage%2Cabstract_inverted_index,2026-08-31T14:34:55Z,2015-01-01,2026-08-31,publication date 2015-01-01 through 2026-08-31,relevance descending,page 1,10,3604,10,yes,200,0,data/raw_metadata/openalex/QPAIR_EV_BLDG_local_energy_sharing_distribution_support.json,be80f5a166369b4d9f6bfd06c00a81eb48f3a40d014b1c511c339d24ae64e8be,0.1.0,Bounded reproducible metadata discovery for this evidence-map run; all enabled query families are executed and truncation is disclosed.
RUN_20260831_EVIDENCE_MAP_01,QPAIR_EV_BLDG_renewable_energy_integration,pairwise_multi_asset,openalex,"(""electric vehicle"" OR ""EV fleet"" OR ""smart charging"" OR V1G OR ""vehicle-to-grid"" OR V2G OR ""vehicle-to-building"" OR V2B OR ""vehicle-to-home"" OR V2H) AND (""smart building"" OR ""active building"" OR ""grid-interactive building"" OR ""grid-interactive efficient building"" OR ""building energy management system"" OR BEMS OR ""HVAC flexibility"" OR ""building thermal flexibility"") AND (""renewable integration"" OR ""renewable energy matching"" OR curtailment OR ""carbon-aware"" OR ""clean energy matching"") AND (coordination OR ""coordinated control"" OR ""co-optimization"" OR aggregation OR ""multi-asset"" OR ""integrated energy management"" OR ""distributed control"" OR ""model predictive control"" OR MPC OR ""measurement and verification"")",https://api.openalex.org/works?search=%28%22electric+vehicle%22+OR+%22EV+fleet%22+OR+%22smart+charging%22+OR+V1G+OR+%22vehicle-to-grid%22+OR+V2G+OR+%22vehicle-to-building%22+OR+V2B+OR+%22vehicle-to-home%22+OR+V2H%29+AND+%28%22smart+building%22+OR+%22active+building%22+OR+%22grid-interactive+building%22+OR+%22grid-interactive+efficient+building%22+OR+%22building+energy+management+system%22+OR+BEMS+OR+%22HVAC+flexibility%22+OR+%22building+thermal+flexibility%22%29+AND+%28%22renewable+integration%22+OR+%22renewable+energy+matching%22+OR+curtailment+OR+%22carbon-aware%22+OR+%22clean+energy+matching%22%29+AND+%28coordination+OR+%22coordinated+control%22+OR+%22co-optimization%22+OR+aggregation+OR+%22multi-asset%22+OR+%22integrated+energy+management%22+OR+%22distributed+control%22+OR+%22model+predictive+control%22+OR+MPC+OR+%22measurement+and+verification%22%29&filter=from_publication_date%3A2015-01-01%2Cto_publication_date%3A2026-08-31&per-page=10&sort=relevance_score%3Adesc&select=id%2Cdoi%2Ctitle%2Cdisplay_name%2Cpublication_year%2Cpublication_date%2Ctype%2Cauthorships%2Cprimary_location%2Copen_access%2Clanguage%2Cabstract_inverted_index,2026-08-31T14:34:58Z,2015-01-01,2026-08-31,publication date 2015-01-01 through 2026-08-31,relevance descending,page 1,10,1576,10,yes,200,0,data/raw_metadata/openalex/QPAIR_EV_BLDG_renewable_energy_integration.json,1844594c5457e072b8139d33e075b031abd5c7c006ab842f93791068fa4d47d7,0.1.0,Bounded reproducible metadata discovery for this evidence-map run; all enabled query families are executed and truncation is disclosed.
RUN_20260831_EVIDENCE_MAP_01,QPAIR_EV_BLDG_resilience_emergency_operation,pairwise_multi_asset,openalex,"(""electric vehicle"" OR ""EV fleet"" OR ""smart charging"" OR V1G OR ""vehicle-to-grid"" OR V2G OR ""vehicle-to-building"" OR V2B OR ""vehicle-to-home"" OR V2H) AND (""smart building"" OR ""active building"" OR ""grid-interactive building"" OR ""grid-interactive efficient building"" OR ""building energy management system"" OR BEMS OR ""HVAC flexibility"" OR ""building thermal flexibility"") AND (resilience OR ""emergency operation"" OR ""backup power"" OR outage OR ""critical load"" OR islanding) AND (coordination OR ""coordinated control"" OR ""co-optimization"" OR aggregation OR ""multi-asset"" OR ""integrated energy management"" OR ""distributed control"" OR ""model predictive control"" OR MPC OR ""measurement and verification"")",https://api.openalex.org/works?search=%28%22electric+vehicle%22+OR+%22EV+fleet%22+OR+%22smart+charging%22+OR+V1G+OR+%22vehicle-to-grid%22+OR+V2G+OR+%22vehicle-to-building%22+OR+V2B+OR+%22vehicle-to-home%22+OR+V2H%29+AND+%28%22smart+building%22+OR+%22active+building%22+OR+%22grid-interactive+building%22+OR+%22grid-interactive+efficient+building%22+OR+%22building+energy+management+system%22+OR+BEMS+OR+%22HVAC+flexibility%22+OR+%22building+thermal+flexibility%22%29+AND+%28resilience+OR+%22emergency+operation%22+OR+%22backup+power%22+OR+outage+OR+%22critical+load%22+OR+islanding%29+AND+%28coordination+OR+%22coordinated+control%22+OR+%22co-optimization%22+OR+aggregation+OR+%22multi-asset%22+OR+%22integrated+energy+management%22+OR+%22distributed+control%22+OR+%22model+predictive+control%22+OR+MPC+OR+%22measurement+and+verification%22%29&filter=from_publication_date%3A2015-01-01%2Cto_publication_date%3A2026-08-31&per-page=10&sort=relevance_score%3Adesc&select=id%2Cdoi%2Ctitle%2Cdisplay_name%2Cpublication_year%2Cpublication_date%2Ctype%2Cauthorships%2Cprimary_location%2Copen_access%2Clanguage%2Cabstract_inverted_index,2026-08-31T14:35:00Z,2015-01-01,2026-08-31,publication date 2015-01-01 through 2026-08-31,relevance descending,page 1,10,3342,10,yes,200,0,data/raw_metadata/openalex/QPAIR_EV_BLDG_resilience_emergency_operation.json,adbd3fdc211e5b6344b584551f90361c2aa0a40714c9d0bc454944f0c1b8d645,0.1.0,Bounded reproducible metadata discovery for this evidence-map run; all enabled query families are executed and truncation is disclosed.
RUN_20260831_EVIDENCE_MAP_01,QPR_BLDG_demand_response_peak_management,prior_reviews,openalex,"(""smart building"" OR ""active building"" OR ""grid-interactive building"" OR ""grid-interactive efficient building"" OR ""building energy management system"" OR BEMS OR ""HVAC flexibility"" OR ""building thermal flexibility"") AND (""demand response"" OR ""peak management"" OR ""peak shaving"" OR ""load shifting"" OR flexibility) AND (review OR perspective OR survey)",https://api.openalex.org/works?search=%28%22smart+building%22+OR+%22active+building%22+OR+%22grid-interactive+building%22+OR+%22grid-interactive+efficient+building%22+OR+%22building+energy+management+system%22+OR+BEMS+OR+%22HVAC+flexibility%22+OR+%22building+thermal+flexibility%22%29+AND+%28%22demand+response%22+OR+%22peak+management%22+OR+%22peak+shaving%22+OR+%22load+shifting%22+OR+flexibility%29+AND+%28review+OR+perspective+OR+survey%29&filter=from_publication_date%3A2015-01-01%2Cto_publication_date%3A2026-08-31&per-page=10&sort=relevance_score%3Adesc&select=id%2Cdoi%2Ctitle%2Cdisplay_name%2Cpublication_year%2Cpublication_date%2Ctype%2Cauthorships%2Cprimary_location%2Copen_access%2Clanguage%2Cabstract_inverted_index,2026-08-31T14:35:01Z,2015-01-01,2026-08-31,publication date 2015-01-01 through 2026-08-31,relevance descending,page 1,10,57865,10,yes,200,0,data/raw_metadata/openalex/QPR_BLDG_demand_response_peak_management.json,adc4234c8e50fe9f84125b8fa6558b5985ddf8d8196f349720b1fa5b016523db,0.1.0,Bounded reproducible metadata discovery for this evidence-map run; all enabled query families are executed and truncation is disclosed.
RUN_20260831_EVIDENCE_MAP_01,QPR_BLDG_frequency_response_regulation,prior_reviews,openalex,"(""smart building"" OR ""active building"" OR ""grid-interactive building"" OR ""grid-interactive efficient building"" OR ""building energy management system"" OR BEMS OR ""HVAC flexibility"" OR ""building thermal flexibility"") AND (""frequency response"" OR ""frequency regulation"" OR ""fast frequency response"" OR ""ancillary service"" OR reserve) AND (review OR perspective OR survey)",https://api.openalex.org/works?search=%28%22smart+building%22+OR+%22active+building%22+OR+%22grid-interactive+building%22+OR+%22grid-interactive+efficient+building%22+OR+%22building+energy+management+system%22+OR+BEMS+OR+%22HVAC+flexibility%22+OR+%22building+thermal+flexibility%22%29+AND+%28%22frequency+response%22+OR+%22frequency+regulation%22+OR+%22fast+frequency+response%22+OR+%22ancillary+service%22+OR+reserve%29+AND+%28review+OR+perspective+OR+survey%29&filter=from_publication_date%3A2015-01-01%2Cto_publication_date%3A2026-08-31&per-page=10&sort=relevance_score%3Adesc&select=id%2Cdoi%2Ctitle%2Cdisplay_name%2Cpublication_year%2Cpublication_date%2Ctype%2Cauthorships%2Cprimary_location%2Copen_access%2Clanguage%2Cabstract_inverted_index,2026-08-31T14:35:03Z,2015-01-01,2026-08-31,publication date 2015-01-01 through 2026-08-31,relevance descending,page 1,10,19903,10,yes,200,0,data/raw_metadata/openalex/QPR_BLDG_frequency_response_regulation.json,53878f103cf5ecb4f3502ee9fd7d17d2d3d2932e25e6ffddf7396054d7d133a4,0.1.0,Bounded reproducible metadata discovery for this evidence-map run; all enabled query families are executed and truncation is disclosed.
RUN_20260831_EVIDENCE_MAP_01,QPR_BLDG_local_energy_sharing_distribution_support,prior_reviews,openalex,"(""smart building"" OR ""active building"" OR ""grid-interactive building"" OR ""grid-interactive efficient building"" OR ""building energy management system"" OR BEMS OR ""HVAC flexibility"" OR ""building thermal flexibility"") AND (""local energy sharing"" OR ""distribution grid"" OR ""voltage support"" OR ""congestion management"" OR microgrid OR ""virtual power plant"" OR VPP) AND (review OR perspective OR survey)",https://api.openalex.org/works?search=%28%22smart+building%22+OR+%22active+building%22+OR+%22grid-interactive+building%22+OR+%22grid-interactive+efficient+building%22+OR+%22building+energy+management+system%22+OR+BEMS+OR+%22HVAC+flexibility%22+OR+%22building+thermal+flexibility%22%29+AND+%28%22local+energy+sharing%22+OR+%22distribution+grid%22+OR+%22voltage+support%22+OR+%22congestion+management%22+OR+microgrid+OR+%22virtual+power+plant%22+OR+VPP%29+AND+%28review+OR+perspective+OR+survey%29&filter=from_publication_date%3A2015-01-01%2Cto_publication_date%3A2026-08-31&per-page=10&sort=relevance_score%3Adesc&select=id%2Cdoi%2Ctitle%2Cdisplay_name%2Cpublication_year%2Cpublication_date%2Ctype%2Cauthorships%2Cprimary_location%2Copen_access%2Clanguage%2Cabstract_inverted_index,2026-08-31T14:35:05Z,2015-01-01,2026-08-31,publication date 2015-01-01 through 2026-08-31,relevance descending,page 1,10,10268,10,yes,200,0,data/raw_metadata/openalex/QPR_BLDG_local_energy_sharing_distribution_support.json,13070382c56985480b95bb14c90f4c34c75d15972e043d1b685679b78e1df86a,0.1.0,Bounded reproducible metadata discovery for this evidence-map run; all enabled query families are executed and truncation is disclosed.
RUN_20260831_EVIDENCE_MAP_01,QPR_BLDG_renewable_energy_integration,prior_reviews,openalex,"(""smart building"" OR ""active building"" OR ""grid-interactive building"" OR ""grid-interactive efficient building"" OR ""building energy management system"" OR BEMS OR ""HVAC flexibility"" OR ""building thermal flexibility"") AND (""renewable integration"" OR ""renewable energy matching"" OR curtailment OR ""carbon-aware"" OR ""clean energy matching"") AND (review OR perspective OR survey)",https://api.openalex.org/works?search=%28%22smart+building%22+OR+%22active+building%22+OR+%22grid-interactive+building%22+OR+%22grid-interactive+efficient+building%22+OR+%22building+energy+management+system%22+OR+BEMS+OR+%22HVAC+flexibility%22+OR+%22building+thermal+flexibility%22%29+AND+%28%22renewable+integration%22+OR+%22renewable+energy+matching%22+OR+curtailment+OR+%22carbon-aware%22+OR+%22clean+energy+matching%22%29+AND+%28review+OR+perspective+OR+survey%29&filter=from_publication_date%3A2015-01-01%2Cto_publication_date%3A2026-08-31&per-page=10&sort=relevance_score%3Adesc&select=id%2Cdoi%2Ctitle%2Cdisplay_name%2Cpublication_year%2Cpublication_date%2Ctype%2Cauthorships%2Cprimary_location%2Copen_access%2Clanguage%2Cabstract_inverted_index,2026-08-31T14:35:06Z,2015-01-01,2026-08-31,publication date 2015-01-01 through 2026-08-31,relevance descending,page 1,10,4448,10,yes,200,0,data/raw_metadata/openalex/QPR_BLDG_renewable_energy_integration.json,f9c75b1c0691f4c3cd203ef4881a1b5afe46b5ce857b7fc330c9afe6da5ac337,0.1.0,Bounded reproducible metadata discovery for this evidence-map run; all enabled query families are executed and truncation is disclosed.
RUN_20260831_EVIDENCE_MAP_01,QPR_BLDG_resilience_emergency_operation,prior_reviews,openalex,"(""smart building"" OR ""active building"" OR ""grid-interactive building"" OR ""grid-interactive efficient building"" OR ""building energy management system"" OR BEMS OR ""HVAC flexibility"" OR ""building thermal flexibility"") AND (resilience OR ""emergency operation"" OR ""backup power"" OR outage OR ""critical load"" OR islanding) AND (review OR perspective OR survey)",https://api.openalex.org/works?search=%28%22smart+building%22+OR+%22active+building%22+OR+%22grid-interactive+building%22+OR+%22grid-interactive+efficient+building%22+OR+%22building+energy+management+system%22+OR+BEMS+OR+%22HVAC+flexibility%22+OR+%22building+thermal+flexibility%22%29+AND+%28resilience+OR+%22emergency+operation%22+OR+%22backup+power%22+OR+outage+OR+%22critical+load%22+OR+islanding%29+AND+%28review+OR+perspective+OR+survey%29&filter=from_publication_date%3A2015-01-01%2Cto_publication_date%3A2026-08-31&per-page=10&sort=relevance_score%3Adesc&select=id%2Cdoi%2Ctitle%2Cdisplay_name%2Cpublication_year%2Cpublication_date%2Ctype%2Cauthorships%2Cprimary_location%2Copen_access%2Clanguage%2Cabstract_inverted_index,2026-08-31T14:35:08Z,2015-01-01,2026-08-31,publication date 2015-01-01 through 2026-08-31,relevance descending,page 1,10,52290,10,yes,200,0,data/raw_metadata/openalex/QPR_BLDG_resilience_emergency_operation.json,f41f22890995faceceec8fae883b8c844b14753fe4e72a8d92eb9166011e5b4a,0.1.0,Bounded reproducible metadata discovery for this evidence-map run; all enabled query families are executed and truncation is disclosed.
RUN_20260831_EVIDENCE_MAP_01,QPR_BS_demand_response_peak_management,prior_reviews,openalex,"(""base station"" OR ""radio access network"" OR RAN OR ""telecom tower"" OR ""cellular network"" OR 5G OR ""5G-Advanced"" OR B5G OR ""IMT-2030"" OR 6G) AND (""demand response"" OR ""peak management"" OR ""peak shaving"" OR ""load shifting"" OR flexibility) AND (review OR perspective OR survey)",https://api.openalex.org/works?search=%28%22base+station%22+OR+%22radio+access+network%22+OR+RAN+OR+%22telecom+tower%22+OR+%22cellular+network%22+OR+5G+OR+%225G-Advanced%22+OR+B5G+OR+%22IMT-2030%22+OR+6G%29+AND+%28%22demand+response%22+OR+%22peak+management%22+OR+%22peak+shaving%22+OR+%22load+shifting%22+OR+flexibility%29+AND+%28review+OR+perspective+OR+survey%29&filter=from_publication_date%3A2015-01-01%2Cto_publication_date%3A2026-08-31&per-page=10&sort=relevance_score%3Adesc&select=id%2Cdoi%2Ctitle%2Cdisplay_name%2Cpublication_year%2Cpublication_date%2Ctype%2Cauthorships%2Cprimary_location%2Copen_access%2Clanguage%2Cabstract_inverted_index,2026-08-31T14:35:11Z,2015-01-01,2026-08-31,publication date 2015-01-01 through 2026-08-31,relevance descending,page 1,10,464969,10,yes,200,0,data/raw_metadata/openalex/QPR_BS_demand_response_peak_management.json,330d1174dc576df844e20883d0abe3ae4ba6182d7c9597be92a7d4515ff10103,0.1.0,Bounded reproducible metadata discovery for this evidence-map run; all enabled query families are executed and truncation is disclosed.
RUN_20260831_EVIDENCE_MAP_01,QPR_BS_frequency_response_regulation,prior_reviews,openalex,"(""base station"" OR ""radio access network"" OR RAN OR ""telecom tower"" OR ""cellular network"" OR 5G OR ""5G-Advanced"" OR B5G OR ""IMT-2030"" OR 6G) AND (""frequency response"" OR ""frequency regulation"" OR ""fast frequency response"" OR ""ancillary service"" OR reserve) AND (review OR perspective OR survey)",https://api.openalex.org/works?search=%28%22base+station%22+OR+%22radio+access+network%22+OR+RAN+OR+%22telecom+tower%22+OR+%22cellular+network%22+OR+5G+OR+%225G-Advanced%22+OR+B5G+OR+%22IMT-2030%22+OR+6G%29+AND+%28%22frequency+response%22+OR+%22frequency+regulation%22+OR+%22fast+frequency+response%22+OR+%22ancillary+service%22+OR+reserve%29+AND+%28review+OR+perspective+OR+survey%29&filter=from_publication_date%3A2015-01-01%2Cto_publication_date%3A2026-08-31&per-page=10&sort=relevance_score%3Adesc&select=id%2Cdoi%2Ctitle%2Cdisplay_name%2Cpublication_year%2Cpublication_date%2Ctype%2Cauthorships%2Cprimary_location%2Copen_access%2Clanguage%2Cabstract_inverted_index,2026-08-31T14:35:13Z,2015-01-01,2026-08-31,publication date 2015-01-01 through 2026-08-31,relevance descending,page 1,10,130722,10,yes,200,0,data/raw_metadata/openalex/QPR_BS_frequency_response_regulation.json,ac898c27c91c5e0e67714f03acf550ee49da5100a4d5bb0fb05a1c499fbe8c2e,0.1.0,Bounded reproducible metadata discovery for this evidence-map run; all enabled query families are executed and truncation is disclosed.
RUN_20260831_EVIDENCE_MAP_01,QPR_BS_local_energy_sharing_distribution_support,prior_reviews,openalex,"(""base station"" OR ""radio access network"" OR RAN OR ""telecom tower"" OR ""cellular network"" OR 5G OR ""5G-Advanced"" OR B5G OR ""IMT-2030"" OR 6G) AND (""local energy sharing"" OR ""distribution grid"" OR ""voltage support"" OR ""congestion management"" OR microgrid OR ""virtual power plant"" OR VPP) AND (review OR perspective OR survey)",https://api.openalex.org/works?search=%28%22base+station%22+OR+%22radio+access+network%22+OR+RAN+OR+%22telecom+tower%22+OR+%22cellular+network%22+OR+5G+OR+%225G-Advanced%22+OR+B5G+OR+%22IMT-2030%22+OR+6G%29+AND+%28%22local+energy+sharing%22+OR+%22distribution+grid%22+OR+%22voltage+support%22+OR+%22congestion+management%22+OR+microgrid+OR+%22virtual+power+plant%22+OR+VPP%29+AND+%28review+OR+perspective+OR+survey%29&filter=from_publication_date%3A2015-01-01%2Cto_publication_date%3A2026-08-31&per-page=10&sort=relevance_score%3Adesc&select=id%2Cdoi%2Ctitle%2Cdisplay_name%2Cpublication_year%2Cpublication_date%2Ctype%2Cauthorships%2Cprimary_location%2Copen_access%2Clanguage%2Cabstract_inverted_index,2026-08-31T14:35:15Z,2015-01-01,2026-08-31,publication date 2015-01-01 through 2026-08-31,relevance descending,page 1,10,16891,10,yes,200,0,data/raw_metadata/openalex/QPR_BS_local_energy_sharing_distribution_support.json,b39a70b09f38272b763697030c9a35312fa33b0a6b554bd2856343631bcbecfc,0.1.0,Bounded reproducible metadata discovery for this evidence-map run; all enabled query families are executed and truncation is disclosed.
RUN_20260831_EVIDENCE_MAP_01,QPR_BS_renewable_energy_integration,prior_reviews,openalex,"(""base station"" OR ""radio access network"" OR RAN OR ""telecom tower"" OR ""cellular network"" OR 5G OR ""5G-Advanced"" OR B5G OR ""IMT-2030"" OR 6G) AND (""renewable integration"" OR ""renewable energy matching"" OR curtailment OR ""carbon-aware"" OR ""clean energy matching"") AND (review OR perspective OR survey)",https://api.openalex.org/works?search=%28%22base+station%22+OR+%22radio+access+network%22+OR+RAN+OR+%22telecom+tower%22+OR+%22cellular+network%22+OR+5G+OR+%225G-Advanced%22+OR+B5G+OR+%22IMT-2030%22+OR+6G%29+AND+%28%22renewable+integration%22+OR+%22renewable+energy+matching%22+OR+curtailment+OR+%22carbon-aware%22+OR+%22clean+energy+matching%22%29+AND+%28review+OR+perspective+OR+survey%29&filter=from_publication_date%3A2015-01-01%2Cto_publication_date%3A2026-08-31&per-page=10&sort=relevance_score%3Adesc&select=id%2Cdoi%2Ctitle%2Cdisplay_name%2Cpublication_year%2Cpublication_date%2Ctype%2Cauthorships%2Cprimary_location%2Copen_access%2Clanguage%2Cabstract_inverted_index,2026-08-31T14:35:16Z,2015-01-01,2026-08-31,publication date 2015-01-01 through 2026-08-31,relevance descending,page 1,10,32148,10,yes,200,0,data/raw_metadata/openalex/QPR_BS_renewable_energy_integration.json,739fa6dc10249dad0f1c4975d514c07891232c322c8bc4458e2eb08501ce6ada,0.1.0,Bounded reproducible metadata discovery for this evidence-map run; all enabled query families are executed and truncation is disclosed.
RUN_20260831_EVIDENCE_MAP_01,QPR_BS_resilience_emergency_operation,prior_reviews,openalex,"(""base station"" OR ""radio access network"" OR RAN OR ""telecom tower"" OR ""cellular network"" OR 5G OR ""5G-Advanced"" OR B5G OR ""IMT-2030"" OR 6G) AND (resilience OR ""emergency operation"" OR ""backup power"" OR outage OR ""critical load"" OR islanding) AND (review OR perspective OR survey)",https://api.openalex.org/works?search=%28%22base+station%22+OR+%22radio+access+network%22+OR+RAN+OR+%22telecom+tower%22+OR+%22cellular+network%22+OR+5G+OR+%225G-Advanced%22+OR+B5G+OR+%22IMT-2030%22+OR+6G%29+AND+%28resilience+OR+%22emergency+operation%22+OR+%22backup+power%22+OR+outage+OR+%22critical+load%22+OR+islanding%29+AND+%28review+OR+perspective+OR+survey%29&filter=from_publication_date%3A2015-01-01%2Cto_publication_date%3A2026-08-31&per-page=10&sort=relevance_score%3Adesc&select=id%2Cdoi%2Ctitle%2Cdisplay_name%2Cpublication_year%2Cpublication_date%2Ctype%2Cauthorships%2Cprimary_location%2Copen_access%2Clanguage%2Cabstract_inverted_index,2026-08-31T14:35:18Z,2015-01-01,2026-08-31,publication date 2015-01-01 through 2026-08-31,relevance descending,page 1,10,322100,10,yes,200,0,data/raw_metadata/openalex/QPR_BS_resilience_emergency_operation.json,ab75da9c7eee18a750584ab3187f3573a7503280483ebd4f81b8c705c1aacbb0,0.1.0,Bounded reproducible metadata discovery for this evidence-map run; all enabled query families are executed and truncation is disclosed.
RUN_20260831_EVIDENCE_MAP_01,QPR_DC_demand_response_peak_management,prior_reviews,openalex,"(""data centre"" OR ""data center"" OR ""AI data centre"" OR ""AI data center"" OR ""cloud computing facility"" OR ""high performance computing"" OR ""edge data centre"" OR ""edge data center"") AND (""demand response"" OR ""peak management"" OR ""peak shaving"" OR ""load shifting"" OR flexibility) AND (review OR perspective OR survey)",https://api.openalex.org/works?search=%28%22data+centre%22+OR+%22data+center%22+OR+%22AI+data+centre%22+OR+%22AI+data+center%22+OR+%22cloud+computing+facility%22+OR+%22high+performance+computing%22+OR+%22edge+data+centre%22+OR+%22edge+data+center%22%29+AND+%28%22demand+response%22+OR+%22peak+management%22+OR+%22peak+shaving%22+OR+%22load+shifting%22+OR+flexibility%29+AND+%28review+OR+perspective+OR+survey%29&filter=from_publication_date%3A2015-01-01%2Cto_publication_date%3A2026-08-31&per-page=10&sort=relevance_score%3Adesc&select=id%2Cdoi%2Ctitle%2Cdisplay_name%2Cpublication_year%2Cpublication_date%2Ctype%2Cauthorships%2Cprimary_location%2Copen_access%2Clanguage%2Cabstract_inverted_index,2026-08-31T14:35:21Z,2015-01-01,2026-08-31,publication date 2015-01-01 through 2026-08-31,relevance descending,page 1,10,158917,10,yes,200,0,data/raw_metadata/openalex/QPR_DC_demand_response_peak_management.json,70dc79703e6cf20b8cf625b4b8a6d6a536d736efa7f12768aaa387668963aed9,0.1.0,Bounded reproducible metadata discovery for this evidence-map run; all enabled query families are executed and truncation is disclosed.
RUN_20260831_EVIDENCE_MAP_01,QPR_DC_frequency_response_regulation,prior_reviews,openalex,"(""data centre"" OR ""data center"" OR ""AI data centre"" OR ""AI data center"" OR ""cloud computing facility"" OR ""high performance computing"" OR ""edge data centre"" OR ""edge data center"") AND (""frequency response"" OR ""frequency regulation"" OR ""fast frequency response"" OR ""ancillary service"" OR reserve) AND (review OR perspective OR survey)",https://api.openalex.org/works?search=%28%22data+centre%22+OR+%22data+center%22+OR+%22AI+data+centre%22+OR+%22AI+data+center%22+OR+%22cloud+computing+facility%22+OR+%22high+performance+computing%22+OR+%22edge+data+centre%22+OR+%22edge+data+center%22%29+AND+%28%22frequency+response%22+OR+%22frequency+regulation%22+OR+%22fast+frequency+response%22+OR+%22ancillary+service%22+OR+reserve%29+AND+%28review+OR+perspective+OR+survey%29&filter=from_publication_date%3A2015-01-01%2Cto_publication_date%3A2026-08-31&per-page=10&sort=relevance_score%3Adesc&select=id%2Cdoi%2Ctitle%2Cdisplay_name%2Cpublication_year%2Cpublication_date%2Ctype%2Cauthorships%2Cprimary_location%2Copen_access%2Clanguage%2Cabstract_inverted_index,2026-08-31T14:35:23Z,2015-01-01,2026-08-31,publication date 2015-01-01 through 2026-08-31,relevance descending,page 1,10,35680,10,yes,200,0,data/raw_metadata/openalex/QPR_DC_frequency_response_regulation.json,f377769d422dbd08f6f5b1d1bf54a26e0c4a3d0468533a22f3bc1221df9a120a,0.1.0,Bounded reproducible metadata discovery for this evidence-map run; all enabled query families are executed and truncation is disclosed.
RUN_20260831_EVIDENCE_MAP_01,QPR_DC_local_energy_sharing_distribution_support,prior_reviews,openalex,"(""data centre"" OR ""data center"" OR ""AI data centre"" OR ""AI data center"" OR ""cloud computing facility"" OR ""high performance computing"" OR ""edge data centre"" OR ""edge data center"") AND (""local energy sharing"" OR ""distribution grid"" OR ""voltage support"" OR ""congestion management"" OR microgrid OR ""virtual power plant"" OR VPP) AND (review OR perspective OR survey)",https://api.openalex.org/works?search=%28%22data+centre%22+OR+%22data+center%22+OR+%22AI+data+centre%22+OR+%22AI+data+center%22+OR+%22cloud+computing+facility%22+OR+%22high+performance+computing%22+OR+%22edge+data+centre%22+OR+%22edge+data+center%22%29+AND+%28%22local+energy+sharing%22+OR+%22distribution+grid%22+OR+%22voltage+support%22+OR+%22congestion+management%22+OR+microgrid+OR+%22virtual+power+plant%22+OR+VPP%29+AND+%28review+OR+perspective+OR+survey%29&filter=from_publication_date%3A2015-01-01%2Cto_publication_date%3A2026-08-31&per-page=10&sort=relevance_score%3Adesc&select=id%2Cdoi%2Ctitle%2Cdisplay_name%2Cpublication_year%2Cpublication_date%2Ctype%2Cauthorships%2Cprimary_location%2Copen_access%2Clanguage%2Cabstract_inverted_index,2026-08-31T14:35:26Z,2015-01-01,2026-08-31,publication date 2015-01-01 through 2026-08-31,relevance descending,page 1,10,10801,10,yes,200,0,data/raw_metadata/openalex/QPR_DC_local_energy_sharing_distribution_support.json,4f923e8caf4c77e311af793c65e3266d2baec414eeb8d9469ed0d93cd0a9b012,0.1.0,Bounded reproducible metadata discovery for this evidence-map run; all enabled query families are executed and truncation is disclosed.
RUN_20260831_EVIDENCE_MAP_01,QPR_DC_renewable_energy_integration,prior_reviews,openalex,"(""data centre"" OR ""data center"" OR ""AI data centre"" OR ""AI data center"" OR ""cloud computing facility"" OR ""high performance computing"" OR ""edge data centre"" OR ""edge data center"") AND (""renewable integration"" OR ""renewable energy matching"" OR curtailment OR ""carbon-aware"" OR ""clean energy matching"") AND (review OR perspective OR survey)",https://api.openalex.org/works?search=%28%22data+centre%22+OR+%22data+center%22+OR+%22AI+data+centre%22+OR+%22AI+data+center%22+OR+%22cloud+computing+facility%22+OR+%22high+performance+computing%22+OR+%22edge+data+centre%22+OR+%22edge+data+center%22%29+AND+%28%22renewable+integration%22+OR+%22renewable+energy+matching%22+OR+curtailment+OR+%22carbon-aware%22+OR+%22clean+energy+matching%22%29+AND+%28review+OR+perspective+OR+survey%29&filter=from_publication_date%3A2015-01-01%2Cto_publication_date%3A2026-08-31&per-page=10&sort=relevance_score%3Adesc&select=id%2Cdoi%2Ctitle%2Cdisplay_name%2Cpublication_year%2Cpublication_date%2Ctype%2Cauthorships%2Cprimary_location%2Copen_access%2Clanguage%2Cabstract_inverted_index,2026-08-31T14:35:27Z,2015-01-01,2026-08-31,publication date 2015-01-01 through 2026-08-31,relevance descending,page 1,10,9063,10,yes,200,0,data/raw_metadata/openalex/QPR_DC_renewable_energy_integration.json,75e3f0fe2761cf51b736ef750fd5a9b18a9948d96005cf8dbd3ccd48890cea74,0.1.0,Bounded reproducible metadata discovery for this evidence-map run; all enabled query families are executed and truncation is disclosed.
RUN_20260831_EVIDENCE_MAP_01,QPR_DC_resilience_emergency_operation,prior_reviews,openalex,"(""data centre"" OR ""data center"" OR ""AI data centre"" OR ""AI data center"" OR ""cloud computing facility"" OR ""high performance computing"" OR ""edge data centre"" OR ""edge data center"") AND (resilience OR ""emergency operation"" OR ""backup power"" OR outage OR ""critical load"" OR islanding) AND (review OR perspective OR survey)",https://api.openalex.org/works?search=%28%22data+centre%22+OR+%22data+center%22+OR+%22AI+data+centre%22+OR+%22AI+data+center%22+OR+%22cloud+computing+facility%22+OR+%22high+performance+computing%22+OR+%22edge+data+centre%22+OR+%22edge+data+center%22%29+AND+%28resilience+OR+%22emergency+operation%22+OR+%22backup+power%22+OR+outage+OR+%22critical+load%22+OR+islanding%29+AND+%28review+OR+perspective+OR+survey%29&filter=from_publication_date%3A2015-01-01%2Cto_publication_date%3A2026-08-31&per-page=10&sort=relevance_score%3Adesc&select=id%2Cdoi%2Ctitle%2Cdisplay_name%2Cpublication_year%2Cpublication_date%2Ctype%2Cauthorships%2Cprimary_location%2Copen_access%2Clanguage%2Cabstract_inverted_index,2026-08-31T14:35:30Z,2015-01-01,2026-08-31,publication date 2015-01-01 through 2026-08-31,relevance descending,page 1,10,101378,10,yes,200,0,data/raw_metadata/openalex/QPR_DC_resilience_emergency_operation.json,7644a0449adc52de5e2185d3e269c865be40e7be90ad1a159b5a4cefafa68e70,0.1.0,Bounded reproducible metadata discovery for this evidence-map run; all enabled query families are executed and truncation is disclosed.
RUN_20260831_EVIDENCE_MAP_01,QPR_EV_demand_response_peak_management,prior_reviews,openalex,"(""electric vehicle"" OR ""EV fleet"" OR ""smart charging"" OR V1G OR ""vehicle-to-grid"" OR V2G OR ""vehicle-to-building"" OR V2B OR ""vehicle-to-home"" OR V2H) AND (""demand response"" OR ""peak management"" OR ""peak shaving"" OR ""load shifting"" OR flexibility) AND (review OR perspective OR survey)",https://api.openalex.org/works?search=%28%22electric+vehicle%22+OR+%22EV+fleet%22+OR+%22smart+charging%22+OR+V1G+OR+%22vehicle-to-grid%22+OR+V2G+OR+%22vehicle-to-building%22+OR+V2B+OR+%22vehicle-to-home%22+OR+V2H%29+AND+%28%22demand+response%22+OR+%22peak+management%22+OR+%22peak+shaving%22+OR+%22load+shifting%22+OR+flexibility%29+AND+%28review+OR+perspective+OR+survey%29&filter=from_publication_date%3A2015-01-01%2Cto_publication_date%3A2026-08-31&per-page=10&sort=relevance_score%3Adesc&select=id%2Cdoi%2Ctitle%2Cdisplay_name%2Cpublication_year%2Cpublication_date%2Ctype%2Cauthorships%2Cprimary_location%2Copen_access%2Clanguage%2Cabstract_inverted_index,2026-08-31T14:35:32Z,2015-01-01,2026-08-31,publication date 2015-01-01 through 2026-08-31,relevance descending,page 1,10,107932,10,yes,200,0,data/raw_metadata/openalex/QPR_EV_demand_response_peak_management.json,1ac0694417d927e31a299e4c61531cc61fda945c7894bb9775adf10b1c225533,0.1.0,Bounded reproducible metadata discovery for this evidence-map run; all enabled query families are executed and truncation is disclosed.
RUN_20260831_EVIDENCE_MAP_01,QPR_EV_frequency_response_regulation,prior_reviews,openalex,"(""electric vehicle"" OR ""EV fleet"" OR ""smart charging"" OR V1G OR ""vehicle-to-grid"" OR V2G OR ""vehicle-to-building"" OR V2B OR ""vehicle-to-home"" OR V2H) AND (""frequency response"" OR ""frequency regulation"" OR ""fast frequency response"" OR ""ancillary service"" OR reserve) AND (review OR perspective OR survey)",https://api.openalex.org/works?search=%28%22electric+vehicle%22+OR+%22EV+fleet%22+OR+%22smart+charging%22+OR+V1G+OR+%22vehicle-to-grid%22+OR+V2G+OR+%22vehicle-to-building%22+OR+V2B+OR+%22vehicle-to-home%22+OR+V2H%29+AND+%28%22frequency+response%22+OR+%22frequency+regulation%22+OR+%22fast+frequency+response%22+OR+%22ancillary+service%22+OR+reserve%29+AND+%28review+OR+perspective+OR+survey%29&filter=from_publication_date%3A2015-01-01%2Cto_publication_date%3A2026-08-31&per-page=10&sort=relevance_score%3Adesc&select=id%2Cdoi%2Ctitle%2Cdisplay_name%2Cpublication_year%2Cpublication_date%2Ctype%2Cauthorships%2Cprimary_location%2Copen_access%2Clanguage%2Cabstract_inverted_index,2026-08-31T14:35:33Z,2015-01-01,2026-08-31,publication date 2015-01-01 through 2026-08-31,relevance descending,page 1,10,43113,10,yes,200,0,data/raw_metadata/openalex/QPR_EV_frequency_response_regulation.json,5fe0280710468767e65571624f23cc4b17f05ceccdfd69f64f5bceec0bb4ce53,0.1.0,Bounded reproducible metadata discovery for this evidence-map run; all enabled query families are executed and truncation is disclosed.
RUN_20260831_EVIDENCE_MAP_01,QPR_EV_local_energy_sharing_distribution_support,prior_reviews,openalex,"(""electric vehicle"" OR ""EV fleet"" OR ""smart charging"" OR V1G OR ""vehicle-to-grid"" OR V2G OR ""vehicle-to-building"" OR V2B OR ""vehicle-to-home"" OR V2H) AND (""local energy sharing"" OR ""distribution grid"" OR ""voltage support"" OR ""congestion management"" OR microgrid OR ""virtual power plant"" OR VPP) AND (review OR perspective OR survey)",https://api.openalex.org/works?search=%28%22electric+vehicle%22+OR+%22EV+fleet%22+OR+%22smart+charging%22+OR+V1G+OR+%22vehicle-to-grid%22+OR+V2G+OR+%22vehicle-to-building%22+OR+V2B+OR+%22vehicle-to-home%22+OR+V2H%29+AND+%28%22local+energy+sharing%22+OR+%22distribution+grid%22+OR+%22voltage+support%22+OR+%22congestion+management%22+OR+microgrid+OR+%22virtual+power+plant%22+OR+VPP%29+AND+%28review+OR+perspective+OR+survey%29&filter=from_publication_date%3A2015-01-01%2Cto_publication_date%3A2026-08-31&per-page=10&sort=relevance_score%3Adesc&select=id%2Cdoi%2Ctitle%2Cdisplay_name%2Cpublication_year%2Cpublication_date%2Ctype%2Cauthorships%2Cprimary_location%2Copen_access%2Clanguage%2Cabstract_inverted_index,2026-08-31T14:35:35Z,2015-01-01,2026-08-31,publication date 2015-01-01 through 2026-08-31,relevance descending,page 1,10,43311,10,yes,200,0,data/raw_metadata/openalex/QPR_EV_local_energy_sharing_distribution_support.json,19f11a3152c4be6be675f5ecc3abeb707dff216715e9ab5ab047f9bfd47e781b,0.1.0,Bounded reproducible metadata discovery for this evidence-map run; all enabled query families are executed and truncation is disclosed.
RUN_20260831_EVIDENCE_MAP_01,QPR_EV_renewable_energy_integration,prior_reviews,openalex,"(""electric vehicle"" OR ""EV fleet"" OR ""smart charging"" OR V1G OR ""vehicle-to-grid"" OR V2G OR ""vehicle-to-building"" OR V2B OR ""vehicle-to-home"" OR V2H) AND (""renewable integration"" OR ""renewable energy matching"" OR curtailment OR ""carbon-aware"" OR ""clean energy matching"") AND (review OR perspective OR survey)",https://api.openalex.org/works?search=%28%22electric+vehicle%22+OR+%22EV+fleet%22+OR+%22smart+charging%22+OR+V1G+OR+%22vehicle-to-grid%22+OR+V2G+OR+%22vehicle-to-building%22+OR+V2B+OR+%22vehicle-to-home%22+OR+V2H%29+AND+%28%22renewable+integration%22+OR+%22renewable+energy+matching%22+OR+curtailment+OR+%22carbon-aware%22+OR+%22clean+energy+matching%22%29+AND+%28review+OR+perspective+OR+survey%29&filter=from_publication_date%3A2015-01-01%2Cto_publication_date%3A2026-08-31&per-page=10&sort=relevance_score%3Adesc&select=id%2Cdoi%2Ctitle%2Cdisplay_name%2Cpublication_year%2Cpublication_date%2Ctype%2Cauthorships%2Cprimary_location%2Copen_access%2Clanguage%2Cabstract_inverted_index,2026-08-31T14:35:36Z,2015-01-01,2026-08-31,publication date 2015-01-01 through 2026-08-31,relevance descending,page 1,10,17665,10,yes,200,0,data/raw_metadata/openalex/QPR_EV_renewable_energy_integration.json,eaa221558b1c447ce41d0401e978be4588150bb66b5bf8a3be355f21e6ab031d,0.1.0,Bounded reproducible metadata discovery for this evidence-map run; all enabled query families are executed and truncation is disclosed.
RUN_20260831_EVIDENCE_MAP_01,QPR_EV_resilience_emergency_operation,prior_reviews,openalex,"(""electric vehicle"" OR ""EV fleet"" OR ""smart charging"" OR V1G OR ""vehicle-to-grid"" OR V2G OR ""vehicle-to-building"" OR V2B OR ""vehicle-to-home"" OR V2H) AND (resilience OR ""emergency operation"" OR ""backup power"" OR outage OR ""critical load"" OR islanding) AND (review OR perspective OR survey)",https://api.openalex.org/works?search=%28%22electric+vehicle%22+OR+%22EV+fleet%22+OR+%22smart+charging%22+OR+V1G+OR+%22vehicle-to-grid%22+OR+V2G+OR+%22vehicle-to-building%22+OR+V2B+OR+%22vehicle-to-home%22+OR+V2H%29+AND+%28resilience+OR+%22emergency+operation%22+OR+%22backup+power%22+OR+outage+OR+%22critical+load%22+OR+islanding%29+AND+%28review+OR+perspective+OR+survey%29&filter=from_publication_date%3A2015-01-01%2Cto_publication_date%3A2026-08-31&per-page=10&sort=relevance_score%3Adesc&select=id%2Cdoi%2Ctitle%2Cdisplay_name%2Cpublication_year%2Cpublication_date%2Ctype%2Cauthorships%2Cprimary_location%2Copen_access%2Clanguage%2Cabstract_inverted_index,2026-08-31T14:35:38Z,2015-01-01,2026-08-31,publication date 2015-01-01 through 2026-08-31,relevance descending,page 1,10,66460,10,yes,200,0,data/raw_metadata/openalex/QPR_EV_resilience_emergency_operation.json,577d630f7676ace0f2a20cc004f1cdae07f8eb65816297baf41e5d8082ff6a93,0.1.0,Bounded reproducible metadata discovery for this evidence-map run; all enabled query families are executed and truncation is disclosed.
RUN_20260831_EVIDENCE_MAP_01,QSA_BLDG_demand_response_peak_management,single_asset_service,openalex,"(""smart building"" OR ""active building"" OR ""grid-interactive building"" OR ""grid-interactive efficient building"" OR ""building energy management system"" OR BEMS OR ""HVAC flexibility"" OR ""building thermal flexibility"") AND (""demand response"" OR ""peak management"" OR ""peak shaving"" OR ""load shifting"" OR flexibility)",https://api.openalex.org/works?search=%28%22smart+building%22+OR+%22active+building%22+OR+%22grid-interactive+building%22+OR+%22grid-interactive+efficient+building%22+OR+%22building+energy+management+system%22+OR+BEMS+OR+%22HVAC+flexibility%22+OR+%22building+thermal+flexibility%22%29+AND+%28%22demand+response%22+OR+%22peak+management%22+OR+%22peak+shaving%22+OR+%22load+shifting%22+OR+flexibility%29&filter=from_publication_date%3A2015-01-01%2Cto_publication_date%3A2026-08-31&per-page=10&sort=relevance_score%3Adesc&select=id%2Cdoi%2Ctitle%2Cdisplay_name%2Cpublication_year%2Cpublication_date%2Ctype%2Cauthorships%2Cprimary_location%2Copen_access%2Clanguage%2Cabstract_inverted_index,2026-08-31T14:35:40Z,2015-01-01,2026-08-31,publication date 2015-01-01 through 2026-08-31,relevance descending,page 1,10,67508,10,yes,200,0,data/raw_metadata/openalex/QSA_BLDG_demand_response_peak_management.json,be3aa9730f9dc2977f2dd83c04980fc79e61b7e96dafaa4e197827fb03dbf8cd,0.1.0,Bounded reproducible metadata discovery for this evidence-map run; all enabled query families are executed and truncation is disclosed.
RUN_20260831_EVIDENCE_MAP_01,QSA_BLDG_frequency_response_regulation,single_asset_service,openalex,"(""smart building"" OR ""active building"" OR ""grid-interactive building"" OR ""grid-interactive efficient building"" OR ""building energy management system"" OR BEMS OR ""HVAC flexibility"" OR ""building thermal flexibility"") AND (""frequency response"" OR ""frequency regulation"" OR ""fast frequency response"" OR ""ancillary service"" OR reserve)",https://api.openalex.org/works?search=%28%22smart+building%22+OR+%22active+building%22+OR+%22grid-interactive+building%22+OR+%22grid-interactive+efficient+building%22+OR+%22building+energy+management+system%22+OR+BEMS+OR+%22HVAC+flexibility%22+OR+%22building+thermal+flexibility%22%29+AND+%28%22frequency+response%22+OR+%22frequency+regulation%22+OR+%22fast+frequency+response%22+OR+%22ancillary+service%22+OR+reserve%29&filter=from_publication_date%3A2015-01-01%2Cto_publication_date%3A2026-08-31&per-page=10&sort=relevance_score%3Adesc&select=id%2Cdoi%2Ctitle%2Cdisplay_name%2Cpublication_year%2Cpublication_date%2Ctype%2Cauthorships%2Cprimary_location%2Copen_access%2Clanguage%2Cabstract_inverted_index,2026-08-31T14:35:41Z,2015-01-01,2026-08-31,publication date 2015-01-01 through 2026-08-31,relevance descending,page 1,10,23953,10,yes,200,0,data/raw_metadata/openalex/QSA_BLDG_frequency_response_regulation.json,3da422fb16b0165fd838a22785add2fb0e0438340241f1b44f972bd84821cf96,0.1.0,Bounded reproducible metadata discovery for this evidence-map run; all enabled query families are executed and truncation is disclosed.
RUN_20260831_EVIDENCE_MAP_01,QSA_BLDG_local_energy_sharing_distribution_support,single_asset_service,openalex,"(""smart building"" OR ""active building"" OR ""grid-interactive building"" OR ""grid-interactive efficient building"" OR ""building energy management system"" OR BEMS OR ""HVAC flexibility"" OR ""building thermal flexibility"") AND (""local energy sharing"" OR ""distribution grid"" OR ""voltage support"" OR ""congestion management"" OR microgrid OR ""virtual power plant"" OR VPP)",https://api.openalex.org/works?search=%28%22smart+building%22+OR+%22active+building%22+OR+%22grid-interactive+building%22+OR+%22grid-interactive+efficient+building%22+OR+%22building+energy+management+system%22+OR+BEMS+OR+%22HVAC+flexibility%22+OR+%22building+thermal+flexibility%22%29+AND+%28%22local+energy+sharing%22+OR+%22distribution+grid%22+OR+%22voltage+support%22+OR+%22congestion+management%22+OR+microgrid+OR+%22virtual+power+plant%22+OR+VPP%29&filter=from_publication_date%3A2015-01-01%2Cto_publication_date%3A2026-08-31&per-page=10&sort=relevance_score%3Adesc&select=id%2Cdoi%2Ctitle%2Cdisplay_name%2Cpublication_year%2Cpublication_date%2Ctype%2Cauthorships%2Cprimary_location%2Copen_access%2Clanguage%2Cabstract_inverted_index,2026-08-31T14:35:43Z,2015-01-01,2026-08-31,publication date 2015-01-01 through 2026-08-31,relevance descending,page 1,10,11531,10,yes,200,0,data/raw_metadata/openalex/QSA_BLDG_local_energy_sharing_distribution_support.json,76b3dbf6de1e1ff2d5c0e36554a71dd2ce0831974eb0c3617367d7d19a66c662,0.1.0,Bounded reproducible metadata discovery for this evidence-map run; all enabled query families are executed and truncation is disclosed.
RUN_20260831_EVIDENCE_MAP_01,QSA_BLDG_renewable_energy_integration,single_asset_service,openalex,"(""smart building"" OR ""active building"" OR ""grid-interactive building"" OR ""grid-interactive efficient building"" OR ""building energy management system"" OR BEMS OR ""HVAC flexibility"" OR ""building thermal flexibility"") AND (""renewable integration"" OR ""renewable energy matching"" OR curtailment OR ""carbon-aware"" OR ""clean energy matching"")",https://api.openalex.org/works?search=%28%22smart+building%22+OR+%22active+building%22+OR+%22grid-interactive+building%22+OR+%22grid-interactive+efficient+building%22+OR+%22building+energy+management+system%22+OR+BEMS+OR+%22HVAC+flexibility%22+OR+%22building+thermal+flexibility%22%29+AND+%28%22renewable+integration%22+OR+%22renewable+energy+matching%22+OR+curtailment+OR+%22carbon-aware%22+OR+%22clean+energy+matching%22%29&filter=from_publication_date%3A2015-01-01%2Cto_publication_date%3A2026-08-31&per-page=10&sort=relevance_score%3Adesc&select=id%2Cdoi%2Ctitle%2Cdisplay_name%2Cpublication_year%2Cpublication_date%2Ctype%2Cauthorships%2Cprimary_location%2Copen_access%2Clanguage%2Cabstract_inverted_index,2026-08-31T14:35:44Z,2015-01-01,2026-08-31,publication date 2015-01-01 through 2026-08-31,relevance descending,page 1,10,4767,10,yes,200,0,data/raw_metadata/openalex/QSA_BLDG_renewable_energy_integration.json,8ae67ff138fa07fd00169440f7a9435dfae8838ce15922d67badd3e7b63e5740,0.1.0,Bounded reproducible metadata discovery for this evidence-map run; all enabled query families are executed and truncation is disclosed.
RUN_20260831_EVIDENCE_MAP_01,QSA_BLDG_resilience_emergency_operation,single_asset_service,openalex,"(""smart building"" OR ""active building"" OR ""grid-interactive building"" OR ""grid-interactive efficient building"" OR ""building energy management system"" OR BEMS OR ""HVAC flexibility"" OR ""building thermal flexibility"") AND (resilience OR ""emergency operation"" OR ""backup power"" OR outage OR ""critical load"" OR islanding)",https://api.openalex.org/works?search=%28%22smart+building%22+OR+%22active+building%22+OR+%22grid-interactive+building%22+OR+%22grid-interactive+efficient+building%22+OR+%22building+energy+management+system%22+OR+BEMS+OR+%22HVAC+flexibility%22+OR+%22building+thermal+flexibility%22%29+AND+%28resilience+OR+%22emergency+operation%22+OR+%22backup+power%22+OR+outage+OR+%22critical+load%22+OR+islanding%29&filter=from_publication_date%3A2015-01-01%2Cto_publication_date%3A2026-08-31&per-page=10&sort=relevance_score%3Adesc&select=id%2Cdoi%2Ctitle%2Cdisplay_name%2Cpublication_year%2Cpublication_date%2Ctype%2Cauthorships%2Cprimary_location%2Copen_access%2Clanguage%2Cabstract_inverted_index,2026-08-31T14:35:46Z,2015-01-01,2026-08-31,publication date 2015-01-01 through 2026-08-31,relevance descending,page 1,10,60908,10,yes,200,0,data/raw_metadata/openalex/QSA_BLDG_resilience_emergency_operation.json,4c6d3a6634c908f538da75321e811e759054cf7b710b4e1b0bd60e9e4becb161,0.1.0,Bounded reproducible metadata discovery for this evidence-map run; all enabled query families are executed and truncation is disclosed.
RUN_20260831_EVIDENCE_MAP_01,QSA_BS_demand_response_peak_management,single_asset_service,openalex,"(""base station"" OR ""radio access network"" OR RAN OR ""telecom tower"" OR ""cellular network"" OR 5G OR ""5G-Advanced"" OR B5G OR ""IMT-2030"" OR 6G) AND (""demand response"" OR ""peak management"" OR ""peak shaving"" OR ""load shifting"" OR flexibility)",https://api.openalex.org/works?search=%28%22base+station%22+OR+%22radio+access+network%22+OR+RAN+OR+%22telecom+tower%22+OR+%22cellular+network%22+OR+5G+OR+%225G-Advanced%22+OR+B5G+OR+%22IMT-2030%22+OR+6G%29+AND+%28%22demand+response%22+OR+%22peak+management%22+OR+%22peak+shaving%22+OR+%22load+shifting%22+OR+flexibility%29&filter=from_publication_date%3A2015-01-01%2Cto_publication_date%3A2026-08-31&per-page=10&sort=relevance_score%3Adesc&select=id%2Cdoi%2Ctitle%2Cdisplay_name%2Cpublication_year%2Cpublication_date%2Ctype%2Cauthorships%2Cprimary_location%2Copen_access%2Clanguage%2Cabstract_inverted_index,2026-08-31T14:35:48Z,2015-01-01,2026-08-31,publication date 2015-01-01 through 2026-08-31,relevance descending,page 1,10,526381,10,yes,200,0,data/raw_metadata/openalex/QSA_BS_demand_response_peak_management.json,3f1fc38a88ca15ee8bd6e141828fe7fbfa55f1860d4ba11333a7a13d93675641,0.1.0,Bounded reproducible metadata discovery for this evidence-map run; all enabled query families are executed and truncation is disclosed.
RUN_20260831_EVIDENCE_MAP_01,QSA_BS_frequency_response_regulation,single_asset_service,openalex,"(""base station"" OR ""radio access network"" OR RAN OR ""telecom tower"" OR ""cellular network"" OR 5G OR ""5G-Advanced"" OR B5G OR ""IMT-2030"" OR 6G) AND (""frequency response"" OR ""frequency regulation"" OR ""fast frequency response"" OR ""ancillary service"" OR reserve)",https://api.openalex.org/works?search=%28%22base+station%22+OR+%22radio+access+network%22+OR+RAN+OR+%22telecom+tower%22+OR+%22cellular+network%22+OR+5G+OR+%225G-Advanced%22+OR+B5G+OR+%22IMT-2030%22+OR+6G%29+AND+%28%22frequency+response%22+OR+%22frequency+regulation%22+OR+%22fast+frequency+response%22+OR+%22ancillary+service%22+OR+reserve%29&filter=from_publication_date%3A2015-01-01%2Cto_publication_date%3A2026-08-31&per-page=10&sort=relevance_score%3Adesc&select=id%2Cdoi%2Ctitle%2Cdisplay_name%2Cpublication_year%2Cpublication_date%2Ctype%2Cauthorships%2Cprimary_location%2Copen_access%2Clanguage%2Cabstract_inverted_index,2026-08-31T14:35:50Z,2015-01-01,2026-08-31,publication date 2015-01-01 through 2026-08-31,relevance descending,page 1,10,144441,10,yes,200,0,data/raw_metadata/openalex/QSA_BS_frequency_response_regulation.json,089962d786de9375b651b4868f0d09799975e995b232876c40e121107f783ece,0.1.0,Bounded reproducible metadata discovery for this evidence-map run; all enabled query families are executed and truncation is disclosed.
RUN_20260831_EVIDENCE_MAP_01,QSA_BS_local_energy_sharing_distribution_support,single_asset_service,openalex,"(""base station"" OR ""radio access network"" OR RAN OR ""telecom tower"" OR ""cellular network"" OR 5G OR ""5G-Advanced"" OR B5G OR ""IMT-2030"" OR 6G) AND (""local energy sharing"" OR ""distribution grid"" OR ""voltage support"" OR ""congestion management"" OR microgrid OR ""virtual power plant"" OR VPP)",https://api.openalex.org/works?search=%28%22base+station%22+OR+%22radio+access+network%22+OR+RAN+OR+%22telecom+tower%22+OR+%22cellular+network%22+OR+5G+OR+%225G-Advanced%22+OR+B5G+OR+%22IMT-2030%22+OR+6G%29+AND+%28%22local+energy+sharing%22+OR+%22distribution+grid%22+OR+%22voltage+support%22+OR+%22congestion+management%22+OR+microgrid+OR+%22virtual+power+plant%22+OR+VPP%29&filter=from_publication_date%3A2015-01-01%2Cto_publication_date%3A2026-08-31&per-page=10&sort=relevance_score%3Adesc&select=id%2Cdoi%2Ctitle%2Cdisplay_name%2Cpublication_year%2Cpublication_date%2Ctype%2Cauthorships%2Cprimary_location%2Copen_access%2Clanguage%2Cabstract_inverted_index,2026-08-31T14:35:52Z,2015-01-01,2026-08-31,publication date 2015-01-01 through 2026-08-31,relevance descending,page 1,10,18533,10,yes,200,0,data/raw_metadata/openalex/QSA_BS_local_energy_sharing_distribution_support.json,4bdc8af66d30de0ae9a050e1fe541388fb6de7cc23aba6228db055a5adf16142,0.1.0,Bounded reproducible metadata discovery for this evidence-map run; all enabled query families are executed and truncation is disclosed.
RUN_20260831_EVIDENCE_MAP_01,QSA_BS_renewable_energy_integration,single_asset_service,openalex,"(""base station"" OR ""radio access network"" OR RAN OR ""telecom tower"" OR ""cellular network"" OR 5G OR ""5G-Advanced"" OR B5G OR ""IMT-2030"" OR 6G) AND (""renewable integration"" OR ""renewable energy matching"" OR curtailment OR ""carbon-aware"" OR ""clean energy matching"")",https://api.openalex.org/works?search=%28%22base+station%22+OR+%22radio+access+network%22+OR+RAN+OR+%22telecom+tower%22+OR+%22cellular+network%22+OR+5G+OR+%225G-Advanced%22+OR+B5G+OR+%22IMT-2030%22+OR+6G%29+AND+%28%22renewable+integration%22+OR+%22renewable+energy+matching%22+OR+curtailment+OR+%22carbon-aware%22+OR+%22clean+energy+matching%22%29&filter=from_publication_date%3A2015-01-01%2Cto_publication_date%3A2026-08-31&per-page=10&sort=relevance_score%3Adesc&select=id%2Cdoi%2Ctitle%2Cdisplay_name%2Cpublication_year%2Cpublication_date%2Ctype%2Cauthorships%2Cprimary_location%2Copen_access%2Clanguage%2Cabstract_inverted_index,2026-08-31T14:35:53Z,2015-01-01,2026-08-31,publication date 2015-01-01 through 2026-08-31,relevance descending,page 1,10,33955,10,yes,200,0,data/raw_metadata/openalex/QSA_BS_renewable_energy_integration.json,c6f42558b933e9df2f6d51bde78bcc391c3a9bcb9f31845f01bbd1d8c854271c,0.1.0,Bounded reproducible metadata discovery for this evidence-map run; all enabled query families are executed and truncation is disclosed.
RUN_20260831_EVIDENCE_MAP_01,QSA_BS_resilience_emergency_operation,single_asset_service,openalex,"(""base station"" OR ""radio access network"" OR RAN OR ""telecom tower"" OR ""cellular network"" OR 5G OR ""5G-Advanced"" OR B5G OR ""IMT-2030"" OR 6G) AND (resilience OR ""emergency operation"" OR ""backup power"" OR outage OR ""critical load"" OR islanding)",https://api.openalex.org/works?search=%28%22base+station%22+OR+%22radio+access+network%22+OR+RAN+OR+%22telecom+tower%22+OR+%22cellular+network%22+OR+5G+OR+%225G-Advanced%22+OR+B5G+OR+%22IMT-2030%22+OR+6G%29+AND+%28resilience+OR+%22emergency+operation%22+OR+%22backup+power%22+OR+outage+OR+%22critical+load%22+OR+islanding%29&filter=from_publication_date%3A2015-01-01%2Cto_publication_date%3A2026-08-31&per-page=10&sort=relevance_score%3Adesc&select=id%2Cdoi%2Ctitle%2Cdisplay_name%2Cpublication_year%2Cpublication_date%2Ctype%2Cauthorships%2Cprimary_location%2Copen_access%2Clanguage%2Cabstract_inverted_index,2026-08-31T14:35:55Z,2015-01-01,2026-08-31,publication date 2015-01-01 through 2026-08-31,relevance descending,page 1,10,354932,10,yes,200,0,data/raw_metadata/openalex/QSA_BS_resilience_emergency_operation.json,617efb8021d05bfc02cb48e1cf8db158928cfadab563083ea88644e4e15da698,0.1.0,Bounded reproducible metadata discovery for this evidence-map run; all enabled query families are executed and truncation is disclosed.
RUN_20260831_EVIDENCE_MAP_01,QSA_DC_demand_response_peak_management,single_asset_service,openalex,"(""data centre"" OR ""data center"" OR ""AI data centre"" OR ""AI data center"" OR ""cloud computing facility"" OR ""high performance computing"" OR ""edge data centre"" OR ""edge data center"") AND (""demand response"" OR ""peak management"" OR ""peak shaving"" OR ""load shifting"" OR flexibility)",https://api.openalex.org/works?search=%28%22data+centre%22+OR+%22data+center%22+OR+%22AI+data+centre%22+OR+%22AI+data+center%22+OR+%22cloud+computing+facility%22+OR+%22high+performance+computing%22+OR+%22edge+data+centre%22+OR+%22edge+data+center%22%29+AND+%28%22demand+response%22+OR+%22peak+management%22+OR+%22peak+shaving%22+OR+%22load+shifting%22+OR+flexibility%29&filter=from_publication_date%3A2015-01-01%2Cto_publication_date%3A2026-08-31&per-page=10&sort=relevance_score%3Adesc&select=id%2Cdoi%2Ctitle%2Cdisplay_name%2Cpublication_year%2Cpublication_date%2Ctype%2Cauthorships%2Cprimary_location%2Copen_access%2Clanguage%2Cabstract_inverted_index,2026-08-31T14:35:57Z,2015-01-01,2026-08-31,publication date 2015-01-01 through 2026-08-31,relevance descending,page 1,10,183693,10,yes,200,0,data/raw_metadata/openalex/QSA_DC_demand_response_peak_management.json,0265086d99e9065b28a625e305ed0bdf76930a9335ac553dae8cccaf395af7c0,0.1.0,Bounded reproducible metadata discovery for this evidence-map run; all enabled query families are executed and truncation is disclosed.
RUN_20260831_EVIDENCE_MAP_01,QSA_DC_frequency_response_regulation,single_asset_service,openalex,"(""data centre"" OR ""data center"" OR ""AI data centre"" OR ""AI data center"" OR ""cloud computing facility"" OR ""high performance computing"" OR ""edge data centre"" OR ""edge data center"") AND (""frequency response"" OR ""frequency regulation"" OR ""fast frequency response"" OR ""ancillary service"" OR reserve)",https://api.openalex.org/works?search=%28%22data+centre%22+OR+%22data+center%22+OR+%22AI+data+centre%22+OR+%22AI+data+center%22+OR+%22cloud+computing+facility%22+OR+%22high+performance+computing%22+OR+%22edge+data+centre%22+OR+%22edge+data+center%22%29+AND+%28%22frequency+response%22+OR+%22frequency+regulation%22+OR+%22fast+frequency+response%22+OR+%22ancillary+service%22+OR+reserve%29&filter=from_publication_date%3A2015-01-01%2Cto_publication_date%3A2026-08-31&per-page=10&sort=relevance_score%3Adesc&select=id%2Cdoi%2Ctitle%2Cdisplay_name%2Cpublication_year%2Cpublication_date%2Ctype%2Cauthorships%2Cprimary_location%2Copen_access%2Clanguage%2Cabstract_inverted_index,2026-08-31T14:36:00Z,2015-01-01,2026-08-31,publication date 2015-01-01 through 2026-08-31,relevance descending,page 1,10,39052,10,yes,200,0,data/raw_metadata/openalex/QSA_DC_frequency_response_regulation.json,a03be5833dd9cfbfdd14bf9bc7a0da98df2110104b03c26e838c0f5ca0f14ade,0.1.0,Bounded reproducible metadata discovery for this evidence-map run; all enabled query families are executed and truncation is disclosed.
RUN_20260831_EVIDENCE_MAP_01,QSA_DC_local_energy_sharing_distribution_support,single_asset_service,openalex,"(""data centre"" OR ""data center"" OR ""AI data centre"" OR ""AI data center"" OR ""cloud computing facility"" OR ""high performance computing"" OR ""edge data centre"" OR ""edge data center"") AND (""local energy sharing"" OR ""distribution grid"" OR ""voltage support"" OR ""congestion management"" OR microgrid OR ""virtual power plant"" OR VPP)",https://api.openalex.org/works?search=%28%22data+centre%22+OR+%22data+center%22+OR+%22AI+data+centre%22+OR+%22AI+data+center%22+OR+%22cloud+computing+facility%22+OR+%22high+performance+computing%22+OR+%22edge+data+centre%22+OR+%22edge+data+center%22%29+AND+%28%22local+energy+sharing%22+OR+%22distribution+grid%22+OR+%22voltage+support%22+OR+%22congestion+management%22+OR+microgrid+OR+%22virtual+power+plant%22+OR+VPP%29&filter=from_publication_date%3A2015-01-01%2Cto_publication_date%3A2026-08-31&per-page=10&sort=relevance_score%3Adesc&select=id%2Cdoi%2Ctitle%2Cdisplay_name%2Cpublication_year%2Cpublication_date%2Ctype%2Cauthorships%2Cprimary_location%2Copen_access%2Clanguage%2Cabstract_inverted_index,2026-08-31T14:36:02Z,2015-01-01,2026-08-31,publication date 2015-01-01 through 2026-08-31,relevance descending,page 1,10,12122,10,yes,200,0,data/raw_metadata/openalex/QSA_DC_local_energy_sharing_distribution_support.json,9c1384257370ae2be8d0ac0f8e34da7e60f5023cd77aa4bf48df933e64952d1b,0.1.0,Bounded reproducible metadata discovery for this evidence-map run; all enabled query families are executed and truncation is disclosed.
RUN_20260831_EVIDENCE_MAP_01,QSA_DC_renewable_energy_integration,single_asset_service,openalex,"(""data centre"" OR ""data center"" OR ""AI data centre"" OR ""AI data center"" OR ""cloud computing facility"" OR ""high performance computing"" OR ""edge data centre"" OR ""edge data center"") AND (""renewable integration"" OR ""renewable energy matching"" OR curtailment OR ""carbon-aware"" OR ""clean energy matching"")",https://api.openalex.org/works?search=%28%22data+centre%22+OR+%22data+center%22+OR+%22AI+data+centre%22+OR+%22AI+data+center%22+OR+%22cloud+computing+facility%22+OR+%22high+performance+computing%22+OR+%22edge+data+centre%22+OR+%22edge+data+center%22%29+AND+%28%22renewable+integration%22+OR+%22renewable+energy+matching%22+OR+curtailment+OR+%22carbon-aware%22+OR+%22clean+energy+matching%22%29&filter=from_publication_date%3A2015-01-01%2Cto_publication_date%3A2026-08-31&per-page=10&sort=relevance_score%3Adesc&select=id%2Cdoi%2Ctitle%2Cdisplay_name%2Cpublication_year%2Cpublication_date%2Ctype%2Cauthorships%2Cprimary_location%2Copen_access%2Clanguage%2Cabstract_inverted_index,2026-08-31T14:36:04Z,2015-01-01,2026-08-31,publication date 2015-01-01 through 2026-08-31,relevance descending,page 1,10,9896,10,yes,200,0,data/raw_metadata/openalex/QSA_DC_renewable_energy_integration.json,61cb415320d4d2ecd4aea39abb41c027b89b4882c7b6dc880ec8f3ef7c336950,0.1.0,Bounded reproducible metadata discovery for this evidence-map run; all enabled query families are executed and truncation is disclosed.
RUN_20260831_EVIDENCE_MAP_01,QSA_DC_resilience_emergency_operation,single_asset_service,openalex,"(""data centre"" OR ""data center"" OR ""AI data centre"" OR ""AI data center"" OR ""cloud computing facility"" OR ""high performance computing"" OR ""edge data centre"" OR ""edge data center"") AND (resilience OR ""emergency operation"" OR ""backup power"" OR outage OR ""critical load"" OR islanding)",https://api.openalex.org/works?search=%28%22data+centre%22+OR+%22data+center%22+OR+%22AI+data+centre%22+OR+%22AI+data+center%22+OR+%22cloud+computing+facility%22+OR+%22high+performance+computing%22+OR+%22edge+data+centre%22+OR+%22edge+data+center%22%29+AND+%28resilience+OR+%22emergency+operation%22+OR+%22backup+power%22+OR+outage+OR+%22critical+load%22+OR+islanding%29&filter=from_publication_date%3A2015-01-01%2Cto_publication_date%3A2026-08-31&per-page=10&sort=relevance_score%3Adesc&select=id%2Cdoi%2Ctitle%2Cdisplay_name%2Cpublication_year%2Cpublication_date%2Ctype%2Cauthorships%2Cprimary_location%2Copen_access%2Clanguage%2Cabstract_inverted_index,2026-08-31T14:36:06Z,2015-01-01,2026-08-31,publication date 2015-01-01 through 2026-08-31,relevance descending,page 1,10,110627,10,yes,200,0,data/raw_metadata/openalex/QSA_DC_resilience_emergency_operation.json,4fb21556ecdb99ea154e8631ceb51f3c35e348fd2118deaa2e665738f334e784,0.1.0,Bounded reproducible metadata discovery for this evidence-map run; all enabled query families are executed and truncation is disclosed.
RUN_20260831_EVIDENCE_MAP_01,QSA_EV_demand_response_peak_management,single_asset_service,openalex,"(""electric vehicle"" OR ""EV fleet"" OR ""smart charging"" OR V1G OR ""vehicle-to-grid"" OR V2G OR ""vehicle-to-building"" OR V2B OR ""vehicle-to-home"" OR V2H) AND (""demand response"" OR ""peak management"" OR ""peak shaving"" OR ""load shifting"" OR flexibility)",https://api.openalex.org/works?search=%28%22electric+vehicle%22+OR+%22EV+fleet%22+OR+%22smart+charging%22+OR+V1G+OR+%22vehicle-to-grid%22+OR+V2G+OR+%22vehicle-to-building%22+OR+V2B+OR+%22vehicle-to-home%22+OR+V2H%29+AND+%28%22demand+response%22+OR+%22peak+management%22+OR+%22peak+shaving%22+OR+%22load+shifting%22+OR+flexibility%29&filter=from_publication_date%3A2015-01-01%2Cto_publication_date%3A2026-08-31&per-page=10&sort=relevance_score%3Adesc&select=id%2Cdoi%2Ctitle%2Cdisplay_name%2Cpublication_year%2Cpublication_date%2Ctype%2Cauthorships%2Cprimary_location%2Copen_access%2Clanguage%2Cabstract_inverted_index,2026-08-31T14:36:08Z,2015-01-01,2026-08-31,publication date 2015-01-01 through 2026-08-31,relevance descending,page 1,10,126554,10,yes,200,0,data/raw_metadata/openalex/QSA_EV_demand_response_peak_management.json,856265856c39d07c6e0de3770ac92cd1028a2806b6ac3ca490e1dc89ea85132a,0.1.0,Bounded reproducible metadata discovery for this evidence-map run; all enabled query families are executed and truncation is disclosed.
RUN_20260831_EVIDENCE_MAP_01,QSA_EV_frequency_response_regulation,single_asset_service,openalex,"(""electric vehicle"" OR ""EV fleet"" OR ""smart charging"" OR V1G OR ""vehicle-to-grid"" OR V2G OR ""vehicle-to-building"" OR V2B OR ""vehicle-to-home"" OR V2H) AND (""frequency response"" OR ""frequency regulation"" OR ""fast frequency response"" OR ""ancillary service"" OR reserve)",https://api.openalex.org/works?search=%28%22electric+vehicle%22+OR+%22EV+fleet%22+OR+%22smart+charging%22+OR+V1G+OR+%22vehicle-to-grid%22+OR+V2G+OR+%22vehicle-to-building%22+OR+V2B+OR+%22vehicle-to-home%22+OR+V2H%29+AND+%28%22frequency+response%22+OR+%22frequency+regulation%22+OR+%22fast+frequency+response%22+OR+%22ancillary+service%22+OR+reserve%29&filter=from_publication_date%3A2015-01-01%2Cto_publication_date%3A2026-08-31&per-page=10&sort=relevance_score%3Adesc&select=id%2Cdoi%2Ctitle%2Cdisplay_name%2Cpublication_year%2Cpublication_date%2Ctype%2Cauthorships%2Cprimary_location%2Copen_access%2Clanguage%2Cabstract_inverted_index,2026-08-31T14:36:10Z,2015-01-01,2026-08-31,publication date 2015-01-01 through 2026-08-31,relevance descending,page 1,10,49350,10,yes,200,0,data/raw_metadata/openalex/QSA_EV_frequency_response_regulation.json,d24ae10196b1f7e030d4c1da2d2e7049c946a06f0a4213bd1cdeaab14fa47307,0.1.0,Bounded reproducible metadata discovery for this evidence-map run; all enabled query families are executed and truncation is disclosed.
RUN_20260831_EVIDENCE_MAP_01,QSA_EV_local_energy_sharing_distribution_support,single_asset_service,openalex,"(""electric vehicle"" OR ""EV fleet"" OR ""smart charging"" OR V1G OR ""vehicle-to-grid"" OR V2G OR ""vehicle-to-building"" OR V2B OR ""vehicle-to-home"" OR V2H) AND (""local energy sharing"" OR ""distribution grid"" OR ""voltage support"" OR ""congestion management"" OR microgrid OR ""virtual power plant"" OR VPP)",https://api.openalex.org/works?search=%28%22electric+vehicle%22+OR+%22EV+fleet%22+OR+%22smart+charging%22+OR+V1G+OR+%22vehicle-to-grid%22+OR+V2G+OR+%22vehicle-to-building%22+OR+V2B+OR+%22vehicle-to-home%22+OR+V2H%29+AND+%28%22local+energy+sharing%22+OR+%22distribution+grid%22+OR+%22voltage+support%22+OR+%22congestion+management%22+OR+microgrid+OR+%22virtual+power+plant%22+OR+VPP%29&filter=from_publication_date%3A2015-01-01%2Cto_publication_date%3A2026-08-31&per-page=10&sort=relevance_score%3Adesc&select=id%2Cdoi%2Ctitle%2Cdisplay_name%2Cpublication_year%2Cpublication_date%2Ctype%2Cauthorships%2Cprimary_location%2Copen_access%2Clanguage%2Cabstract_inverted_index,2026-08-31T14:36:13Z,2015-01-01,2026-08-31,publication date 2015-01-01 through 2026-08-31,relevance descending,page 1,10,53128,10,yes,200,0,data/raw_metadata/openalex/QSA_EV_local_energy_sharing_distribution_support.json,56e78a49616b74d9c9eaa1c398f54aebb85d49ad3d0a47048f0a39e2fa822a39,0.1.0,Bounded reproducible metadata discovery for this evidence-map run; all enabled query families are executed and truncation is disclosed.
RUN_20260831_EVIDENCE_MAP_01,QSA_EV_renewable_energy_integration,single_asset_service,openalex,"(""electric vehicle"" OR ""EV fleet"" OR ""smart charging"" OR V1G OR ""vehicle-to-grid"" OR V2G OR ""vehicle-to-building"" OR V2B OR ""vehicle-to-home"" OR V2H) AND (""renewable integration"" OR ""renewable energy matching"" OR curtailment OR ""carbon-aware"" OR ""clean energy matching"")",https://api.openalex.org/works?search=%28%22electric+vehicle%22+OR+%22EV+fleet%22+OR+%22smart+charging%22+OR+V1G+OR+%22vehicle-to-grid%22+OR+V2G+OR+%22vehicle-to-building%22+OR+V2B+OR+%22vehicle-to-home%22+OR+V2H%29+AND+%28%22renewable+integration%22+OR+%22renewable+energy+matching%22+OR+curtailment+OR+%22carbon-aware%22+OR+%22clean+energy+matching%22%29&filter=from_publication_date%3A2015-01-01%2Cto_publication_date%3A2026-08-31&per-page=10&sort=relevance_score%3Adesc&select=id%2Cdoi%2Ctitle%2Cdisplay_name%2Cpublication_year%2Cpublication_date%2Ctype%2Cauthorships%2Cprimary_location%2Copen_access%2Clanguage%2Cabstract_inverted_index,2026-08-31T14:36:14Z,2015-01-01,2026-08-31,publication date 2015-01-01 through 2026-08-31,relevance descending,page 1,10,19467,10,yes,200,0,data/raw_metadata/openalex/QSA_EV_renewable_energy_integration.json,517cde023dce138a9d433fb4929319bc2e557787161aa84b88901b3339193049,0.1.0,Bounded reproducible metadata discovery for this evidence-map run; all enabled query families are executed and truncation is disclosed.
RUN_20260831_EVIDENCE_MAP_01,QSA_EV_resilience_emergency_operation,single_asset_service,openalex,"(""electric vehicle"" OR ""EV fleet"" OR ""smart charging"" OR V1G OR ""vehicle-to-grid"" OR V2G OR ""vehicle-to-building"" OR V2B OR ""vehicle-to-home"" OR V2H) AND (resilience OR ""emergency operation"" OR ""backup power"" OR outage OR ""critical load"" OR islanding)",https://api.openalex.org/works?search=%28%22electric+vehicle%22+OR+%22EV+fleet%22+OR+%22smart+charging%22+OR+V1G+OR+%22vehicle-to-grid%22+OR+V2G+OR+%22vehicle-to-building%22+OR+V2B+OR+%22vehicle-to-home%22+OR+V2H%29+AND+%28resilience+OR+%22emergency+operation%22+OR+%22backup+power%22+OR+outage+OR+%22critical+load%22+OR+islanding%29&filter=from_publication_date%3A2015-01-01%2Cto_publication_date%3A2026-08-31&per-page=10&sort=relevance_score%3Adesc&select=id%2Cdoi%2Ctitle%2Cdisplay_name%2Cpublication_year%2Cpublication_date%2Ctype%2Cauthorships%2Cprimary_location%2Copen_access%2Clanguage%2Cabstract_inverted_index,2026-08-31T14:36:16Z,2015-01-01,2026-08-31,publication date 2015-01-01 through 2026-08-31,relevance descending,page 1,10,73328,10,yes,200,0,data/raw_metadata/openalex/QSA_EV_resilience_emergency_operation.json,97eb9d9bd66eb42983f615a4955a64ce33a6556e55d7d6bc857648fbcafa0257,0.1.0,Bounded reproducible metadata discovery for this evidence-map run; all enabled query families are executed and truncation is disclosed.
RUN_20260831_EVIDENCE_MAP_01,QMANUAL_IMPORTS,manual_imports,manual_imports,Scan data/manual_imports for RIS/BibTeX/CSV exports,not_applicable,2026-08-31T14:36:16Z,2015-01-01,2026-08-31,ris|bib|bibtex|csv,filename ascending,not_applicable,0,0,not_applicable,no,not_applicable,0,not_applicable,not_applicable,0.1.0,No credentialed database export was supplied.
